time,energy_shortfall_3h
2022-01-01 00:00:00,2073.5508751844495
2022-01-01 03:00:00,4564.590460238509
2022-01-01 06:00:00,4917.1358827054355
2022-01-01 09:00:00,5048.11913497009
2022-01-01 12:00:00,6809.396751343671
2022-01-01 15:00:00,5091.978430187346
2022-01-01 18:00:00,3662.115694585539
2022-01-01 21:00:00,2255.9544841760526
2022-01-02 00:00:00,4911.316311432517
2022-01-02 03:00:00,2979.9944572164513
2022-01-02 06:00:00,375.0291559003981
2022-01-02 09:00:00,4538.424972885393
2022-01-02 12:00:00,4436.468609835382
2022-01-02 15:00:00,5660.69360924511
2022-01-02 18:00:00,4654.205657332546
2022-01-02 21:00:00,1996.026862040162
2022-01-03 00:00:00,2564.6027547496637
2022-01-03 03:00:00,4348.155917778374
2022-01-03 06:00:00,3388.7781393899163
2022-01-03 09:00:00,5243.72171722057
2022-01-03 12:00:00,4604.896717323018
2022-01-03 15:00:00,4632.092850906731
2022-01-03 18:00:00,6082.495363640999
2022-01-03 21:00:00,3551.2634070865547
2022-01-04 00:00:00,5726.090653832716
2022-01-04 03:00:00,-1316.0622899730752
2022-01-04 06:00:00,4033.8030281945885
2022-01-04 09:00:00,5452.12538065816
2022-01-04 12:00:00,6275.786344419339
2022-01-04 15:00:00,5397.6062743041975
2022-01-04 18:00:00,4143.572282777641
2022-01-04 21:00:00,5742.586068122449
2022-01-05 00:00:00,2290.746669313025
2022-01-05 03:00:00,3777.663862244951
2022-01-05 06:00:00,3120.699366876459
2022-01-05 09:00:00,2739.497279456275
2022-01-05 12:00:00,6070.726646439628
2022-01-05 15:00:00,3561.46163045698
2022-01-05 18:00:00,3516.1224566278697
2022-01-05 21:00:00,6803.620575975615
2022-01-06 00:00:00,3381.549579237321
2022-01-06 03:00:00,144.37693787404987
2022-01-06 06:00:00,5325.875056708557
2022-01-06 09:00:00,3904.308881973615
2022-01-06 12:00:00,5732.7893773640535
2022-01-06 15:00:00,3834.795966059587
2022-01-06 18:00:00,3730.165157197351
2022-01-06 21:00:00,4204.498617053744
2022-01-07 00:00:00,818.7618094759641
2022-01-07 03:00:00,3878.087509958185
2022-01-07 06:00:00,4306.593017964957
2022-01-07 09:00:00,1814.3974557752722
2022-01-07 12:00:00,4571.255617833429
2022-01-07 15:00:00,4245.4326805686605
2022-01-07 18:00:00,1389.880820178883
2022-01-07 21:00:00,5259.720808678636
2022-01-08 00:00:00,5289.118290776026
2022-01-08 03:00:00,3958.435936674802
2022-01-08 06:00:00,5307.846562971881
2022-01-08 09:00:00,5358.508621736244
2022-01-08 12:00:00,5852.884339104531
2022-01-08 15:00:00,5618.445557790986
2022-01-08 18:00:00,4417.653084526578
2022-01-08 21:00:00,5064.136598286166
2022-01-09 00:00:00,4754.765594444184
2022-01-09 03:00:00,3047.0101957955776
2022-01-09 06:00:00,3226.507559783314
2022-01-09 09:00:00,3315.567900324039
2022-01-09 12:00:00,3202.7237898447884
2022-01-09 15:00:00,6000.642236733929
2022-01-09 18:00:00,5523.95348327067
2022-01-09 21:00:00,4186.096421278326
2022-01-10 00:00:00,5563.09518704378
2022-01-10 03:00:00,4629.409050175383
2022-01-10 06:00:00,2826.8405390067637
2022-01-10 09:00:00,6258.677178962405
2022-01-10 12:00:00,5354.760788733962
2022-01-10 15:00:00,5902.483702095365
2022-01-10 18:00:00,891.5548177932187
2022-01-10 21:00:00,6255.104691322067
2022-01-11 00:00:00,4246.896137115737
2022-01-11 03:00:00,4834.7653232614
2022-01-11 06:00:00,4709.78344558214
2022-01-11 09:00:00,4253.8327253899815
2022-01-11 12:00:00,7230.507122121973
2022-01-11 15:00:00,5205.065261285922
2022-01-11 18:00:00,6876.594764374614
2022-01-11 21:00:00,3295.9828837726127
2022-01-12 00:00:00,2802.256533244068
2022-01-12 03:00:00,4215.0688448308465
2022-01-12 06:00:00,4687.762897330298
2022-01-12 09:00:00,5855.663123150059
2022-01-12 12:00:00,5454.370041300148
2022-01-12 15:00:00,6483.381807199358
2022-01-12 18:00:00,4075.2403958387686
2022-01-12 21:00:00,5649.5919847566165
2022-01-13 00:00:00,5619.471519211705
2022-01-13 03:00:00,5233.423552255001
2022-01-13 06:00:00,2420.805361822132
2022-01-13 09:00:00,5530.80909552155
2022-01-13 12:00:00,5676.81448199113
2022-01-13 15:00:00,5818.859217920941
2022-01-13 18:00:00,6638.302040052191
2022-01-13 21:00:00,4916.440849507236
2022-01-14 00:00:00,5746.917193109518
2022-01-14 03:00:00,-1237.89902194367
2022-01-14 06:00:00,3315.066281833815
2022-01-14 09:00:00,5181.059561677403
2022-01-14 12:00:00,4661.513023538816
2022-01-14 15:00:00,6806.034027461111
2022-01-14 18:00:00,7193.975278316173
2022-01-14 21:00:00,5606.299837101534
2022-01-15 00:00:00,5583.8368928184755
2022-01-15 03:00:00,3165.936724629787
2022-01-15 06:00:00,1332.2577540454772
2022-01-15 09:00:00,3141.326245731286
2022-01-15 12:00:00,2392.2159431694213
2022-01-15 15:00:00,6029.460486541815
2022-01-15 18:00:00,6454.443748527409
2022-01-15 21:00:00,5075.630937533854
2022-01-16 00:00:00,4820.014501006577
2022-01-16 03:00:00,6336.91648543373
2022-01-16 06:00:00,5801.135633620119
2022-01-16 09:00:00,4343.741017771593
2022-01-16 12:00:00,4464.692338021581
2022-01-16 15:00:00,5411.46724765756
2022-01-16 18:00:00,6493.294281454841
2022-01-16 21:00:00,7489.241815001926
2022-01-17 00:00:00,5820.748336208548
2022-01-17 03:00:00,978.890413112445
2022-01-17 06:00:00,6170.980272672919
2022-01-17 09:00:00,5654.803747318829
2022-01-17 12:00:00,3886.450288922229
2022-01-17 15:00:00,6484.089508550557
2022-01-17 18:00:00,3340.167332050139
2022-01-17 21:00:00,3977.203508333247
2022-01-18 00:00:00,4936.408364461402
2022-01-18 03:00:00,1456.2982143117265
2022-01-18 06:00:00,3359.5340684739595
2022-01-18 09:00:00,4491.706269419673
2022-01-18 12:00:00,3971.4609480394297
2022-01-18 15:00:00,3926.049149323658
2022-01-18 18:00:00,7162.6504771515965
2022-01-18 21:00:00,3990.6287973152967
2022-01-19 00:00:00,3976.2738379269476
2022-01-19 03:00:00,4735.1178099834315
2022-01-19 06:00:00,4369.704946649328
2022-01-19 09:00:00,3630.9533615063156
2022-01-19 12:00:00,4947.582973564517
2022-01-19 15:00:00,6364.773376826834
2022-01-19 18:00:00,4209.578184011535
2022-01-19 21:00:00,6417.107744725939
2022-01-20 00:00:00,3092.811092868198
2022-01-20 03:00:00,3016.4970017749984
2022-01-20 06:00:00,3256.923088528901
2022-01-20 09:00:00,3716.1235580443526
2022-01-20 12:00:00,4612.0098685267585
2022-01-20 15:00:00,5517.151155298418
2022-01-20 18:00:00,3853.969643326425
2022-01-20 21:00:00,4177.709662082
2022-01-21 00:00:00,2051.193497471618
2022-01-21 03:00:00,5151.758672392517
2022-01-21 06:00:00,5459.316429394442
2022-01-21 09:00:00,6159.460211001118
2022-01-21 12:00:00,6770.996039791904
2022-01-21 15:00:00,5692.995351685903
2022-01-21 18:00:00,5530.34982029177
2022-01-21 21:00:00,3417.864117163377
2022-01-22 00:00:00,2391.363096519567
2022-01-22 03:00:00,3688.671353373269
2022-01-22 06:00:00,6407.3675720073625
2022-01-22 09:00:00,4770.279945595854
2022-01-22 12:00:00,5519.764599151146
2022-01-22 15:00:00,5552.903594168432
2022-01-22 18:00:00,5990.39381678914
2022-01-22 21:00:00,1823.4298047672078
2022-01-23 00:00:00,2370.5952496612335
2022-01-23 03:00:00,4409.719574771889
2022-01-23 06:00:00,4409.023992260651
2022-01-23 09:00:00,4352.309981437619
2022-01-23 12:00:00,3937.0089461393213
2022-01-23 15:00:00,4483.860127214088
2022-01-23 18:00:00,5908.521990364688
2022-01-23 21:00:00,5644.533301229667
2022-01-24 00:00:00,6130.233415035352
2022-01-24 03:00:00,4519.002103934672
2022-01-24 06:00:00,3280.756479372247
2022-01-24 09:00:00,4618.426109681693
2022-01-24 12:00:00,7545.426390720323
2022-01-24 15:00:00,6491.120389179428
2022-01-24 18:00:00,5678.314465612772
2022-01-24 21:00:00,6205.808248864731
2022-01-25 00:00:00,2975.8492058985926
2022-01-25 03:00:00,4283.4873953231
2022-01-25 06:00:00,1995.2787100796909
2022-01-25 09:00:00,5226.718695874931
2022-01-25 12:00:00,5169.925369311479
2022-01-25 15:00:00,3357.2590722319023
2022-01-25 18:00:00,3535.108740975943
2022-01-25 21:00:00,3953.942960755894
2022-01-26 00:00:00,4733.548362366852
2022-01-26 03:00:00,5370.5618208389915
2022-01-26 06:00:00,2617.4684714607843
2022-01-26 09:00:00,4815.168100300644
2022-01-26 12:00:00,6217.452794724812
2022-01-26 15:00:00,4680.536281432922
2022-01-26 18:00:00,5450.876907531483
2022-01-26 21:00:00,6847.97855161929
2022-01-27 00:00:00,5789.64734780935
2022-01-27 03:00:00,2531.5129977656375
2022-01-27 06:00:00,4211.4619027584
2022-01-27 09:00:00,4998.037413979128
2022-01-27 12:00:00,4995.180690518112
2022-01-27 15:00:00,4637.23833927127
2022-01-27 18:00:00,4674.571165450995
2022-01-27 21:00:00,5841.9656569034505
2022-01-28 00:00:00,6883.299479894005
2022-01-28 03:00:00,4548.0828492736555
2022-01-28 06:00:00,5280.710229372094
2022-01-28 09:00:00,5392.815642844629
2022-01-28 12:00:00,5916.063403546675
2022-01-28 15:00:00,6929.85485240204
2022-01-28 18:00:00,6063.11836096548
2022-01-28 21:00:00,4032.5954224206653
2022-01-29 00:00:00,3266.023226375678
2022-01-29 03:00:00,4575.2193551174205
2022-01-29 06:00:00,1929.5598528752598
2022-01-29 09:00:00,4817.994419705428
2022-01-29 12:00:00,6802.453926368494
2022-01-29 15:00:00,5763.063117580954
2022-01-29 18:00:00,7291.1946544829825
2022-01-29 21:00:00,4495.799471542508
2022-01-30 00:00:00,4103.94526412291
2022-01-30 03:00:00,5137.2636313268085
2022-01-30 06:00:00,2995.872571524349
2022-01-30 09:00:00,6124.317989778299
2022-01-30 12:00:00,6139.706524411612
2022-01-30 15:00:00,3186.3554776785263
2022-01-30 18:00:00,3451.2742808707408
2022-01-30 21:00:00,2961.9639764063277
2022-01-31 00:00:00,7431.5739351819575
2022-01-31 03:00:00,4516.653863751388
2022-01-31 06:00:00,5305.258839929185
2022-01-31 09:00:00,5637.892351150103
2022-01-31 12:00:00,6832.68395240586
2022-01-31 15:00:00,4942.682510663577
2022-01-31 18:00:00,6505.14233204188
2022-01-31 21:00:00,5480.253206897149
2022-02-01 00:00:00,4913.997628316423
2022-02-01 03:00:00,-718.2938591882912
2022-02-01 06:00:00,2328.8687829474416
2022-02-01 09:00:00,3148.947462219525
2022-02-01 12:00:00,5136.7568944435825
2022-02-01 15:00:00,6396.319069714284
2022-02-01 18:00:00,6176.65952214171
2022-02-01 21:00:00,5896.38341250794
2022-02-02 00:00:00,3370.5213586758923
2022-02-02 03:00:00,4445.912830819621
2022-02-02 06:00:00,2213.679981856764
2022-02-02 09:00:00,7294.24621921598
2022-02-02 12:00:00,5295.630790483769
2022-02-02 15:00:00,4589.539473240736
2022-02-02 18:00:00,6877.033941661441
2022-02-02 21:00:00,4168.258184988187
2022-02-03 00:00:00,4721.192496989436
2022-02-03 03:00:00,3122.1531191686636
2022-02-03 06:00:00,1528.6192944029754
2022-02-03 09:00:00,4270.723141958671
2022-02-03 12:00:00,4497.011762991487
2022-02-03 15:00:00,6298.2391542748055
2022-02-03 18:00:00,6841.9161943557065
2022-02-03 21:00:00,5217.871061095769
2022-02-04 00:00:00,6122.095855845915
2022-02-04 03:00:00,3215.5175471314096
2022-02-04 06:00:00,2577.4160454972202
2022-02-04 09:00:00,3189.4204879472063
2022-02-04 12:00:00,6050.0660596521575
2022-02-04 15:00:00,6579.648743064283
2022-02-04 18:00:00,3179.27829745623
2022-02-04 21:00:00,1389.3297692879937
2022-02-05 00:00:00,4381.557738752236
2022-02-05 03:00:00,5743.459188796411
2022-02-05 06:00:00,6391.750237498652
2022-02-05 09:00:00,5673.504387497138
2022-02-05 12:00:00,4927.299909937306
2022-02-05 15:00:00,5040.013589006654
2022-02-05 18:00:00,5216.889557545138
2022-02-05 21:00:00,5951.258364984715
2022-02-06 00:00:00,5930.979607557871
2022-02-06 03:00:00,4661.8190358022175
2022-02-06 06:00:00,5574.833792832463
2022-02-06 09:00:00,4954.508743227329
2022-02-06 12:00:00,3417.059771905456
2022-02-06 15:00:00,6632.029856667405
2022-02-06 18:00:00,5573.767865986572
2022-02-06 21:00:00,4732.716960838883
2022-02-07 00:00:00,5512.065691528061
2022-02-07 03:00:00,2202.2353088315263
2022-02-07 06:00:00,5682.262557484166
2022-02-07 09:00:00,4101.894094842669
2022-02-07 12:00:00,4442.684283830756
2022-02-07 15:00:00,5229.915260304751
2022-02-07 18:00:00,6048.734897100528
2022-02-07 21:00:00,5561.698621529746
2022-02-08 00:00:00,6214.168944110451
2022-02-08 03:00:00,4023.580350942797
2022-02-08 06:00:00,6874.535355272597
2022-02-08 09:00:00,5369.830762574537
2022-02-08 12:00:00,4163.466826735087
2022-02-08 15:00:00,5936.762062062491
2022-02-08 18:00:00,6468.8858491879455
2022-02-08 21:00:00,4261.869965951572
2022-02-09 00:00:00,4973.990852374016
2022-02-09 03:00:00,6004.406951318479
2022-02-09 06:00:00,4805.713133952422
2022-02-09 09:00:00,4244.383094501067
2022-02-09 12:00:00,5394.689011811065
2022-02-09 15:00:00,6848.8920416655765
2022-02-09 18:00:00,4848.069053853271
2022-02-09 21:00:00,5954.719787194306
2022-02-10 00:00:00,4777.466914264093
2022-02-10 03:00:00,4957.490650452057
2022-02-10 06:00:00,6062.703978559388
2022-02-10 09:00:00,5388.590164286348
2022-02-10 12:00:00,6231.266109155276
2022-02-10 15:00:00,6740.992556127106
2022-02-10 18:00:00,5064.274160664318
2022-02-10 21:00:00,5219.534525616925
2022-02-11 00:00:00,4135.696685248236
2022-02-11 03:00:00,5481.907762748917
2022-02-11 06:00:00,4610.0269790098555
2022-02-11 09:00:00,4177.694568155572
2022-02-11 12:00:00,6136.755038929236
2022-02-11 15:00:00,7050.437464473693
2022-02-11 18:00:00,7170.607466231006
2022-02-11 21:00:00,5067.560297471588
2022-02-12 00:00:00,5691.875993866575
2022-02-12 03:00:00,3416.1375974919424
2022-02-12 06:00:00,5294.631786555665
2022-02-12 09:00:00,4678.606497180443
2022-02-12 12:00:00,5174.6835269005915
2022-02-12 15:00:00,7026.379655372431
2022-02-12 18:00:00,7524.380399884036
2022-02-12 21:00:00,6058.614530202805
2022-02-13 00:00:00,3967.079408141519
2022-02-13 03:00:00,3160.6411262055217
2022-02-13 06:00:00,5350.334431863429
2022-02-13 09:00:00,3196.1776233487317
2022-02-13 12:00:00,7940.906625932032
2022-02-13 15:00:00,5110.973789569505
2022-02-13 18:00:00,7027.796873434072
2022-02-13 21:00:00,1090.1645105407797
2022-02-14 00:00:00,3810.4481225929894
2022-02-14 03:00:00,5215.723128952409
2022-02-14 06:00:00,5950.752236740676
2022-02-14 09:00:00,5734.756988030516
2022-02-14 12:00:00,6253.467003874592
2022-02-14 15:00:00,5037.866183878753
2022-02-14 18:00:00,6072.578701997207
2022-02-14 21:00:00,6290.713782473495
2022-02-15 00:00:00,7319.50025017754
2022-02-15 03:00:00,3840.604993130093
2022-02-15 06:00:00,6259.388814353038
2022-02-15 09:00:00,6991.466856488159
2022-02-15 12:00:00,5271.081248345241
2022-02-15 15:00:00,4661.665752304762
2022-02-15 18:00:00,6380.435110230188
2022-02-15 21:00:00,7946.665312893787
2022-02-16 00:00:00,1370.7671545967196
2022-02-16 03:00:00,5191.596839802892
2022-02-16 06:00:00,3861.258029883101
2022-02-16 09:00:00,4086.1260564206686
2022-02-16 12:00:00,8260.282867833204
2022-02-16 15:00:00,5729.85765389316
2022-02-16 18:00:00,7921.980096816193
2022-02-16 21:00:00,6132.600458406898
2022-02-17 00:00:00,5036.542235767027
2022-02-17 03:00:00,4084.8139131753287
2022-02-17 06:00:00,6304.343731413142
2022-02-17 09:00:00,6345.595505237306
2022-02-17 12:00:00,6178.499336883226
2022-02-17 15:00:00,5640.732707820444
2022-02-17 18:00:00,6547.805522870218
2022-02-17 21:00:00,4626.2411973032695
2022-02-18 00:00:00,5245.907885519774
2022-02-18 03:00:00,6013.243230226836
2022-02-18 06:00:00,6067.248130368682
2022-02-18 09:00:00,6341.612916956733
2022-02-18 12:00:00,7453.187167060374
2022-02-18 15:00:00,6457.2337858588035
2022-02-18 18:00:00,6347.273267955605
2022-02-18 21:00:00,6353.165149123835
2022-02-19 00:00:00,3793.8066878921754
2022-02-19 03:00:00,7186.406716544498
2022-02-19 06:00:00,4366.544189600911
2022-02-19 09:00:00,6280.039830398718
2022-02-19 12:00:00,7167.585902775552
2022-02-19 15:00:00,5148.51817250296
2022-02-19 18:00:00,7378.670910027871
2022-02-19 21:00:00,7299.280352451477
2022-02-20 00:00:00,5371.72563154034
2022-02-20 03:00:00,5914.52826450511
2022-02-20 06:00:00,5507.629556943215
2022-02-20 09:00:00,6630.886291086799
2022-02-20 12:00:00,6161.627901912775
2022-02-20 15:00:00,7492.5808571256
2022-02-20 18:00:00,4392.728451022288
2022-02-20 21:00:00,3714.1440644320837
2022-02-21 00:00:00,5756.687509631118
2022-02-21 03:00:00,6821.481185049488
2022-02-21 06:00:00,4910.84569214067
2022-02-21 09:00:00,5244.012005011603
2022-02-21 12:00:00,7178.696025919863
2022-02-21 15:00:00,5086.681666998933
2022-02-21 18:00:00,6295.677879239972
2022-02-21 21:00:00,7404.649453109485
2022-02-22 00:00:00,4821.038742631634
2022-02-22 03:00:00,2932.1002264130757
2022-02-22 06:00:00,5809.92119549211
2022-02-22 09:00:00,7990.778363324942
2022-02-22 12:00:00,6582.989436420387
2022-02-22 15:00:00,8195.37384405693
2022-02-22 18:00:00,6581.903160614025
2022-02-22 21:00:00,5027.997625849338
2022-02-23 00:00:00,6457.284599814882
2022-02-23 03:00:00,5336.09187968986
2022-02-23 06:00:00,2929.1164336610586
2022-02-23 09:00:00,5951.015988791367
2022-02-23 12:00:00,6360.045476727111
2022-02-23 15:00:00,3666.480838977417
2022-02-23 18:00:00,6532.119326466403
2022-02-23 21:00:00,3697.3070130962897
2022-02-24 00:00:00,6806.515891195546
2022-02-24 03:00:00,6310.093123786722
2022-02-24 06:00:00,6558.345377119529
2022-02-24 09:00:00,3625.9705926155093
2022-02-24 12:00:00,8098.7022505201685
2022-02-24 15:00:00,5762.69389783418
2022-02-24 18:00:00,7513.870245108717
2022-02-24 21:00:00,5771.426290361786
2022-02-25 00:00:00,5711.817015839991
2022-02-25 03:00:00,3818.896307960181
2022-02-25 06:00:00,6697.837093010398
2022-02-25 09:00:00,7613.521099895339
2022-02-25 12:00:00,7180.767599439372
2022-02-25 15:00:00,5187.744133712008
2022-02-25 18:00:00,7005.3279359838625
2022-02-25 21:00:00,6812.417482710721
2022-02-26 00:00:00,5494.040801534791
2022-02-26 03:00:00,4012.9368827426056
2022-02-26 06:00:00,3781.940348959512
2022-02-26 09:00:00,7145.47569499964
2022-02-26 12:00:00,6660.31982851638
2022-02-26 15:00:00,8745.300565368556
2022-02-26 18:00:00,7021.377886214386
2022-02-26 21:00:00,4228.216159285985
2022-02-27 00:00:00,5304.190905007983
2022-02-27 03:00:00,4048.7080769886466
2022-02-27 06:00:00,4836.638968634331
2022-02-27 09:00:00,6467.130661288027
2022-02-27 12:00:00,5971.524193846921
2022-02-27 15:00:00,4466.221385987474
2022-02-27 18:00:00,6277.651556424797
2022-02-27 21:00:00,8160.321802281533
2022-02-28 00:00:00,6049.801077123567
2022-02-28 03:00:00,4523.442180443504
2022-02-28 06:00:00,649.9559705404972
2022-02-28 09:00:00,5307.1782178067215
2022-02-28 12:00:00,8574.231573364386
2022-02-28 15:00:00,5513.50202584081
2022-02-28 18:00:00,4520.960835950045
2022-02-28 21:00:00,7116.014417677288
2022-03-01 00:00:00,2537.0964071732346
2022-03-01 03:00:00,2203.561453032199
2022-03-01 06:00:00,5160.753687973868
2022-03-01 09:00:00,2198.96181969599
2022-03-01 12:00:00,5196.2918209555455
2022-03-01 15:00:00,7385.61966968983
2022-03-01 18:00:00,5912.690306546906
2022-03-01 21:00:00,6014.119779848417
2022-03-02 00:00:00,4886.452171545562
2022-03-02 03:00:00,7578.711157398997
2022-03-02 06:00:00,3716.8723356531036
2022-03-02 09:00:00,7238.867439246849
2022-03-02 12:00:00,4579.094924184658
2022-03-02 15:00:00,6637.360742616267
2022-03-02 18:00:00,6555.772691178389
2022-03-02 21:00:00,6629.22885376333
2022-03-03 00:00:00,5983.968504981747
2022-03-03 03:00:00,4697.215453320027
2022-03-03 06:00:00,4998.993511373559
2022-03-03 09:00:00,8526.107927789222
2022-03-03 12:00:00,6844.25302389782
2022-03-03 15:00:00,3775.196437370508
2022-03-03 18:00:00,7370.176164938952
2022-03-03 21:00:00,7150.2063900355015
2022-03-04 00:00:00,3881.892435527171
2022-03-04 03:00:00,6275.252985372077
2022-03-04 06:00:00,4193.80318867476
2022-03-04 09:00:00,5707.451745484546
2022-03-04 12:00:00,5580.878198409376
2022-03-04 15:00:00,7034.088583756484
2022-03-04 18:00:00,7273.15544217008
2022-03-04 21:00:00,7232.1834193920195
2022-03-05 00:00:00,-66.82130526082165
2022-03-05 03:00:00,2497.3671068290523
2022-03-05 06:00:00,3473.0263750012577
2022-03-05 09:00:00,7494.517168354485
2022-03-05 12:00:00,5964.671058215132
2022-03-05 15:00:00,7985.374025996505
2022-03-05 18:00:00,8227.376642827217
2022-03-05 21:00:00,7326.527616290776
2022-03-06 00:00:00,6923.020023984583
2022-03-06 03:00:00,6052.798008492861
2022-03-06 06:00:00,6445.25870691928
2022-03-06 09:00:00,7864.256643683317
2022-03-06 12:00:00,193.41520922836025
2022-03-06 15:00:00,6263.014925819428
2022-03-06 18:00:00,8444.533909199079
2022-03-06 21:00:00,6519.377852426881
2022-03-07 00:00:00,3948.90419377899
2022-03-07 03:00:00,7217.475801275932
2022-03-07 06:00:00,4687.658387847347
2022-03-07 09:00:00,8642.419888220653
2022-03-07 12:00:00,7620.83698951404
2022-03-07 15:00:00,8268.752956208715
2022-03-07 18:00:00,6770.011383196318
2022-03-07 21:00:00,4489.813523861278
2022-03-08 00:00:00,5802.599151611437
2022-03-08 03:00:00,5598.732639282035
2022-03-08 06:00:00,7667.107561632978
2022-03-08 09:00:00,6748.422100302569
2022-03-08 12:00:00,6076.463260138335
2022-03-08 15:00:00,6244.299407158794
2022-03-08 18:00:00,5470.492902421513
2022-03-08 21:00:00,4437.811610191321
2022-03-09 00:00:00,6647.674183075065
2022-03-09 03:00:00,4852.858684831535
2022-03-09 06:00:00,5182.360998560852
2022-03-09 09:00:00,6028.134124104882
2022-03-09 12:00:00,5265.856809186278
2022-03-09 15:00:00,8279.390979745183
2022-03-09 18:00:00,6979.326023509688
2022-03-09 21:00:00,7061.39677169813
2022-03-10 00:00:00,3874.654042444728
2022-03-10 03:00:00,6340.640436615239
2022-03-10 06:00:00,4440.726984343265
2022-03-10 09:00:00,5351.013933180868
2022-03-10 12:00:00,7144.514770163454
2022-03-10 15:00:00,6887.680586235525
2022-03-10 18:00:00,4970.7171830702255
2022-03-10 21:00:00,7883.390226430422
2022-03-11 00:00:00,4849.334620384769
2022-03-11 03:00:00,6043.017139585103
2022-03-11 06:00:00,4990.046897445778
2022-03-11 09:00:00,5728.83202971549
2022-03-11 12:00:00,5418.027483821792
2022-03-11 15:00:00,7857.885908583303
2022-03-11 18:00:00,7585.609861840941
2022-03-11 21:00:00,7651.240617990162
2022-03-12 00:00:00,4324.6276183363125
2022-03-12 03:00:00,6993.243804141841
2022-03-12 06:00:00,4702.064061603639
2022-03-12 09:00:00,6515.587096945639
2022-03-12 12:00:00,8299.380198111945
2022-03-12 15:00:00,5195.686264664888
2022-03-12 18:00:00,7867.758887044405
2022-03-12 21:00:00,5300.934275905831
2022-03-13 00:00:00,7518.627718391721
2022-03-13 03:00:00,5604.026690441049
2022-03-13 06:00:00,4250.346597254129
2022-03-13 09:00:00,5648.476889368571
2022-03-13 12:00:00,5791.162416994131
2022-03-13 15:00:00,6228.743635801292
2022-03-13 18:00:00,6278.653794912736
2022-03-13 21:00:00,454.7052182551688
2022-03-14 00:00:00,4491.344292663191
2022-03-14 03:00:00,5843.214758536068
2022-03-14 06:00:00,6286.663608793939
2022-03-14 09:00:00,5371.507582642416
2022-03-14 12:00:00,3966.3898524373785
2022-03-14 15:00:00,7370.383741455693
2022-03-14 18:00:00,6471.3209001870055
2022-03-14 21:00:00,6354.87661409239
2022-03-15 00:00:00,5485.12013017099
2022-03-15 03:00:00,6497.215946497446
2022-03-15 06:00:00,6285.372229728701
2022-03-15 09:00:00,7655.78079508775
2022-03-15 12:00:00,7426.337204951636
2022-03-15 15:00:00,6786.538888020217
2022-03-15 18:00:00,6888.08320346471
2022-03-15 21:00:00,8085.659599907256
2022-03-16 00:00:00,2444.8171832725675
2022-03-16 03:00:00,5617.179389688556
2022-03-16 06:00:00,6122.368606221575
2022-03-16 09:00:00,5431.968219552939
2022-03-16 12:00:00,8729.97273508798
2022-03-16 15:00:00,8573.70822256404
2022-03-16 18:00:00,8338.881758152394
2022-03-16 21:00:00,6970.337786526736
2022-03-17 00:00:00,5109.243619127035
2022-03-17 03:00:00,6467.0446152936565
2022-03-17 06:00:00,7212.513217591457
2022-03-17 09:00:00,5095.7128620608155
2022-03-17 12:00:00,7424.176937993775
2022-03-17 15:00:00,7516.568556446133
2022-03-17 18:00:00,5135.86797864219
2022-03-17 21:00:00,6739.656822157455
2022-03-18 00:00:00,5965.454123819606
2022-03-18 03:00:00,4471.268830905269
2022-03-18 06:00:00,6439.583415989996
2022-03-18 09:00:00,6362.9372466320165
2022-03-18 12:00:00,7931.366169472985
2022-03-18 15:00:00,6410.176027038001
2022-03-18 18:00:00,5351.940280917595
2022-03-18 21:00:00,5631.277798968512
2022-03-19 00:00:00,7083.9686051586095
2022-03-19 03:00:00,7436.061050442018
2022-03-19 06:00:00,6094.630123301707
2022-03-19 09:00:00,6134.44836778431
2022-03-19 12:00:00,8447.231119057864
2022-03-19 15:00:00,8149.756434467865
2022-03-19 18:00:00,7483.456547649765
2022-03-19 21:00:00,3162.463210690015
2022-03-20 00:00:00,6928.257352736249
2022-03-20 03:00:00,4256.849124964966
2022-03-20 06:00:00,5707.940717315358
2022-03-20 09:00:00,6434.143882656035
2022-03-20 12:00:00,7249.185376321221
2022-03-20 15:00:00,8685.41833090885
2022-03-20 18:00:00,5803.888508565167
2022-03-20 21:00:00,5840.162015680725
2022-03-21 00:00:00,6874.528714510896
2022-03-21 03:00:00,3716.8140122941927
2022-03-21 06:00:00,4922.616239517008
2022-03-21 09:00:00,5407.0249958655695
2022-03-21 12:00:00,8073.748353575367
2022-03-21 15:00:00,8479.199174469093
2022-03-21 18:00:00,6574.019123378933
2022-03-21 21:00:00,7583.642794364232
2022-03-22 00:00:00,1053.204331378086
2022-03-22 03:00:00,7274.825540807209
2022-03-22 06:00:00,5636.16164156215
2022-03-22 09:00:00,7254.176816505695
2022-03-22 12:00:00,8101.119141994856
2022-03-22 15:00:00,7763.906527886331
2022-03-22 18:00:00,7118.272048914871
2022-03-22 21:00:00,6162.97028699096
2022-03-23 00:00:00,4472.942777836757
2022-03-23 03:00:00,7492.781451888995
2022-03-23 06:00:00,5641.135729979978
2022-03-23 09:00:00,7408.408594842025
2022-03-23 12:00:00,7130.43482639559
2022-03-23 15:00:00,7201.008477954485
2022-03-23 18:00:00,7238.966085806223
2022-03-23 21:00:00,4231.277957360045
2022-03-24 00:00:00,5131.288112321533
2022-03-24 03:00:00,6733.220093081291
2022-03-24 06:00:00,4180.727960538292
2022-03-24 09:00:00,6104.140719368433
2022-03-24 12:00:00,6854.372565343481
2022-03-24 15:00:00,6651.304361247978
2022-03-24 18:00:00,5008.420919726436
2022-03-24 21:00:00,6816.694504904189
2022-03-25 00:00:00,6857.1885030209905
2022-03-25 03:00:00,5463.000457721533
2022-03-25 06:00:00,2826.8160403682186
2022-03-25 09:00:00,5252.619323934074
2022-03-25 12:00:00,5138.580696259214
2022-03-25 15:00:00,8434.177201370396
2022-03-25 18:00:00,7716.956065624547
2022-03-25 21:00:00,7001.10152608468
2022-03-26 00:00:00,6895.174852863602
2022-03-26 03:00:00,2268.0231613904166
2022-03-26 06:00:00,6954.324169217167
2022-03-26 09:00:00,7543.080363711493
2022-03-26 12:00:00,7508.087976115814
2022-03-26 15:00:00,8019.559032726063
2022-03-26 18:00:00,6853.682259027005
2022-03-26 21:00:00,6095.719951265995
2022-03-27 00:00:00,5726.102036065555
2022-03-27 03:00:00,6127.847714974063
2022-03-27 06:00:00,4651.649152466705
2022-03-27 09:00:00,6272.799526613095
2022-03-27 12:00:00,7223.467017792426
2022-03-27 15:00:00,4790.612239956085
2022-03-27 18:00:00,6812.878560382811
2022-03-27 21:00:00,8592.43537751666
2022-03-28 00:00:00,6804.272613831549
2022-03-28 03:00:00,7625.1071567216795
2022-03-28 06:00:00,5000.72017726544
2022-03-28 09:00:00,8034.841641078716
2022-03-28 12:00:00,7027.681473416156
2022-03-28 15:00:00,6285.454542666126
2022-03-28 18:00:00,6254.593741339908
2022-03-28 21:00:00,7581.330150026044
2022-03-29 00:00:00,6203.927931166064
2022-03-29 03:00:00,5769.620211492451
2022-03-29 06:00:00,4834.258604596469
2022-03-29 09:00:00,6562.975545546777
2022-03-29 12:00:00,4902.931556391174
2022-03-29 15:00:00,4296.915454887847
2022-03-29 18:00:00,6278.953384533967
2022-03-29 21:00:00,7027.810409988832
2022-03-30 00:00:00,6413.544830369148
2022-03-30 03:00:00,5819.4130090161825
2022-03-30 06:00:00,4636.303747836848
2022-03-30 09:00:00,7658.18194129234
2022-03-30 12:00:00,7113.584530669365
2022-03-30 15:00:00,6490.285180286728
2022-03-30 18:00:00,7395.18360471943
2022-03-30 21:00:00,7585.181200204867
2022-03-31 00:00:00,4322.565313357321
2022-03-31 03:00:00,2858.9155282585807
2022-03-31 06:00:00,7701.266185001821
2022-03-31 09:00:00,5773.907379658951
2022-03-31 12:00:00,7658.070764138529
2022-03-31 15:00:00,7264.40257767836
2022-03-31 18:00:00,9562.611965373271
2022-03-31 21:00:00,8909.017598804061
2022-04-01 00:00:00,7070.2260616392605
2022-04-01 03:00:00,4133.52244849043
2022-04-01 06:00:00,5337.093858102338
2022-04-01 09:00:00,7844.911662023393
2022-04-01 12:00:00,8094.105201490229
2022-04-01 15:00:00,7396.002464846892
2022-04-01 18:00:00,8063.16081606743
2022-04-01 21:00:00,4810.094480965995
2022-04-02 00:00:00,5493.690297252367
2022-04-02 03:00:00,5582.737375734329
2022-04-02 06:00:00,5346.748511686178
2022-04-02 09:00:00,934.6146314527568
2022-04-02 12:00:00,6775.727786998228
2022-04-02 15:00:00,6495.599318404438
2022-04-02 18:00:00,6648.066308892051
2022-04-02 21:00:00,7073.137619123099
2022-04-03 00:00:00,6489.356036253384
2022-04-03 03:00:00,5231.0451907597635
2022-04-03 06:00:00,8095.669564712918
2022-04-03 09:00:00,8209.217437577343
2022-04-03 12:00:00,8747.486264622476
2022-04-03 15:00:00,7235.262864745757
2022-04-03 18:00:00,8904.59046438769
2022-04-03 21:00:00,7499.667561672961
2022-04-04 00:00:00,6090.95258497232
2022-04-04 03:00:00,5450.010506710835
2022-04-04 06:00:00,5272.961347067658
2022-04-04 09:00:00,4293.480035140416
2022-04-04 12:00:00,5957.90666810804
2022-04-04 15:00:00,8543.812318355433
2022-04-04 18:00:00,2621.8952935688426
2022-04-04 21:00:00,7696.64227906946
2022-04-05 00:00:00,7747.166380735995
2022-04-05 03:00:00,7003.0081501017485
2022-04-05 06:00:00,5348.429299709277
2022-04-05 09:00:00,5820.2599314150375
2022-04-05 12:00:00,5507.887751854606
2022-04-05 15:00:00,6441.6149505044505
2022-04-05 18:00:00,6911.264732106933
2022-04-05 21:00:00,4664.127085481548
2022-04-06 00:00:00,6956.0274507472
2022-04-06 03:00:00,7119.969093373968
2022-04-06 06:00:00,5456.278081122537
2022-04-06 09:00:00,8548.723228241233
2022-04-06 12:00:00,5291.378896994305
2022-04-06 15:00:00,6514.70391443663
2022-04-06 18:00:00,7946.216906683761
2022-04-06 21:00:00,3111.4199754384163
2022-04-07 00:00:00,7296.285524094295
2022-04-07 03:00:00,7102.48736768674
2022-04-07 06:00:00,3842.03077177019
2022-04-07 09:00:00,3462.1558973584515
2022-04-07 12:00:00,7952.507340724154
2022-04-07 15:00:00,8093.6876957531085
2022-04-07 18:00:00,4951.883988091448
2022-04-07 21:00:00,5647.169010664501
2022-04-08 00:00:00,7530.48141794414
2022-04-08 03:00:00,8438.241492241877
2022-04-08 06:00:00,5795.84997874071
2022-04-08 09:00:00,7756.533513425697
2022-04-08 12:00:00,8525.199035451638
2022-04-08 15:00:00,4446.58721806357
2022-04-08 18:00:00,4546.0445394104
2022-04-08 21:00:00,3946.1318890817697
2022-04-09 00:00:00,6603.825602305021
2022-04-09 03:00:00,6484.935850244241
2022-04-09 06:00:00,6868.9305200085855
2022-04-09 09:00:00,1768.2102058219184
2022-04-09 12:00:00,6331.993449176267
2022-04-09 15:00:00,6895.976458653239
2022-04-09 18:00:00,7563.804706873068
2022-04-09 21:00:00,7250.774283469498
2022-04-10 00:00:00,4987.414243432232
2022-04-10 03:00:00,4687.222545912569
2022-04-10 06:00:00,7271.520374294123
2022-04-10 09:00:00,7326.396793975382
2022-04-10 12:00:00,6198.489955284525
2022-04-10 15:00:00,5569.399744096505
2022-04-10 18:00:00,6801.978765406901
2022-04-10 21:00:00,6707.456788959143
2022-04-11 00:00:00,5586.506282615481
2022-04-11 03:00:00,6330.174103781003
2022-04-11 06:00:00,6985.402499935534
2022-04-11 09:00:00,3337.233749328377
2022-04-11 12:00:00,5144.90756429736
2022-04-11 15:00:00,6382.960226433622
2022-04-11 18:00:00,6528.117691681004
2022-04-11 21:00:00,8628.836527154557
2022-04-12 00:00:00,6044.3278995764285
2022-04-12 03:00:00,6655.068070557644
2022-04-12 06:00:00,5230.83503456525
2022-04-12 09:00:00,8426.45645206373
2022-04-12 12:00:00,8590.79503242192
2022-04-12 15:00:00,2681.9453455924754
2022-04-12 18:00:00,7473.280833332217
2022-04-12 21:00:00,5106.640566581604
2022-04-13 00:00:00,5304.623319255871
2022-04-13 03:00:00,5539.368217278035
2022-04-13 06:00:00,6103.226279077015
2022-04-13 09:00:00,7923.628171555847
2022-04-13 12:00:00,4805.524925540822
2022-04-13 15:00:00,7980.4211167111625
2022-04-13 18:00:00,6970.2236836605225
2022-04-13 21:00:00,6119.536819726221
2022-04-14 00:00:00,6736.691189166063
2022-04-14 03:00:00,6620.895901415198
2022-04-14 06:00:00,6389.551940058109
2022-04-14 09:00:00,7688.188639002028
2022-04-14 12:00:00,6371.972595653559
2022-04-14 15:00:00,6029.056676898949
2022-04-14 18:00:00,7477.719798925207
2022-04-14 21:00:00,7788.4007412831215
2022-04-15 00:00:00,8009.150066744003
2022-04-15 03:00:00,-816.5249729669031
2022-04-15 06:00:00,4727.946324925583
2022-04-15 09:00:00,5666.439929128489
2022-04-15 12:00:00,6818.595219457189
2022-04-15 15:00:00,8281.68473923349
2022-04-15 18:00:00,7893.0324507866135
2022-04-15 21:00:00,6683.108753737153
2022-04-16 00:00:00,4422.194144570155
2022-04-16 03:00:00,5770.311928007922
2022-04-16 06:00:00,6435.960446299553
2022-04-16 09:00:00,4058.5548013824773
2022-04-16 12:00:00,7661.443333742682
2022-04-16 15:00:00,4888.948860758694
2022-04-16 18:00:00,8627.597361135848
2022-04-16 21:00:00,5815.119862373942
2022-04-17 00:00:00,4487.730652122398
2022-04-17 03:00:00,5595.287347809988
2022-04-17 06:00:00,6311.721583311097
2022-04-17 09:00:00,8712.212931907023
2022-04-17 12:00:00,8611.800641815651
2022-04-17 15:00:00,6403.939291376298
2022-04-17 18:00:00,6192.641606703973
2022-04-17 21:00:00,8222.626674743336
2022-04-18 00:00:00,5898.635923689719
2022-04-18 03:00:00,5925.807502391024
2022-04-18 06:00:00,6913.754226381207
2022-04-18 09:00:00,4333.435830895465
2022-04-18 12:00:00,6850.13926222402
2022-04-18 15:00:00,6753.636360222799
2022-04-18 18:00:00,7352.182451302789
2022-04-18 21:00:00,7712.935304452165
2022-04-19 00:00:00,3603.463439327128
2022-04-19 03:00:00,5577.229657807601
2022-04-19 06:00:00,5231.197033302135
2022-04-19 09:00:00,4604.7106080401145
2022-04-19 12:00:00,7152.3934046179775
2022-04-19 15:00:00,7588.669352038228
2022-04-19 18:00:00,8745.827731410644
2022-04-19 21:00:00,6498.253315034264
2022-04-20 00:00:00,7270.678782354219
2022-04-20 03:00:00,8042.462569525624
2022-04-20 06:00:00,9222.727040224392
2022-04-20 09:00:00,4143.392813471322
2022-04-20 12:00:00,8180.880320025727
2022-04-20 15:00:00,2416.2329687141396
2022-04-20 18:00:00,5564.169867236024
2022-04-20 21:00:00,5146.590987342072
2022-04-21 00:00:00,7253.1131365404
2022-04-21 03:00:00,7537.399264409589
2022-04-21 06:00:00,7586.300182746863
2022-04-21 09:00:00,6904.818187186116
2022-04-21 12:00:00,8631.032087242385
2022-04-21 15:00:00,7665.9838253198905
2022-04-21 18:00:00,6617.844417768917
2022-04-21 21:00:00,4329.807643513175
2022-04-22 00:00:00,7630.894957261685
2022-04-22 03:00:00,6744.584600303895
2022-04-22 06:00:00,6980.5463612323965
2022-04-22 09:00:00,8549.456767003774
2022-04-22 12:00:00,7148.918959872588
2022-04-22 15:00:00,6038.992501107992
2022-04-22 18:00:00,7474.624473383212
2022-04-22 21:00:00,5960.747413257374
2022-04-23 00:00:00,7107.730097819
2022-04-23 03:00:00,5940.429735794188
2022-04-23 06:00:00,8046.294326447831
2022-04-23 09:00:00,8833.362351520595
2022-04-23 12:00:00,4381.578071394817
2022-04-23 15:00:00,8761.088142946615
2022-04-23 18:00:00,6971.144638311955
2022-04-23 21:00:00,7549.473498848023
2022-04-24 00:00:00,6913.783377064186
2022-04-24 03:00:00,5721.71908390316
2022-04-24 06:00:00,3394.71328022533
2022-04-24 09:00:00,6361.832737819528
2022-04-24 12:00:00,8656.769725885035
2022-04-24 15:00:00,6493.453762534736
2022-04-24 18:00:00,7909.029898504979
2022-04-24 21:00:00,7030.407201795984
2022-04-25 00:00:00,7351.207331569809
2022-04-25 03:00:00,7128.967557235001
2022-04-25 06:00:00,7959.815299025574
2022-04-25 09:00:00,7869.4490097269445
2022-04-25 12:00:00,7242.22267268605
2022-04-25 15:00:00,8571.618853601452
2022-04-25 18:00:00,7554.620141733873
2022-04-25 21:00:00,7373.221881217805
2022-04-26 00:00:00,7696.86644733448
2022-04-26 03:00:00,7455.202738444317
2022-04-26 06:00:00,6731.022265929235
2022-04-26 09:00:00,8995.015047306353
2022-04-26 12:00:00,8195.981867461895
2022-04-26 15:00:00,6104.344558248084
2022-04-26 18:00:00,7607.622696925363
2022-04-26 21:00:00,7235.289162179601
2022-04-27 00:00:00,6218.514896562402
2022-04-27 03:00:00,3742.7309816258357
2022-04-27 06:00:00,5147.600160743429
2022-04-27 09:00:00,7021.874665614758
2022-04-27 12:00:00,7360.545460962412
2022-04-27 15:00:00,6807.1638349486875
2022-04-27 18:00:00,6001.011556464489
2022-04-27 21:00:00,2160.5872455873705
2022-04-28 00:00:00,6522.642448558557
2022-04-28 03:00:00,6129.736178877982
2022-04-28 06:00:00,5620.12813132387
2022-04-28 09:00:00,6487.330253149695
2022-04-28 12:00:00,7560.517220350468
2022-04-28 15:00:00,5146.626900184469
2022-04-28 18:00:00,7024.037743164013
2022-04-28 21:00:00,7445.392228678622
2022-04-29 00:00:00,3246.346445396489
2022-04-29 03:00:00,6815.280438279348
2022-04-29 06:00:00,7373.203658902641
2022-04-29 09:00:00,4439.5397879362245
2022-04-29 12:00:00,5144.368736445144
2022-04-29 15:00:00,5778.676107587455
2022-04-29 18:00:00,7403.54528411755
2022-04-29 21:00:00,5875.242541808771
2022-04-30 00:00:00,7252.386135070905
2022-04-30 03:00:00,7700.82710597301
2022-04-30 06:00:00,7847.047454879137
2022-04-30 09:00:00,6147.944755779228
2022-04-30 12:00:00,6335.765283783359
2022-04-30 15:00:00,8744.398529659855
2022-04-30 18:00:00,7395.624037492969
2022-04-30 21:00:00,6487.353698054876
2022-05-01 00:00:00,4600.4939470048175
2022-05-01 03:00:00,8195.361097218063
2022-05-01 06:00:00,4462.703417005587
2022-05-01 09:00:00,6944.484416584911
2022-05-01 12:00:00,6747.074807239065
2022-05-01 15:00:00,7193.7478473142255
2022-05-01 18:00:00,7577.833891238672
2022-05-01 21:00:00,4628.457059022339
2022-05-02 00:00:00,6271.546030567455
2022-05-02 03:00:00,5049.044785130745
2022-05-02 06:00:00,6673.074878554486
2022-05-02 09:00:00,6329.661188522307
2022-05-02 12:00:00,7437.227621805651
2022-05-02 15:00:00,8985.418930322458
2022-05-02 18:00:00,7753.566674008207
2022-05-02 21:00:00,6317.193246785218
2022-05-03 00:00:00,3783.9054190780557
2022-05-03 03:00:00,4236.704194116213
2022-05-03 06:00:00,6162.261885963925
2022-05-03 09:00:00,7672.3672344617235
2022-05-03 12:00:00,7201.343968794232
2022-05-03 15:00:00,8371.564822558295
2022-05-03 18:00:00,5469.140500578028
2022-05-03 21:00:00,8117.990397851643
2022-05-04 00:00:00,7287.580831637
2022-05-04 03:00:00,4076.8856638910256
2022-05-04 06:00:00,7144.685450195391
2022-05-04 09:00:00,7110.474506414237
2022-05-04 12:00:00,6363.685794604755
2022-05-04 15:00:00,5072.85040963841
2022-05-04 18:00:00,7621.849213956404
2022-05-04 21:00:00,7555.907511918693
2022-05-05 00:00:00,7108.547007386245
2022-05-05 03:00:00,6454.026757551881
2022-05-05 06:00:00,5930.74632755253
2022-05-05 09:00:00,5682.649456178784
2022-05-05 12:00:00,5638.620130429866
2022-05-05 15:00:00,8760.096532977323
2022-05-05 18:00:00,6656.962809927605
2022-05-05 21:00:00,7199.771021003095
2022-05-06 00:00:00,7534.183228506945
2022-05-06 03:00:00,6540.187019035191
2022-05-06 06:00:00,6573.368726966227
2022-05-06 09:00:00,5819.852076941397
2022-05-06 12:00:00,7113.226170845035
2022-05-06 15:00:00,6031.237118370664
2022-05-06 18:00:00,6453.029929986958
2022-05-06 21:00:00,6098.734760157433
2022-05-07 00:00:00,6038.888285610787
2022-05-07 03:00:00,4588.774966170584
2022-05-07 06:00:00,9550.323095352058
2022-05-07 09:00:00,8090.8515336440505
2022-05-07 12:00:00,4467.623015715789
2022-05-07 15:00:00,5910.140895008959
2022-05-07 18:00:00,7249.569596123105
2022-05-07 21:00:00,6168.638793954359
2022-05-08 00:00:00,6800.257861722414
2022-05-08 03:00:00,3223.2058822818963
2022-05-08 06:00:00,6462.905776750749
2022-05-08 09:00:00,4730.5381814939265
2022-05-08 12:00:00,6684.529633373609
2022-05-08 15:00:00,3846.254681108675
2022-05-08 18:00:00,9129.542293957027
2022-05-08 21:00:00,5805.454073017236
2022-05-09 00:00:00,5421.6587472230385
2022-05-09 03:00:00,6459.464504863541
2022-05-09 06:00:00,5208.845246823461
2022-05-09 09:00:00,4336.115886090699
2022-05-09 12:00:00,6958.219731865877
2022-05-09 15:00:00,7390.704615960127
2022-05-09 18:00:00,6375.199705238049
2022-05-09 21:00:00,7867.801996824095
2022-05-10 00:00:00,7190.8326627817205
2022-05-10 03:00:00,2862.1743346344524
2022-05-10 06:00:00,7161.360432914398
2022-05-10 09:00:00,6154.802838559101
2022-05-10 12:00:00,6472.456152877576
2022-05-10 15:00:00,8782.994800415074
2022-05-10 18:00:00,7834.861986437425
2022-05-10 21:00:00,7152.935783766138
2022-05-11 00:00:00,5203.518891912251
2022-05-11 03:00:00,6931.621753087085
2022-05-11 06:00:00,6085.410500458342
2022-05-11 09:00:00,7655.17223109935
2022-05-11 12:00:00,7747.604029567216
2022-05-11 15:00:00,6306.497690454851
2022-05-11 18:00:00,7051.176509393559
2022-05-11 21:00:00,7944.663112828523
2022-05-12 00:00:00,4730.6476753157185
2022-05-12 03:00:00,5456.395364339614
2022-05-12 06:00:00,6253.927357954467
2022-05-12 09:00:00,5694.498521714488
2022-05-12 12:00:00,7358.8025662196715
2022-05-12 15:00:00,7659.411699168986
2022-05-12 18:00:00,5626.47964448001
2022-05-12 21:00:00,6604.555382362479
2022-05-13 00:00:00,6630.902452783959
2022-05-13 03:00:00,5043.348983905213
2022-05-13 06:00:00,6834.7341308997475
2022-05-13 09:00:00,8078.01908002976
2022-05-13 12:00:00,7498.400271653173
2022-05-13 15:00:00,7144.640819875944
2022-05-13 18:00:00,4416.629026896539
2022-05-13 21:00:00,7494.304610852155
2022-05-14 00:00:00,7580.06369861161
2022-05-14 03:00:00,5060.874846435056
2022-05-14 06:00:00,5782.552478823637
2022-05-14 09:00:00,5773.442993986058
2022-05-14 12:00:00,7331.337158213121
2022-05-14 15:00:00,9146.042503274755
2022-05-14 18:00:00,6854.531451356297
2022-05-14 21:00:00,7789.929088051516
2022-05-15 00:00:00,6115.761055308419
2022-05-15 03:00:00,2511.7797444150856
2022-05-15 06:00:00,3805.4489048987402
2022-05-15 09:00:00,6419.928467089767
2022-05-15 12:00:00,3922.7280568023884
2022-05-15 15:00:00,3285.9933446173272
2022-05-15 18:00:00,8145.461563263312
2022-05-15 21:00:00,5915.2024913482555
2022-05-16 00:00:00,6568.915316268851
2022-05-16 03:00:00,2753.4322329410224
2022-05-16 06:00:00,6369.808444617131
2022-05-16 09:00:00,4634.395992393825
2022-05-16 12:00:00,7730.81794132142
2022-05-16 15:00:00,6244.258161670396
2022-05-16 18:00:00,6738.8959346524625
2022-05-16 21:00:00,6489.527244631245
2022-05-17 00:00:00,6061.185429936562
2022-05-17 03:00:00,1778.3073863247246
2022-05-17 06:00:00,4157.120119068378
2022-05-17 09:00:00,7589.277939983761
2022-05-17 12:00:00,5397.775956801996
2022-05-17 15:00:00,5521.801037601624
2022-05-17 18:00:00,6263.576195547939
2022-05-17 21:00:00,7980.158407305298
2022-05-18 00:00:00,6367.794691605988
2022-05-18 03:00:00,6009.316415254332
2022-05-18 06:00:00,5306.817702858836
2022-05-18 09:00:00,7417.554295491607
2022-05-18 12:00:00,6527.696234067733
2022-05-18 15:00:00,8047.540236422585
2022-05-18 18:00:00,7462.80047464163
2022-05-18 21:00:00,5786.426057878169
2022-05-19 00:00:00,5309.286783029036
2022-05-19 03:00:00,6743.888618711762
2022-05-19 06:00:00,5973.60335227621
2022-05-19 09:00:00,2819.9632050585947
2022-05-19 12:00:00,6973.748778211819
2022-05-19 15:00:00,6839.134913958102
2022-05-19 18:00:00,6548.490717786138
2022-05-19 21:00:00,5716.9270592470375
2022-05-20 00:00:00,7579.031149708755
2022-05-20 03:00:00,6014.812318973418
2022-05-20 06:00:00,5749.935712760699
2022-05-20 09:00:00,8121.560028671562
2022-05-20 12:00:00,7448.3169970650315
2022-05-20 15:00:00,7184.840213851579
2022-05-20 18:00:00,7900.692224290671
2022-05-20 21:00:00,6809.946924185923
2022-05-21 00:00:00,6236.337975604201
2022-05-21 03:00:00,4793.262362071258
2022-05-21 06:00:00,6307.136709799153
2022-05-21 09:00:00,6894.021282704955
2022-05-21 12:00:00,6990.4465255114865
2022-05-21 15:00:00,7855.778361759724
2022-05-21 18:00:00,7722.873949017521
2022-05-21 21:00:00,7742.679763968761
2022-05-22 00:00:00,5786.4176368530425
2022-05-22 03:00:00,7324.65073217384
2022-05-22 06:00:00,5166.439135702724
2022-05-22 09:00:00,7526.745295979176
2022-05-22 12:00:00,7379.321985125616
2022-05-22 15:00:00,8680.98287372969
2022-05-22 18:00:00,5120.354676302395
2022-05-22 21:00:00,6298.426255644667
2022-05-23 00:00:00,8054.09199761904
2022-05-23 03:00:00,3914.1687277625183
2022-05-23 06:00:00,5727.725645659733
2022-05-23 09:00:00,7655.419070956904
2022-05-23 12:00:00,6885.461907890477
2022-05-23 15:00:00,5935.630979586696
2022-05-23 18:00:00,8037.870322891042
2022-05-23 21:00:00,6898.959957301748
2022-05-24 00:00:00,4720.9947543650715
2022-05-24 03:00:00,7065.13118674784
2022-05-24 06:00:00,6726.245344808511
2022-05-24 09:00:00,3899.4832384415186
2022-05-24 12:00:00,8443.371676570372
2022-05-24 15:00:00,6495.109993883759
2022-05-24 18:00:00,7266.0563494658345
2022-05-24 21:00:00,6837.769835037141
2022-05-25 00:00:00,8095.911996337025
2022-05-25 03:00:00,5735.331004064768
2022-05-25 06:00:00,7163.297254917334
2022-05-25 09:00:00,6815.55460856276
2022-05-25 12:00:00,8266.660545884839
2022-05-25 15:00:00,7419.135066986217
2022-05-25 18:00:00,5054.297539263897
2022-05-25 21:00:00,4691.779962109365
2022-05-26 00:00:00,4727.616702058906
2022-05-26 03:00:00,7854.7061671569845
2022-05-26 06:00:00,4682.3568942438305
2022-05-26 09:00:00,5108.965971765392
2022-05-26 12:00:00,3564.8986808864142
2022-05-26 15:00:00,4955.269891999214
2022-05-26 18:00:00,8808.818593685593
2022-05-26 21:00:00,1576.8653222634935
2022-05-27 00:00:00,4307.040301168104
2022-05-27 03:00:00,5306.124895137292
2022-05-27 06:00:00,6164.670835667048
2022-05-27 09:00:00,6507.792551092458
2022-05-27 12:00:00,7471.161145171948
2022-05-27 15:00:00,5184.4706443010045
2022-05-27 18:00:00,6337.347898050403
2022-05-27 21:00:00,7858.155921513481
2022-05-28 00:00:00,4988.633836175903
2022-05-28 03:00:00,5793.343231743191
2022-05-28 06:00:00,6028.124096983187
2022-05-28 09:00:00,4570.813755070095
2022-05-28 12:00:00,5934.28636402096
2022-05-28 15:00:00,7386.144670017013
2022-05-28 18:00:00,6961.518597776245
2022-05-28 21:00:00,6038.380337002584
2022-05-29 00:00:00,5415.098380689459
2022-05-29 03:00:00,4730.842471224242
2022-05-29 06:00:00,6191.602888897665
2022-05-29 09:00:00,6906.686988032136
2022-05-29 12:00:00,3711.8183268867
2022-05-29 15:00:00,9361.00958671063
2022-05-29 18:00:00,7852.306894253036
2022-05-29 21:00:00,5874.053421558268
2022-05-30 00:00:00,5910.3019379635125
2022-05-30 03:00:00,4558.581184305056
2022-05-30 06:00:00,6115.709320387919
2022-05-30 09:00:00,7814.213034009781
2022-05-30 12:00:00,6797.709497637364
2022-05-30 15:00:00,4215.689852792648
2022-05-30 18:00:00,6716.838765699832
2022-05-30 21:00:00,7264.688386813712
2022-05-31 00:00:00,7655.34664932599
2022-05-31 03:00:00,4489.603816081167
2022-05-31 06:00:00,7673.234985337522
2022-05-31 09:00:00,3647.862710999979
2022-05-31 12:00:00,8281.999442442066
2022-05-31 15:00:00,7273.596830520138
2022-05-31 18:00:00,6260.63446788765
2022-05-31 21:00:00,7156.507384821496
2022-06-01 00:00:00,7199.5070925504915
2022-06-01 03:00:00,5911.909109444266
2022-06-01 06:00:00,7179.405470823507
2022-06-01 09:00:00,7351.693649225173
2022-06-01 12:00:00,6166.73645991627
2022-06-01 15:00:00,5305.229029234312
2022-06-01 18:00:00,6261.0731869711635
2022-06-01 21:00:00,4828.822528929796
2022-06-02 00:00:00,6312.083512640647
2022-06-02 03:00:00,4895.015816229392
2022-06-02 06:00:00,6721.6465499164715
2022-06-02 09:00:00,6660.673696749348
2022-06-02 12:00:00,6509.555670695004
2022-06-02 15:00:00,8779.822131502975
2022-06-02 18:00:00,7712.028608227525
2022-06-02 21:00:00,4465.145615978204
2022-06-03 00:00:00,4089.2611039152007
2022-06-03 03:00:00,6134.203900846064
2022-06-03 06:00:00,6867.395517327903
2022-06-03 09:00:00,7530.444145724185
2022-06-03 12:00:00,7590.925079242589
2022-06-03 15:00:00,7821.713023851441
2022-06-03 18:00:00,7666.111979450476
2022-06-03 21:00:00,6849.195499194917
2022-06-04 00:00:00,5578.307037851706
2022-06-04 03:00:00,6153.445450473243
2022-06-04 06:00:00,5400.969653748597
2022-06-04 09:00:00,8716.596709854663
2022-06-04 12:00:00,8473.945272107265
2022-06-04 15:00:00,7064.638396781534
2022-06-04 18:00:00,6176.60015950173
2022-06-04 21:00:00,6817.548535955845
2022-06-05 00:00:00,7187.379559816671
2022-06-05 03:00:00,7587.934948245918
2022-06-05 06:00:00,6654.418665519256
2022-06-05 09:00:00,4885.303157632172
2022-06-05 12:00:00,3847.174467708356
2022-06-05 15:00:00,2983.9516308029397
2022-06-05 18:00:00,7545.892687977277
2022-06-05 21:00:00,6775.52919469398
2022-06-06 00:00:00,6542.137600913853
2022-06-06 03:00:00,4563.025897409208
2022-06-06 06:00:00,8473.893416506877
2022-06-06 09:00:00,4692.503402742427
2022-06-06 12:00:00,6203.333915333443
2022-06-06 15:00:00,8936.392033392825
2022-06-06 18:00:00,8654.001343580378
2022-06-06 21:00:00,6132.456054383131
2022-06-07 00:00:00,6510.341471279687
2022-06-07 03:00:00,5819.423218345909
2022-06-07 06:00:00,5795.185025838153
2022-06-07 09:00:00,6750.425293892118
2022-06-07 12:00:00,6947.083402052097
2022-06-07 15:00:00,7841.005624232448
2022-06-07 18:00:00,4142.129990976639
2022-06-07 21:00:00,5957.555979899167
2022-06-08 00:00:00,5801.7213074963565
2022-06-08 03:00:00,3284.0672870840026
2022-06-08 06:00:00,4276.4970082656455
2022-06-08 09:00:00,5776.193685891683
2022-06-08 12:00:00,8099.196964142704
2022-06-08 15:00:00,7108.246253528172
2022-06-08 18:00:00,6787.532120407938
2022-06-08 21:00:00,4965.8438421997525
2022-06-09 00:00:00,6460.378061198985
2022-06-09 03:00:00,7462.641095663115
2022-06-09 06:00:00,7470.325736386315
2022-06-09 09:00:00,5747.567241365671
2022-06-09 12:00:00,6427.752423649323
2022-06-09 15:00:00,2979.68535595311
2022-06-09 18:00:00,5526.022920127276
2022-06-09 21:00:00,4373.046495888604
2022-06-10 00:00:00,5593.538193736686
2022-06-10 03:00:00,6161.130986398624
2022-06-10 06:00:00,6136.075026472613
2022-06-10 09:00:00,8485.429012246108
2022-06-10 12:00:00,6587.044428887008
2022-06-10 15:00:00,6588.334986954053
2022-06-10 18:00:00,6758.103325262192
2022-06-10 21:00:00,4092.1741968998813
2022-06-11 00:00:00,7716.543205116424
2022-06-11 03:00:00,4616.46089748917
2022-06-11 06:00:00,7807.177157811904
2022-06-11 09:00:00,5915.981506143937
2022-06-11 12:00:00,9299.712346949218
2022-06-11 15:00:00,5208.95790983195
2022-06-11 18:00:00,7112.911777774678
2022-06-11 21:00:00,3611.5542058186193
2022-06-12 00:00:00,5484.726987451813
2022-06-12 03:00:00,1457.8064412725716
2022-06-12 06:00:00,4700.972006749077
2022-06-12 09:00:00,3368.7096653402405
2022-06-12 12:00:00,5774.620716767237
2022-06-12 15:00:00,7752.956509793976
2022-06-12 18:00:00,8052.338175167686
2022-06-12 21:00:00,7417.4014021576895
2022-06-13 00:00:00,7885.270514154858
2022-06-13 03:00:00,6608.312434742664
2022-06-13 06:00:00,6850.071514435324
2022-06-13 09:00:00,5547.628491846718
2022-06-13 12:00:00,4910.698888292592
2022-06-13 15:00:00,7068.720669076102
2022-06-13 18:00:00,5997.225249423152
2022-06-13 21:00:00,7870.785771058821
2022-06-14 00:00:00,6584.23917628
2022-06-14 03:00:00,3787.4745241852006
2022-06-14 06:00:00,6192.869743588916
2022-06-14 09:00:00,7283.723154749137
2022-06-14 12:00:00,6400.113900720635
2022-06-14 15:00:00,8015.454873512485
2022-06-14 18:00:00,7010.6299227913005
2022-06-14 21:00:00,4683.259300587754
2022-06-15 00:00:00,7113.426245182256
2022-06-15 03:00:00,7492.233030135635
2022-06-15 06:00:00,5437.443174045391
2022-06-15 09:00:00,8104.61964814932
2022-06-15 12:00:00,5337.983534244959
2022-06-15 15:00:00,5846.759069400423
2022-06-15 18:00:00,4758.6201163321675
2022-06-15 21:00:00,7178.7342261685235
2022-06-16 00:00:00,4600.883896862999
2022-06-16 03:00:00,4885.179203266108
2022-06-16 06:00:00,8863.369003718184
2022-06-16 09:00:00,7425.768180608447
2022-06-16 12:00:00,6065.81411551167
2022-06-16 15:00:00,3921.1740028510876
2022-06-16 18:00:00,5997.334497795661
2022-06-16 21:00:00,5957.586622796101
2022-06-17 00:00:00,4635.961575443397
2022-06-17 03:00:00,6397.035119445745
2022-06-17 06:00:00,6215.519903334656
2022-06-17 09:00:00,7516.554606425249
2022-06-17 12:00:00,5007.150820542211
2022-06-17 15:00:00,7694.60615449163
2022-06-17 18:00:00,7142.389597103816
2022-06-17 21:00:00,7946.991062539544
2022-06-18 00:00:00,4110.532937902546
2022-06-18 03:00:00,5288.6779086745655
2022-06-18 06:00:00,7154.86929054068
2022-06-18 09:00:00,5286.099765566881
2022-06-18 12:00:00,7746.895528186715
2022-06-18 15:00:00,6293.946470187654
2022-06-18 18:00:00,2974.7716582472476
2022-06-18 21:00:00,6996.764666712859
2022-06-19 00:00:00,4577.3290723472
2022-06-19 03:00:00,5642.322392129861
2022-06-19 06:00:00,5857.46651862927
2022-06-19 09:00:00,8526.459357013446
2022-06-19 12:00:00,5561.311213977648
2022-06-19 15:00:00,7035.063668605802
2022-06-19 18:00:00,7941.893565314084
2022-06-19 21:00:00,6946.695887228608
2022-06-20 00:00:00,5894.545819564792
2022-06-20 03:00:00,6197.968384829467
2022-06-20 06:00:00,5712.838709648756
2022-06-20 09:00:00,5216.673767350452
2022-06-20 12:00:00,8135.153043985931
2022-06-20 15:00:00,4343.788646423192
2022-06-20 18:00:00,8192.727656485471
2022-06-20 21:00:00,4975.087426132498
2022-06-21 00:00:00,2748.130634911241
2022-06-21 03:00:00,4073.665145880456
2022-06-21 06:00:00,6013.800994657115
2022-06-21 09:00:00,4878.165696832829
2022-06-21 12:00:00,7910.163994604274
2022-06-21 15:00:00,6942.896062934202
2022-06-21 18:00:00,5978.854494000383
2022-06-21 21:00:00,6656.106828421004
2022-06-22 00:00:00,5264.282854850983
2022-06-22 03:00:00,4462.86514931584
2022-06-22 06:00:00,3358.514135837063
2022-06-22 09:00:00,6215.923417944587
2022-06-22 12:00:00,6736.705277854802
2022-06-22 15:00:00,4695.318832717123
2022-06-22 18:00:00,3989.638493850797
2022-06-22 21:00:00,5577.0964900104345
2022-06-23 00:00:00,5897.108971818601
2022-06-23 03:00:00,5367.898679933092
2022-06-23 06:00:00,5978.818478997404
2022-06-23 09:00:00,7364.868705298414
2022-06-23 12:00:00,4705.108839157812
2022-06-23 15:00:00,7063.664991133268
2022-06-23 18:00:00,4333.585433900813
2022-06-23 21:00:00,6915.667229246652
2022-06-24 00:00:00,6053.616383496861
2022-06-24 03:00:00,6644.283334604679
2022-06-24 06:00:00,4549.149141956015
2022-06-24 09:00:00,8151.859188469429
2022-06-24 12:00:00,5864.35791929056
2022-06-24 15:00:00,6479.830111070938
2022-06-24 18:00:00,6448.428969852219
2022-06-24 21:00:00,-107.44337837955845
2022-06-25 00:00:00,5452.933832925799
2022-06-25 03:00:00,5446.443539926335
2022-06-25 06:00:00,4116.147700407965
2022-06-25 09:00:00,5138.156195428512
2022-06-25 12:00:00,5005.490274348286
2022-06-25 15:00:00,6109.345199458097
2022-06-25 18:00:00,6872.081225748052
2022-06-25 21:00:00,6701.419489876865
2022-06-26 00:00:00,6364.645641571466
2022-06-26 03:00:00,7637.547426820691
2022-06-26 06:00:00,6002.73827897129
2022-06-26 09:00:00,-737.7496564906223
2022-06-26 12:00:00,5990.293509209965
2022-06-26 15:00:00,4915.879224437103
2022-06-26 18:00:00,5937.732497084306
2022-06-26 21:00:00,6388.3403999764505
2022-06-27 00:00:00,4770.929127576883
2022-06-27 03:00:00,6568.84191765031
2022-06-27 06:00:00,6209.107772864912
2022-06-27 09:00:00,5193.99398462454
2022-06-27 12:00:00,5977.308442393196
2022-06-27 15:00:00,5152.228071228372
2022-06-27 18:00:00,6886.527754954655
2022-06-27 21:00:00,4217.604864587969
2022-06-28 00:00:00,4694.536209581282
2022-06-28 03:00:00,6855.573868949954
2022-06-28 06:00:00,5465.32885174947
2022-06-28 09:00:00,5716.475449321301
2022-06-28 12:00:00,8212.788024892126
2022-06-28 15:00:00,7245.813149845433
2022-06-28 18:00:00,5190.832147006851
2022-06-28 21:00:00,6319.354469816917
2022-06-29 00:00:00,6877.218259283709
2022-06-29 03:00:00,4353.653751866816
2022-06-29 06:00:00,6052.832242617117
2022-06-29 09:00:00,3651.725470547125
2022-06-29 12:00:00,1098.876355663455
2022-06-29 15:00:00,6374.908200809499
2022-06-29 18:00:00,5670.984667907569
2022-06-29 21:00:00,7294.669183074561
2022-06-30 00:00:00,1625.3679423730596
2022-06-30 03:00:00,5277.674271786952
2022-06-30 06:00:00,4041.839157900261
2022-06-30 09:00:00,4421.431747596855
2022-06-30 12:00:00,3954.3565850876184
2022-06-30 15:00:00,4915.685821327937
2022-06-30 18:00:00,5614.93260352382
2022-06-30 21:00:00,301.58411347119363
2022-07-01 00:00:00,6994.631753632111
2022-07-01 03:00:00,3012.0773366377043
2022-07-01 06:00:00,3306.381500782115
2022-07-01 09:00:00,7371.525343239555
2022-07-01 12:00:00,6960.391026825861
2022-07-01 15:00:00,8229.929333030455
2022-07-01 18:00:00,6225.282092919149
2022-07-01 21:00:00,5747.096348582667
2022-07-02 00:00:00,6008.223033010827
2022-07-02 03:00:00,5067.980900567146
2022-07-02 06:00:00,6718.217273936818
2022-07-02 09:00:00,6785.639539191187
2022-07-02 12:00:00,7091.126986190851
2022-07-02 15:00:00,5803.4829761179935
2022-07-02 18:00:00,4101.677670974536
2022-07-02 21:00:00,5197.309083388917
2022-07-03 00:00:00,4156.041427670789
2022-07-03 03:00:00,2092.4382056128015
2022-07-03 06:00:00,4339.1322903175715
2022-07-03 09:00:00,7459.679557933332
2022-07-03 12:00:00,5880.6610091613375
2022-07-03 15:00:00,5619.381804129828
2022-07-03 18:00:00,6239.692492574995
2022-07-03 21:00:00,6543.609171692995
2022-07-04 00:00:00,6764.509208184853
2022-07-04 03:00:00,1788.5531462226727
2022-07-04 06:00:00,4490.78913646174
2022-07-04 09:00:00,6970.898011478643
2022-07-04 12:00:00,7333.442253232066
2022-07-04 15:00:00,5009.340936879889
2022-07-04 18:00:00,6634.785599605242
2022-07-04 21:00:00,6580.959155237748
2022-07-05 00:00:00,4196.018103739571
2022-07-05 03:00:00,5872.709676895223
2022-07-05 06:00:00,2204.35416662429
2022-07-05 09:00:00,5248.551421277833
2022-07-05 12:00:00,6098.704289270344
2022-07-05 15:00:00,5968.863058430422
2022-07-05 18:00:00,4099.863397875928
2022-07-05 21:00:00,8122.143039586087
2022-07-06 00:00:00,6241.51216050873
2022-07-06 03:00:00,6473.753278204678
2022-07-06 06:00:00,3907.275228470345
2022-07-06 09:00:00,6990.468543481276
2022-07-06 12:00:00,6882.459804489458
2022-07-06 15:00:00,5586.789248448469
2022-07-06 18:00:00,5955.363881228068
2022-07-06 21:00:00,6177.203025034374
2022-07-07 00:00:00,2487.3927935401766
2022-07-07 03:00:00,5576.392207867375
2022-07-07 06:00:00,5655.547469977194
2022-07-07 09:00:00,4079.9591851453833
2022-07-07 12:00:00,9360.747515117147
2022-07-07 15:00:00,5320.080303625045
2022-07-07 18:00:00,5395.383313139993
2022-07-07 21:00:00,5475.753193466099
2022-07-08 00:00:00,4615.818268981395
2022-07-08 03:00:00,4576.474915303418
2022-07-08 06:00:00,5490.648778870156
2022-07-08 09:00:00,6410.885280538922
2022-07-08 12:00:00,7555.266344518417
2022-07-08 15:00:00,6850.84094552954
2022-07-08 18:00:00,5443.014185272162
2022-07-08 21:00:00,5568.522306806631
2022-07-09 00:00:00,6067.828054977581
2022-07-09 03:00:00,3823.098096594721
2022-07-09 06:00:00,7492.069455586354
2022-07-09 09:00:00,3679.1932222028754
2022-07-09 12:00:00,4909.826445992351
2022-07-09 15:00:00,4162.459152344086
2022-07-09 18:00:00,2554.613927970984
2022-07-09 21:00:00,4210.462747772552
2022-07-10 00:00:00,4947.92802100805
2022-07-10 03:00:00,5774.394648657722
2022-07-10 06:00:00,5289.778601261563
2022-07-10 09:00:00,6426.60619084043
2022-07-10 12:00:00,6124.949805773781
2022-07-10 15:00:00,7366.783624539187
2022-07-10 18:00:00,5866.759150316134
2022-07-10 21:00:00,7260.027387717528
2022-07-11 00:00:00,3814.656737759473
2022-07-11 03:00:00,3968.6273090165787
2022-07-11 06:00:00,4291.623116212926
2022-07-11 09:00:00,5507.592466340806
2022-07-11 12:00:00,6248.271906776354
2022-07-11 15:00:00,4250.773415219307
2022-07-11 18:00:00,8115.1558182792005
2022-07-11 21:00:00,6991.270193385795
2022-07-12 00:00:00,1486.1981905709454
2022-07-12 03:00:00,4873.213962925996
2022-07-12 06:00:00,5013.666468212731
2022-07-12 09:00:00,4144.392318330536
2022-07-12 12:00:00,4319.4272963786725
2022-07-12 15:00:00,6931.225146085242
2022-07-12 18:00:00,5986.404119753681
2022-07-12 21:00:00,6049.334357106255
2022-07-13 00:00:00,4042.179224293068
2022-07-13 03:00:00,3304.33299823974
2022-07-13 06:00:00,6695.434841047998
2022-07-13 09:00:00,5195.5436553292275
2022-07-13 12:00:00,7618.353174708813
2022-07-13 15:00:00,4781.520025040326
2022-07-13 18:00:00,8331.332103275003
2022-07-13 21:00:00,5640.680281120896
2022-07-14 00:00:00,3406.767547872392
2022-07-14 03:00:00,3089.7117724091686
2022-07-14 06:00:00,4001.9798592624857
2022-07-14 09:00:00,6380.169293958393
2022-07-14 12:00:00,6859.04501631035
2022-07-14 15:00:00,6126.633302806963
2022-07-14 18:00:00,4250.119401680538
2022-07-14 21:00:00,4534.450647915851
2022-07-15 00:00:00,5798.102826068985
2022-07-15 03:00:00,5766.567606673546
2022-07-15 06:00:00,5564.595336076756
2022-07-15 09:00:00,3654.0633708721207
2022-07-15 12:00:00,5964.307978625529
2022-07-15 15:00:00,6907.69506287176
2022-07-15 18:00:00,5883.05233955207
2022-07-15 21:00:00,7297.660523451512
2022-07-16 00:00:00,4643.804651768277
2022-07-16 03:00:00,5934.756405722726
2022-07-16 06:00:00,4436.189122713213
2022-07-16 09:00:00,6012.329116552844
2022-07-16 12:00:00,3992.2886569010025
2022-07-16 15:00:00,6752.304573103331
2022-07-16 18:00:00,6206.729229965164
2022-07-16 21:00:00,4583.059741373729
2022-07-17 00:00:00,6086.683490162975
2022-07-17 03:00:00,1252.1533536367156
2022-07-17 06:00:00,5185.369092276495
2022-07-17 09:00:00,5255.31358955487
2022-07-17 12:00:00,5904.04232284097
2022-07-17 15:00:00,6792.393944267065
2022-07-17 18:00:00,5605.403301541732
2022-07-17 21:00:00,7657.671478320488
2022-07-18 00:00:00,4906.324569065095
2022-07-18 03:00:00,2038.6486134832644
2022-07-18 06:00:00,4351.153674009584
2022-07-18 09:00:00,6740.358803952977
2022-07-18 12:00:00,5891.810807536278
2022-07-18 15:00:00,6807.027940524627
2022-07-18 18:00:00,5740.170695865193
2022-07-18 21:00:00,2412.2895241464093
2022-07-19 00:00:00,4515.84346407041
2022-07-19 03:00:00,1117.3704306368004
2022-07-19 06:00:00,6145.829613821903
2022-07-19 09:00:00,4424.721723394617
2022-07-19 12:00:00,5276.750675253174
2022-07-19 15:00:00,5137.640510328961
2022-07-19 18:00:00,7325.30839984977
2022-07-19 21:00:00,7103.8188149583275
2022-07-20 00:00:00,3401.360655816499
2022-07-20 03:00:00,5257.896868726154
2022-07-20 06:00:00,6322.709064166998
2022-07-20 09:00:00,3504.2347518181805
2022-07-20 12:00:00,2429.8692277311925
2022-07-20 15:00:00,5151.619837277722
2022-07-20 18:00:00,4569.120108995341
2022-07-20 21:00:00,4460.099966855717
2022-07-21 00:00:00,4720.662455096231
2022-07-21 03:00:00,5374.831239240105
2022-07-21 06:00:00,2723.148836875051
2022-07-21 09:00:00,6831.019616941745
2022-07-21 12:00:00,6219.564740864074
2022-07-21 15:00:00,6520.802337250336
2022-07-21 18:00:00,5486.293697085175
2022-07-21 21:00:00,5277.204809565633
2022-07-22 00:00:00,5699.379289513775
2022-07-22 03:00:00,4469.81844920556
2022-07-22 06:00:00,3957.4594119887333
2022-07-22 09:00:00,4329.73232424052
2022-07-22 12:00:00,5142.248320645526
2022-07-22 15:00:00,6459.882960902976
2022-07-22 18:00:00,6079.5214632259995
2022-07-22 21:00:00,5821.073243905443
2022-07-23 00:00:00,5489.425566642935
2022-07-23 03:00:00,5325.24452950324
2022-07-23 06:00:00,4694.642655703217
2022-07-23 09:00:00,4114.191871397431
2022-07-23 12:00:00,4990.565785153751
2022-07-23 15:00:00,6446.03981868642
2022-07-23 18:00:00,5139.483396071045
2022-07-23 21:00:00,5767.708627872121
2022-07-24 00:00:00,2720.3161703042315
2022-07-24 03:00:00,5184.398443658756
2022-07-24 06:00:00,4012.792396301029
2022-07-24 09:00:00,5588.096539314508
2022-07-24 12:00:00,4823.194367932902
2022-07-24 15:00:00,4107.565293473253
2022-07-24 18:00:00,6081.008477903375
2022-07-24 21:00:00,5676.911373261086
2022-07-25 00:00:00,4486.669292922964
2022-07-25 03:00:00,3650.8984896818565
2022-07-25 06:00:00,5259.71956002476
2022-07-25 09:00:00,6442.615640099844
2022-07-25 12:00:00,3994.4581402523518
2022-07-25 15:00:00,4744.738080514965
2022-07-25 18:00:00,8172.087450739771
2022-07-25 21:00:00,6044.248871532429
2022-07-26 00:00:00,3577.833610173566
2022-07-26 03:00:00,2773.075774314703
2022-07-26 06:00:00,5007.29155582659
2022-07-26 09:00:00,4545.473980977793
2022-07-26 12:00:00,7553.125050822269
2022-07-26 15:00:00,4912.626743444679
2022-07-26 18:00:00,7225.35982353419
2022-07-26 21:00:00,5505.020644754252
2022-07-27 00:00:00,1319.2181202003599
2022-07-27 03:00:00,6709.463097348322
2022-07-27 06:00:00,6573.915902162625
2022-07-27 09:00:00,4328.459967069313
2022-07-27 12:00:00,4760.589660333563
2022-07-27 15:00:00,5677.966138436934
2022-07-27 18:00:00,6273.378727280859
2022-07-27 21:00:00,5529.3881352895705
2022-07-28 00:00:00,4832.868775644936
2022-07-28 03:00:00,5964.915755095371
2022-07-28 06:00:00,4972.813038773702
2022-07-28 09:00:00,5906.708076778954
2022-07-28 12:00:00,4146.164070905025
2022-07-28 15:00:00,6519.047949680881
2022-07-28 18:00:00,4470.0940968410405
2022-07-28 21:00:00,7953.750958342382
2022-07-29 00:00:00,5437.7569264696995
2022-07-29 03:00:00,6064.124386825678
2022-07-29 06:00:00,3902.230446245386
2022-07-29 09:00:00,5655.048406937124
2022-07-29 12:00:00,6354.033821423154
2022-07-29 15:00:00,6265.910518662359
2022-07-29 18:00:00,6269.043287991341
2022-07-29 21:00:00,4745.740966667109
2022-07-30 00:00:00,4864.386869280238
2022-07-30 03:00:00,5441.981002790359
2022-07-30 06:00:00,3904.9202724272036
2022-07-30 09:00:00,5256.802795199178
2022-07-30 12:00:00,7252.212490950696
2022-07-30 15:00:00,6854.329751938975
2022-07-30 18:00:00,3364.2436803858727
2022-07-30 21:00:00,5210.974282638018
2022-07-31 00:00:00,1350.0277926756048
2022-07-31 03:00:00,5625.215617674108
2022-07-31 06:00:00,1246.5131336376244
2022-07-31 09:00:00,5371.381696776444
2022-07-31 12:00:00,6040.094648875484
2022-07-31 15:00:00,4983.337375409815
2022-07-31 18:00:00,5236.840282775447
2022-07-31 21:00:00,3250.2376656285865
2022-08-01 00:00:00,3711.1040543044433
2022-08-01 03:00:00,5132.754714880209
2022-08-01 06:00:00,3134.4350577589357
2022-08-01 09:00:00,5513.642672057693
2022-08-01 12:00:00,5545.098797035156
2022-08-01 15:00:00,5821.024010068026
2022-08-01 18:00:00,3604.5614156174497
2022-08-01 21:00:00,2859.4471366426224
2022-08-02 00:00:00,4713.43738131226
2022-08-02 03:00:00,4358.706180205521
2022-08-02 06:00:00,5053.158147308602
2022-08-02 09:00:00,6205.077354038671
2022-08-02 12:00:00,3941.3688091939202
2022-08-02 15:00:00,6897.74155521823
2022-08-02 18:00:00,5668.488185606685
2022-08-02 21:00:00,3952.27216308629
2022-08-03 00:00:00,3670.2290759756193
2022-08-03 03:00:00,5523.007154054067
2022-08-03 06:00:00,3765.501675279015
2022-08-03 09:00:00,1563.8180546734934
2022-08-03 12:00:00,3011.31921168834
2022-08-03 15:00:00,6436.968742469959
2022-08-03 18:00:00,5152.558379785985
2022-08-03 21:00:00,5264.760093280969
2022-08-04 00:00:00,4769.1438565140925
2022-08-04 03:00:00,4017.862138477239
2022-08-04 06:00:00,4018.9600070677407
2022-08-04 09:00:00,3633.5553929523307
2022-08-04 12:00:00,5275.940756903312
2022-08-04 15:00:00,5126.2411965670235
2022-08-04 18:00:00,6354.870429614183
2022-08-04 21:00:00,3358.5540221993747
2022-08-05 00:00:00,5242.839559694666
2022-08-05 03:00:00,4823.1682987346085
2022-08-05 06:00:00,4814.712598241433
2022-08-05 09:00:00,6655.686027756599
2022-08-05 12:00:00,5304.255408685771
2022-08-05 15:00:00,4692.860306978036
2022-08-05 18:00:00,6228.99600092129
2022-08-05 21:00:00,5526.286794027292
2022-08-06 00:00:00,3181.094176458382
2022-08-06 03:00:00,1921.8967112061068
2022-08-06 06:00:00,5182.585295184832
2022-08-06 09:00:00,3780.189171035074
2022-08-06 12:00:00,5895.1804002636745
2022-08-06 15:00:00,6184.615843797159
2022-08-06 18:00:00,3101.7040254935373
2022-08-06 21:00:00,5496.453132339944
2022-08-07 00:00:00,2379.509692153625
2022-08-07 03:00:00,5690.622808455255
2022-08-07 06:00:00,5349.982725555994
2022-08-07 09:00:00,5875.504373155725
2022-08-07 12:00:00,3694.774853305492
2022-08-07 15:00:00,4572.931081315174
2022-08-07 18:00:00,6277.149084046402
2022-08-07 21:00:00,4576.9942369552955
2022-08-08 00:00:00,4932.786444889928
2022-08-08 03:00:00,2945.3396596788016
2022-08-08 06:00:00,4852.887236082628
2022-08-08 09:00:00,3532.2514528207275
2022-08-08 12:00:00,4541.44102737962
2022-08-08 15:00:00,4987.085981046527
2022-08-08 18:00:00,497.71841198761194
2022-08-08 21:00:00,3993.557324330478
2022-08-09 00:00:00,2924.5416991948714
2022-08-09 03:00:00,4164.4112176452545
2022-08-09 06:00:00,3273.610321105002
2022-08-09 09:00:00,4705.060029548593
2022-08-09 12:00:00,6540.698847525739
2022-08-09 15:00:00,5646.535016368703
2022-08-09 18:00:00,4155.239337693533
2022-08-09 21:00:00,5161.7211564029785
2022-08-10 00:00:00,4447.070678316013
2022-08-10 03:00:00,5945.361874450855
2022-08-10 06:00:00,4885.164869724105
2022-08-10 09:00:00,3390.4269824384273
2022-08-10 12:00:00,4676.167472871297
2022-08-10 15:00:00,4532.392908595867
2022-08-10 18:00:00,4839.08316203214
2022-08-10 21:00:00,3308.3054219257124
2022-08-11 00:00:00,3612.374668256025
2022-08-11 03:00:00,5003.493976449623
2022-08-11 06:00:00,-117.60234580238648
2022-08-11 09:00:00,4276.007386351668
2022-08-11 12:00:00,5540.451054586301
2022-08-11 15:00:00,7076.263823344045
2022-08-11 18:00:00,6110.747610375455
2022-08-11 21:00:00,2952.3031784813693
2022-08-12 00:00:00,5759.533211269294
2022-08-12 03:00:00,1732.154270821119
2022-08-12 06:00:00,1339.6860519587171
2022-08-12 09:00:00,3203.700080183825
2022-08-12 12:00:00,4284.433078373627
2022-08-12 15:00:00,4764.005764590109
2022-08-12 18:00:00,6850.3216364403
2022-08-12 21:00:00,5098.272530959053
2022-08-13 00:00:00,5837.402231701979
2022-08-13 03:00:00,5080.56050538494
2022-08-13 06:00:00,4232.811578372424
2022-08-13 09:00:00,3122.3640481448506
2022-08-13 12:00:00,6216.213985630384
2022-08-13 15:00:00,4841.272352163262
2022-08-13 18:00:00,4839.741394238185
2022-08-13 21:00:00,3399.1598369949625
2022-08-14 00:00:00,4962.636149580714
2022-08-14 03:00:00,5511.86495029226
2022-08-14 06:00:00,4252.7737561531085
2022-08-14 09:00:00,3325.9455018077083
2022-08-14 12:00:00,4820.9646790386305
2022-08-14 15:00:00,3641.8157674157437
2022-08-14 18:00:00,3655.9960910523932
2022-08-14 21:00:00,3947.7188790380756
2022-08-15 00:00:00,4455.215854843418
2022-08-15 03:00:00,4505.166827142976
2022-08-15 06:00:00,5559.915517190939
2022-08-15 09:00:00,3486.735190607228
2022-08-15 12:00:00,6885.855927912022
2022-08-15 15:00:00,4472.959529236913
2022-08-15 18:00:00,6451.058627242117
2022-08-15 21:00:00,4163.846244820909
2022-08-16 00:00:00,4999.565211867144
2022-08-16 03:00:00,4813.675115634897
2022-08-16 06:00:00,-692.2954373289276
2022-08-16 09:00:00,3257.355245946756
2022-08-16 12:00:00,5280.6789291303885
2022-08-16 15:00:00,4913.643921816403
2022-08-16 18:00:00,4253.993912674425
2022-08-16 21:00:00,5712.649780303174
2022-08-17 00:00:00,7118.304697577512
2022-08-17 03:00:00,5242.84370663549
2022-08-17 06:00:00,2743.861027439461
2022-08-17 09:00:00,5628.487679473437
2022-08-17 12:00:00,6402.565211971551
2022-08-17 15:00:00,6710.397014507763
2022-08-17 18:00:00,2960.8841585319487
2022-08-17 21:00:00,6511.067173183975
2022-08-18 00:00:00,3817.044213959687
2022-08-18 03:00:00,1052.5067034562016
2022-08-18 06:00:00,5974.240255427694
2022-08-18 09:00:00,4204.331880769746
2022-08-18 12:00:00,6111.952761590215
2022-08-18 15:00:00,6354.486651430898
2022-08-18 18:00:00,5222.598904447658
2022-08-18 21:00:00,675.1704402388514
2022-08-19 00:00:00,3340.3581668222278
2022-08-19 03:00:00,1428.8044395635397
2022-08-19 06:00:00,3188.015167235714
2022-08-19 09:00:00,4850.138817355919
2022-08-19 12:00:00,5924.435166618945
2022-08-19 15:00:00,4535.641909019135
2022-08-19 18:00:00,4232.846526252601
2022-08-19 21:00:00,6221.015556301232
2022-08-20 00:00:00,4391.102404319713
2022-08-20 03:00:00,5757.800643897618
2022-08-20 06:00:00,1711.5135590706604
2022-08-20 09:00:00,6086.365485337685
2022-08-20 12:00:00,4846.426940174389
2022-08-20 15:00:00,6699.081305542453
2022-08-20 18:00:00,4877.107777201048
2022-08-20 21:00:00,4673.584453745897
2022-08-21 00:00:00,4274.124712086089
2022-08-21 03:00:00,4072.856991808809
2022-08-21 06:00:00,4269.103510694614
2022-08-21 09:00:00,4100.280821476845
2022-08-21 12:00:00,6644.120945170783
2022-08-21 15:00:00,3020.7445117505245
2022-08-21 18:00:00,3522.693767685865
2022-08-21 21:00:00,4561.147547940464
2022-08-22 00:00:00,4561.735152929588
2022-08-22 03:00:00,3746.3197047038884
2022-08-22 06:00:00,1146.2715995611657
2022-08-22 09:00:00,3360.3637529418934
2022-08-22 12:00:00,5588.706462998243
2022-08-22 15:00:00,4328.738781940356
2022-08-22 18:00:00,6930.590219717431
2022-08-22 21:00:00,1405.3196800882824
2022-08-23 00:00:00,2361.4171521127005
2022-08-23 03:00:00,2492.599075960308
2022-08-23 06:00:00,3137.5968587360085
2022-08-23 09:00:00,4375.47473668801
2022-08-23 12:00:00,4364.7169230775
2022-08-23 15:00:00,3908.572218689669
2022-08-23 18:00:00,6309.690881943687
2022-08-23 21:00:00,3550.749410585316
2022-08-24 00:00:00,2206.3983653832524
2022-08-24 03:00:00,4668.124113583863
2022-08-24 06:00:00,2328.5816930423543
2022-08-24 09:00:00,3527.6836546847535
2022-08-24 12:00:00,6237.805993218064
2022-08-24 15:00:00,4417.34149673326
2022-08-24 18:00:00,2615.9488800508675
2022-08-24 21:00:00,4751.620589452018
2022-08-25 00:00:00,4592.325826760752
2022-08-25 03:00:00,3636.8687584369763
2022-08-25 06:00:00,3406.4404431589164
2022-08-25 09:00:00,2496.694146874128
2022-08-25 12:00:00,3674.642988300674
2022-08-25 15:00:00,2647.8257556368267
2022-08-25 18:00:00,5220.056467529808
2022-08-25 21:00:00,4756.769933769102
2022-08-26 00:00:00,1298.3740673640145
2022-08-26 03:00:00,3946.8765375478984
2022-08-26 06:00:00,2933.6181525533066
2022-08-26 09:00:00,3559.633244555356
2022-08-26 12:00:00,6799.048974657308
2022-08-26 15:00:00,6212.95636515615
2022-08-26 18:00:00,3473.9700090290316
2022-08-26 21:00:00,2947.915270213235
2022-08-27 00:00:00,3908.138968009122
2022-08-27 03:00:00,3319.7117791888395
2022-08-27 06:00:00,2632.711591989222
2022-08-27 09:00:00,6093.747304445114
2022-08-27 12:00:00,4794.351153466803
2022-08-27 15:00:00,3110.2037589929946
2022-08-27 18:00:00,2554.408096183021
2022-08-27 21:00:00,4502.754705186682
2022-08-28 00:00:00,4684.669757547363
2022-08-28 03:00:00,3672.3329220989176
2022-08-28 06:00:00,450.56608305597
2022-08-28 09:00:00,4613.274732866691
2022-08-28 12:00:00,1876.232611225858
2022-08-28 15:00:00,6185.476054820499
2022-08-28 18:00:00,6289.981131198185
2022-08-28 21:00:00,4023.2886118146344
2022-08-29 00:00:00,3110.2384112734535
2022-08-29 03:00:00,2603.387628032884
2022-08-29 06:00:00,4958.985423572745
2022-08-29 09:00:00,1184.1481030579776
2022-08-29 12:00:00,6518.630265176089
2022-08-29 15:00:00,3908.578375963209
2022-08-29 18:00:00,5411.102742111324
2022-08-29 21:00:00,2428.371486190265
2022-08-30 00:00:00,3316.9864866756016
2022-08-30 03:00:00,2623.3159429368834
2022-08-30 06:00:00,176.02369194599305
2022-08-30 09:00:00,5357.8775452954515
2022-08-30 12:00:00,2496.4410466148697
2022-08-30 15:00:00,6646.992089787411
2022-08-30 18:00:00,3516.523027337281
2022-08-30 21:00:00,3967.003366790869
2022-08-31 00:00:00,4001.47113152771
2022-08-31 03:00:00,4474.645149971708
2022-08-31 06:00:00,3467.584460488132
2022-08-31 09:00:00,3951.853515714364
2022-08-31 12:00:00,5173.167808644386
2022-08-31 15:00:00,4118.280237409764
2022-08-31 18:00:00,4693.429104526273
2022-08-31 21:00:00,3637.5493559852084
2022-09-01 00:00:00,1961.8060196042843
2022-09-01 03:00:00,281.6048258156088
2022-09-01 06:00:00,3928.02911577996
2022-09-01 09:00:00,3045.9353954762164
2022-09-01 12:00:00,6723.897246109769
2022-09-01 15:00:00,2969.6260646490264
2022-09-01 18:00:00,6411.158862757859
2022-09-01 21:00:00,1907.7242417237221
2022-09-02 00:00:00,2437.2530424576466
2022-09-02 03:00:00,3611.66432133705
2022-09-02 06:00:00,4992.47136270362
2022-09-02 09:00:00,5900.834155367569
2022-09-02 12:00:00,3709.521544786375
2022-09-02 15:00:00,1873.625733893744
2022-09-02 18:00:00,6575.235711480556
2022-09-02 21:00:00,5886.209489426346
2022-09-03 00:00:00,1071.5937292583326
2022-09-03 03:00:00,3077.2114115480526
2022-09-03 06:00:00,3094.0132504352505
2022-09-03 09:00:00,3306.746597550603
2022-09-03 12:00:00,4115.382358890482
2022-09-03 15:00:00,3510.729309134702
2022-09-03 18:00:00,4552.613836228321
2022-09-03 21:00:00,4210.884409524417
2022-09-04 00:00:00,4426.009521833202
2022-09-04 03:00:00,4495.32342670096
2022-09-04 06:00:00,2812.342058178639
2022-09-04 09:00:00,1298.4254532093032
2022-09-04 12:00:00,3969.8011762549227
2022-09-04 15:00:00,5777.25925988672
2022-09-04 18:00:00,5884.56418287786
2022-09-04 21:00:00,3944.983755673811
2022-09-05 00:00:00,4771.648771392026
2022-09-05 03:00:00,4304.279707651928
2022-09-05 06:00:00,4697.436745862663
2022-09-05 09:00:00,5436.891685840647
2022-09-05 12:00:00,3456.009467151922
2022-09-05 15:00:00,5175.252847565385
2022-09-05 18:00:00,4638.933465846674
2022-09-05 21:00:00,4332.880039707064
2022-09-06 00:00:00,1267.664900646399
2022-09-06 03:00:00,3085.07661302381
2022-09-06 06:00:00,2674.68087536344
2022-09-06 09:00:00,4164.904431128256
2022-09-06 12:00:00,4737.13779358916
2022-09-06 15:00:00,3376.4043234034843
2022-09-06 18:00:00,4754.945769822377
2022-09-06 21:00:00,4780.407406524719
2022-09-07 00:00:00,4589.438164875178
2022-09-07 03:00:00,1121.7408290648145
2022-09-07 06:00:00,1396.2108592130362
2022-09-07 09:00:00,3663.563916502046
2022-09-07 12:00:00,5345.381793148544
2022-09-07 15:00:00,3226.91309566158
2022-09-07 18:00:00,6029.454452893226
2022-09-07 21:00:00,3269.6272409238127
2022-09-08 00:00:00,6144.6608323289065
2022-09-08 03:00:00,3781.824131625215
2022-09-08 06:00:00,1682.5286030238235
2022-09-08 09:00:00,2856.8958446726806
2022-09-08 12:00:00,3596.336830909056
2022-09-08 15:00:00,6012.335997462742
2022-09-08 18:00:00,5281.183566900985
2022-09-08 21:00:00,4622.661389119967
2022-09-09 00:00:00,4421.851473412766
2022-09-09 03:00:00,4866.805518316165
2022-09-09 06:00:00,3526.378964776079
2022-09-09 09:00:00,3577.890237296856
2022-09-09 12:00:00,5724.022107954718
2022-09-09 15:00:00,6635.021524481566
2022-09-09 18:00:00,5766.867980310683
2022-09-09 21:00:00,3391.2702021255855
2022-09-10 00:00:00,1757.244730442951
2022-09-10 03:00:00,2359.2046497158276
2022-09-10 06:00:00,3387.327903285025
2022-09-10 09:00:00,386.36848174039824
2022-09-10 12:00:00,1571.0792066403028
2022-09-10 15:00:00,5938.16483380488
2022-09-10 18:00:00,2753.4874724020146
2022-09-10 21:00:00,2292.5809280522594
2022-09-11 00:00:00,2863.715249558056
2022-09-11 03:00:00,3094.6588713655883
2022-09-11 06:00:00,1324.1768615248402
2022-09-11 09:00:00,4011.5576640826084
2022-09-11 12:00:00,4813.8868492465535
2022-09-11 15:00:00,3100.429777290319
2022-09-11 18:00:00,5920.640936720894
2022-09-11 21:00:00,4699.440566599541
2022-09-12 00:00:00,4489.931022776405
2022-09-12 03:00:00,3252.393302340124
2022-09-12 06:00:00,5404.538016340382
2022-09-12 09:00:00,1459.5201291486323
2022-09-12 12:00:00,5231.491423730162
2022-09-12 15:00:00,2858.5587328626575
2022-09-12 18:00:00,2970.216547576161
2022-09-12 21:00:00,2493.6892852286805
2022-09-13 00:00:00,5418.865126513432
2022-09-13 03:00:00,5369.205118192804
2022-09-13 06:00:00,3389.124704169423
2022-09-13 09:00:00,3605.458459776787
2022-09-13 12:00:00,5997.113496807128
2022-09-13 15:00:00,4404.327208163936
2022-09-13 18:00:00,6043.7780760879305
2022-09-13 21:00:00,2747.012188872285
2022-09-14 00:00:00,2201.3007169709385
2022-09-14 03:00:00,3381.183539505417
2022-09-14 06:00:00,-648.443749653602
2022-09-14 09:00:00,4631.959993683354
2022-09-14 12:00:00,4800.359348292841
2022-09-14 15:00:00,5166.667712099282
2022-09-14 18:00:00,2280.3010544841277
2022-09-14 21:00:00,4303.218351263069
2022-09-15 00:00:00,-328.735293811078
2022-09-15 03:00:00,2207.274240913959
2022-09-15 06:00:00,4605.306382215736
2022-09-15 09:00:00,5108.812732368913
2022-09-15 12:00:00,1519.9739050909125
2022-09-15 15:00:00,4564.103696401367
2022-09-15 18:00:00,4313.866429253837
2022-09-15 21:00:00,3748.118161166625
2022-09-16 00:00:00,4907.592503644272
2022-09-16 03:00:00,2597.18267077141
2022-09-16 06:00:00,4025.468963086116
2022-09-16 09:00:00,3341.2684953007483
2022-09-16 12:00:00,2345.878717813239
2022-09-16 15:00:00,520.5642919626625
2022-09-16 18:00:00,1231.5514400563834
2022-09-16 21:00:00,4314.016040559729
2022-09-17 00:00:00,3287.175476348264
2022-09-17 03:00:00,2998.2160461566464
2022-09-17 06:00:00,2390.3086954221103
2022-09-17 09:00:00,5598.0307912096
2022-09-17 12:00:00,3977.9147857253392
2022-09-17 15:00:00,2531.4753519424144
2022-09-17 18:00:00,3814.9963240537236
2022-09-17 21:00:00,3257.386564607951
2022-09-18 00:00:00,4871.634560025549
2022-09-18 03:00:00,2007.6610044052177
2022-09-18 06:00:00,3181.4328625284634
2022-09-18 09:00:00,4907.342531678645
2022-09-18 12:00:00,6211.523233344092
2022-09-18 15:00:00,4097.4406883928905
2022-09-18 18:00:00,1921.4432460134067
2022-09-18 21:00:00,2673.652468350981
2022-09-19 00:00:00,3159.4296510762447
2022-09-19 03:00:00,2637.9806023303204
2022-09-19 06:00:00,2432.536488660913
2022-09-19 09:00:00,4439.965753509892
2022-09-19 12:00:00,3417.762257843128
2022-09-19 15:00:00,5478.965733840624
2022-09-19 18:00:00,2256.129508298906
2022-09-19 21:00:00,3409.8806192595857
2022-09-20 00:00:00,2957.332740343508
2022-09-20 03:00:00,3031.037681318314
2022-09-20 06:00:00,4208.237013254726
2022-09-20 09:00:00,3516.9946846200955
2022-09-20 12:00:00,3800.2689396236897
2022-09-20 15:00:00,4714.060456257446
2022-09-20 18:00:00,3340.0375679357967
2022-09-20 21:00:00,-167.6412525879132
2022-09-21 00:00:00,2071.70880595833
2022-09-21 03:00:00,2096.747576473619
2022-09-21 06:00:00,2663.410612242407
2022-09-21 09:00:00,3205.8394851236426
2022-09-21 12:00:00,4529.622375415451
2022-09-21 15:00:00,4938.895593280093
2022-09-21 18:00:00,4463.620113790472
2022-09-21 21:00:00,3998.322009978461
2022-09-22 00:00:00,4297.903255132245
2022-09-22 03:00:00,2931.335564410647
2022-09-22 06:00:00,2685.4727894165844
2022-09-22 09:00:00,3030.500312504914
2022-09-22 12:00:00,4512.300754041129
2022-09-22 15:00:00,2240.7724358353985
2022-09-22 18:00:00,3467.1860728666734
2022-09-22 21:00:00,3516.4247128819457
2022-09-23 00:00:00,802.84321852014
2022-09-23 03:00:00,2340.7056198801533
2022-09-23 06:00:00,2958.5852732771855
2022-09-23 09:00:00,4739.822197186953
2022-09-23 12:00:00,5915.55818724458
2022-09-23 15:00:00,5662.161413491492
2022-09-23 18:00:00,3617.844696298471
2022-09-23 21:00:00,3738.7514092787133
2022-09-24 00:00:00,2987.7985910759608
2022-09-24 03:00:00,1904.6083171765185
2022-09-24 06:00:00,3274.194073317565
2022-09-24 09:00:00,4766.5577914004825
2022-09-24 12:00:00,5602.090500911429
2022-09-24 15:00:00,5647.412737071335
2022-09-24 18:00:00,3274.1865824587035
2022-09-24 21:00:00,2361.241544041672
2022-09-25 00:00:00,1938.3683029177055
2022-09-25 03:00:00,2028.6418061987674
2022-09-25 06:00:00,3561.178208930825
2022-09-25 09:00:00,3448.0537759970775
2022-09-25 12:00:00,4817.23157485095
2022-09-25 15:00:00,4795.727680432196
2022-09-25 18:00:00,4509.0007007286595
2022-09-25 21:00:00,3475.5712458756057
2022-09-26 00:00:00,2233.005962738402
2022-09-26 03:00:00,2991.8488025663073
2022-09-26 06:00:00,3414.7143260919793
2022-09-26 09:00:00,3462.137680206597
2022-09-26 12:00:00,3807.658225887867
2022-09-26 15:00:00,3686.8714632361502
2022-09-26 18:00:00,2625.3140925483817
2022-09-26 21:00:00,3591.504845293343
2022-09-27 00:00:00,2994.1747378587934
2022-09-27 03:00:00,1018.5971339836906
2022-09-27 06:00:00,4354.869803613607
2022-09-27 09:00:00,3334.7219008173843
2022-09-27 12:00:00,3624.7599974338746
2022-09-27 15:00:00,-1402.5278447778837
2022-09-27 18:00:00,3078.4123605043583
2022-09-27 21:00:00,1045.7006885363767
2022-09-28 00:00:00,3712.0130782822416
2022-09-28 03:00:00,2537.6659025616077
2022-09-28 06:00:00,396.456954853581
2022-09-28 09:00:00,2316.2885819463254
2022-09-28 12:00:00,3341.2604020699932
2022-09-28 15:00:00,4647.532165567691
2022-09-28 18:00:00,5814.962781448975
2022-09-28 21:00:00,2134.0313695731616
2022-09-29 00:00:00,3936.8593727038888
2022-09-29 03:00:00,2566.137186662562
2022-09-29 06:00:00,2665.8844337461455
2022-09-29 09:00:00,4276.873295211661
2022-09-29 12:00:00,3258.998713232157
2022-09-29 15:00:00,6073.649462152558
2022-09-29 18:00:00,3438.7121696288013
2022-09-29 21:00:00,2927.266233161092
2022-09-30 00:00:00,3378.147256985414
2022-09-30 03:00:00,4900.147916000212
2022-09-30 06:00:00,2821.115898700731
2022-09-30 09:00:00,4681.307189201703
2022-09-30 12:00:00,5932.448053805271
2022-09-30 15:00:00,4500.250202422589
2022-09-30 18:00:00,888.7357446282294
2022-09-30 21:00:00,3130.647014425075
2022-10-01 00:00:00,4251.404726224721
2022-10-01 03:00:00,2347.50273975863
2022-10-01 06:00:00,3212.565019346358
2022-10-01 09:00:00,2088.2511651367313
2022-10-01 12:00:00,1010.9611697059709
2022-10-01 15:00:00,5081.590263000171
2022-10-01 18:00:00,3975.536402331858
2022-10-01 21:00:00,4974.845101209165
2022-10-02 00:00:00,1737.6303602898265
2022-10-02 03:00:00,2899.451239218385
2022-10-02 06:00:00,3629.3065171568746
2022-10-02 09:00:00,2998.4159582806956
2022-10-02 12:00:00,3037.290062449765
2022-10-02 15:00:00,1324.836393695401
2022-10-02 18:00:00,2715.697983657598
2022-10-02 21:00:00,2782.570242789534
2022-10-03 00:00:00,4205.880948278503
2022-10-03 03:00:00,2687.3526039641197
2022-10-03 06:00:00,1010.4204051571778
2022-10-03 09:00:00,2354.056253895973
2022-10-03 12:00:00,3751.977648744829
2022-10-03 15:00:00,5321.157990749934
2022-10-03 18:00:00,1550.8871165969217
2022-10-03 21:00:00,1837.4827309639695
2022-10-04 00:00:00,925.694509786259
2022-10-04 03:00:00,1909.0768193748931
2022-10-04 06:00:00,4600.050868524873
2022-10-04 09:00:00,1982.340519919337
2022-10-04 12:00:00,2551.693000205451
2022-10-04 15:00:00,-1035.3952857021504
2022-10-04 18:00:00,5104.763669545666
2022-10-04 21:00:00,1336.8786827096164
2022-10-05 00:00:00,2946.9760163646656
2022-10-05 03:00:00,3912.8626618876133
2022-10-05 06:00:00,1274.1713556496225
2022-10-05 09:00:00,4021.0115547722453
2022-10-05 12:00:00,3319.5909557223104
2022-10-05 15:00:00,6311.814129393584
2022-10-05 18:00:00,5578.5007519926885
2022-10-05 21:00:00,4171.969710130364
2022-10-06 00:00:00,3919.2663585858077
2022-10-06 03:00:00,3082.3373129492093
2022-10-06 06:00:00,4432.248544429269
2022-10-06 09:00:00,4247.42857111104
2022-10-06 12:00:00,2499.3911482492117
2022-10-06 15:00:00,4368.820289181259
2022-10-06 18:00:00,3231.865089615809
2022-10-06 21:00:00,4850.774274319139
2022-10-07 00:00:00,2964.237628799019
2022-10-07 03:00:00,3664.7343670175524
2022-10-07 06:00:00,3891.376716763846
2022-10-07 09:00:00,3571.9620484986317
2022-10-07 12:00:00,5170.229747326515
2022-10-07 15:00:00,3322.575228954795
2022-10-07 18:00:00,3468.4706340016437
2022-10-07 21:00:00,2347.910955449531
2022-10-08 00:00:00,3659.2560000502126
2022-10-08 03:00:00,2721.4146564699263
2022-10-08 06:00:00,3303.536583307892
2022-10-08 09:00:00,4343.702046659529
2022-10-08 12:00:00,3756.074563624385
2022-10-08 15:00:00,6485.2056496098985
2022-10-08 18:00:00,4255.446043716691
2022-10-08 21:00:00,4846.823358822675
2022-10-09 00:00:00,3969.7263521730974
2022-10-09 03:00:00,721.2420207441646
2022-10-09 06:00:00,3499.6807438967166
2022-10-09 09:00:00,2246.4380098630913
2022-10-09 12:00:00,3272.790040258058
2022-10-09 15:00:00,3096.0610340412004
2022-10-09 18:00:00,5213.337098436793
2022-10-09 21:00:00,2840.524624667249
2022-10-10 00:00:00,2356.085971287329
2022-10-10 03:00:00,3348.7228639624
2022-10-10 06:00:00,1371.83396363052
2022-10-10 09:00:00,2855.7540884407144
2022-10-10 12:00:00,3397.54161788699
2022-10-10 15:00:00,4974.7044462609765
2022-10-10 18:00:00,2999.385509603655
2022-10-10 21:00:00,4684.362296258144
2022-10-11 00:00:00,5336.558854871629
2022-10-11 03:00:00,2242.443330172276
2022-10-11 06:00:00,593.1655141508063
2022-10-11 09:00:00,3033.4985400580617
2022-10-11 12:00:00,3796.450679634463
2022-10-11 15:00:00,4646.93966892596
2022-10-11 18:00:00,4083.3990276981276
2022-10-11 21:00:00,1462.350342733364
2022-10-12 00:00:00,3761.6658483170622
2022-10-12 03:00:00,2945.728790198258
2022-10-12 06:00:00,2208.8094602254882
2022-10-12 09:00:00,3294.694632284867
2022-10-12 12:00:00,399.3538728552221
2022-10-12 15:00:00,3694.0907576619165
2022-10-12 18:00:00,3734.8511123920734
2022-10-12 21:00:00,2587.5359623309682
2022-10-13 00:00:00,1079.419263747659
2022-10-13 03:00:00,1753.3376962675352
2022-10-13 06:00:00,3447.9409637574645
2022-10-13 09:00:00,3472.973101109037
2022-10-13 12:00:00,2917.153831303597
2022-10-13 15:00:00,1713.9973271592885
2022-10-13 18:00:00,3951.6601088191687
2022-10-13 21:00:00,2461.919408221623
2022-10-14 00:00:00,4280.267696439446
2022-10-14 03:00:00,2085.6688303022256
2022-10-14 06:00:00,2396.7714986785822
2022-10-14 09:00:00,4290.355438476221
2022-10-14 12:00:00,1689.8116205621486
2022-10-14 15:00:00,304.27082536730177
2022-10-14 18:00:00,3337.495325095817
2022-10-14 21:00:00,3874.5089208604477
2022-10-15 00:00:00,3202.6026547895112
2022-10-15 03:00:00,2421.891242043392
2022-10-15 06:00:00,-1000.9166202499264
2022-10-15 09:00:00,4561.142128534535
2022-10-15 12:00:00,2328.521553601317
2022-10-15 15:00:00,4502.845057362222
2022-10-15 18:00:00,4641.000361133234
2022-10-15 21:00:00,3535.1321669962726
2022-10-16 00:00:00,2519.0099244602898
2022-10-16 03:00:00,1613.1978375604526
2022-10-16 06:00:00,3608.9196859161407
2022-10-16 09:00:00,2460.887921985262
2022-10-16 12:00:00,5213.666707224449
2022-10-16 15:00:00,4595.897093142856
2022-10-16 18:00:00,3150.3674983478136
2022-10-16 21:00:00,2438.108802259673
2022-10-17 00:00:00,2084.88077839483
2022-10-17 03:00:00,2851.1342439787513
2022-10-17 06:00:00,3871.1392882550326
2022-10-17 09:00:00,5337.5872887911255
2022-10-17 12:00:00,3504.4740678258772
2022-10-17 15:00:00,4020.5068611251777
2022-10-17 18:00:00,3644.2800244935634
2022-10-17 21:00:00,2012.4939527189836
2022-10-18 00:00:00,965.7939983668448
2022-10-18 03:00:00,3098.6152428012633
2022-10-18 06:00:00,1557.733881495929
2022-10-18 09:00:00,4410.712187635586
2022-10-18 12:00:00,1227.4174848757802
2022-10-18 15:00:00,4804.721612664745
2022-10-18 18:00:00,4457.752624517358
2022-10-18 21:00:00,2630.801353354841
2022-10-19 00:00:00,-975.1388996879414
2022-10-19 03:00:00,1787.7852376644714
2022-10-19 06:00:00,3852.5744657021173
2022-10-19 09:00:00,3845.7416122767654
2022-10-19 12:00:00,3518.967880242999
2022-10-19 15:00:00,3020.850885805156
2022-10-19 18:00:00,5473.665133534831
2022-10-19 21:00:00,3956.036307546972
2022-10-20 00:00:00,1865.1304424047503
2022-10-20 03:00:00,3327.9444610160945
2022-10-20 06:00:00,2942.441504945353
2022-10-20 09:00:00,2111.8441528487383
2022-10-20 12:00:00,4072.7549324384295
2022-10-20 15:00:00,4552.246126731636
2022-10-20 18:00:00,4904.834988160325
2022-10-20 21:00:00,1025.9273600894066
2022-10-21 00:00:00,4299.447605258138
2022-10-21 03:00:00,3026.983026419166
2022-10-21 06:00:00,1192.6215641183203
2022-10-21 09:00:00,2998.5869508730284
2022-10-21 12:00:00,3285.0877711752264
2022-10-21 15:00:00,4501.2955935394575
2022-10-21 18:00:00,3613.9612105965043
2022-10-21 21:00:00,2614.6106582087104
2022-10-22 00:00:00,4701.100021730254
2022-10-22 03:00:00,2418.5734516470948
2022-10-22 06:00:00,3701.2774103507604
2022-10-22 09:00:00,3457.400795473793
2022-10-22 12:00:00,3692.7628797247753
2022-10-22 15:00:00,3720.9059880848044
2022-10-22 18:00:00,2005.7368893072594
2022-10-22 21:00:00,4530.214726127186
2022-10-23 00:00:00,3308.3509195529414
2022-10-23 03:00:00,-4298.736635407636
2022-10-23 06:00:00,4378.658238402763
2022-10-23 09:00:00,3893.0494954811506
2022-10-23 12:00:00,4393.062142969307
2022-10-23 15:00:00,2142.7941833264294
2022-10-23 18:00:00,3642.2500762858194
2022-10-23 21:00:00,1891.1782070224272
2022-10-24 00:00:00,4706.987726136965
2022-10-24 03:00:00,3689.1702962488457
2022-10-24 06:00:00,2682.941456561978
2022-10-24 09:00:00,1298.0824143366967
2022-10-24 12:00:00,-272.7899095780085
2022-10-24 15:00:00,3938.287618899135
2022-10-24 18:00:00,4605.249576511259
2022-10-24 21:00:00,1762.4710167062417
2022-10-25 00:00:00,3166.2534766869203
2022-10-25 03:00:00,3309.996240760601
2022-10-25 06:00:00,3329.963300666186
2022-10-25 09:00:00,2513.7751343998802
2022-10-25 12:00:00,4355.990604449855
2022-10-25 15:00:00,464.03128507425845
2022-10-25 18:00:00,3389.591117329664
2022-10-25 21:00:00,3514.850749741686
2022-10-26 00:00:00,-478.4598467969481
2022-10-26 03:00:00,2435.9942969455133
2022-10-26 06:00:00,5319.950163092809
2022-10-26 09:00:00,3700.3010169111785
2022-10-26 12:00:00,3020.764166556667
2022-10-26 15:00:00,1879.2145613170537
2022-10-26 18:00:00,3482.5937879040175
2022-10-26 21:00:00,1152.0294027937753
2022-10-27 00:00:00,3623.3727004255006
2022-10-27 03:00:00,2630.8769029487676
2022-10-27 06:00:00,1935.978723017187
2022-10-27 09:00:00,3266.613439569436
2022-10-27 12:00:00,1851.5339320533544
2022-10-27 15:00:00,3485.323765376632
2022-10-27 18:00:00,4659.981135862873
2022-10-27 21:00:00,2278.898798940444
2022-10-28 00:00:00,3791.7288930288714
2022-10-28 03:00:00,3593.653310270949
2022-10-28 06:00:00,4209.090598932555
2022-10-28 09:00:00,2182.013264382302
2022-10-28 12:00:00,3523.6271794375143
2022-10-28 15:00:00,-2172.1035068753063
2022-10-28 18:00:00,1088.4361541735643
2022-10-28 21:00:00,4300.13016608975
2022-10-29 00:00:00,697.5329971880428
2022-10-29 03:00:00,2364.7500489592126
2022-10-29 06:00:00,662.0693404942158
2022-10-29 09:00:00,2490.8723563143108
2022-10-29 12:00:00,-608.2902267237732
2022-10-29 15:00:00,1832.0024725074745
2022-10-29 18:00:00,4250.396421938298
2022-10-29 21:00:00,3468.6811171313566
2022-10-30 00:00:00,1624.2566920356226
2022-10-30 03:00:00,1798.6412634434887
2022-10-30 06:00:00,2488.652966315926
2022-10-30 09:00:00,2076.048609405131
2022-10-30 12:00:00,2972.224945080754
2022-10-30 15:00:00,4340.739800613095
2022-10-30 18:00:00,3482.612836324131
2022-10-30 21:00:00,3443.169801652596
2022-10-31 00:00:00,2713.565381630223
2022-10-31 03:00:00,3489.8279543054205
2022-10-31 06:00:00,2562.3026875419937
2022-10-31 09:00:00,4423.508776247537
2022-10-31 12:00:00,2213.959292260179
2022-10-31 15:00:00,3540.7520184657387
2022-10-31 18:00:00,3667.0265264499344
2022-10-31 21:00:00,2587.8281168456892
2022-11-01 00:00:00,2346.1452240839735
2022-11-01 03:00:00,3419.2364674245673
2022-11-01 06:00:00,-1213.2490211765507
2022-11-01 09:00:00,1725.2959786741353
2022-11-01 12:00:00,2154.955414163201
2022-11-01 15:00:00,5093.830079570811
2022-11-01 18:00:00,4830.195963376973
2022-11-01 21:00:00,5285.446306188143
2022-11-02 00:00:00,1137.2720905005635
2022-11-02 03:00:00,2811.1421822705775
2022-11-02 06:00:00,3759.806136853227
2022-11-02 09:00:00,2933.069021071626
2022-11-02 12:00:00,1319.642870255137
2022-11-02 15:00:00,4035.8845604722596
2022-11-02 18:00:00,5280.586848428852
2022-11-02 21:00:00,1821.987425641094
2022-11-03 00:00:00,990.1898356718821
2022-11-03 03:00:00,2518.950017622383
2022-11-03 06:00:00,2843.469662307939
2022-11-03 09:00:00,2913.4694354621925
2022-11-03 12:00:00,5468.0580460221445
2022-11-03 15:00:00,3725.9735928051327
2022-11-03 18:00:00,3590.706477205553
2022-11-03 21:00:00,4831.936341901769
2022-11-04 00:00:00,2694.040512843445
2022-11-04 03:00:00,3256.275903027109
2022-11-04 06:00:00,3174.300692556082
2022-11-04 09:00:00,4048.518602052718
2022-11-04 12:00:00,4472.763121948878
2022-11-04 15:00:00,4304.18665654921
2022-11-04 18:00:00,2282.61011486109
2022-11-04 21:00:00,3171.0182266182123
2022-11-05 00:00:00,3694.7720438296665
2022-11-05 03:00:00,2563.8594966236174
2022-11-05 06:00:00,3487.049573701191
2022-11-05 09:00:00,3471.045680671614
2022-11-05 12:00:00,5421.758605606852
2022-11-05 15:00:00,3503.328186168682
2022-11-05 18:00:00,3183.496925243369
2022-11-05 21:00:00,4887.270805984913
2022-11-06 00:00:00,-81.61522747511117
2022-11-06 03:00:00,2864.251938684003
2022-11-06 06:00:00,1745.8193646082018
2022-11-06 09:00:00,2997.97060465765
2022-11-06 12:00:00,1258.702790993812
2022-11-06 15:00:00,3537.6644213710188
2022-11-06 18:00:00,3250.52241327726
2022-11-06 21:00:00,4193.718968680655
2022-11-07 00:00:00,1482.52419253274
2022-11-07 03:00:00,3670.9738033086387
2022-11-07 06:00:00,3166.222999360556
2022-11-07 09:00:00,4638.8137588562495
2022-11-07 12:00:00,6390.0825724866345
2022-11-07 15:00:00,2320.4499322470506
2022-11-07 18:00:00,3805.1475925652526
2022-11-07 21:00:00,3568.995039197517
2022-11-08 00:00:00,4455.407489337696
2022-11-08 03:00:00,2855.0900436061074
2022-11-08 06:00:00,1231.1004761205445
2022-11-08 09:00:00,3410.353773339808
2022-11-08 12:00:00,1557.7335168355212
2022-11-08 15:00:00,1701.8458965218624
2022-11-08 18:00:00,454.67323355559347
2022-11-08 21:00:00,5585.300123129189
2022-11-09 00:00:00,-48.98034208585614
2022-11-09 03:00:00,1599.4572524346504
2022-11-09 06:00:00,2636.8466785389273
2022-11-09 09:00:00,3888.3818564992816
2022-11-09 12:00:00,3828.1756900959135
2022-11-09 15:00:00,958.7107287730032
2022-11-09 18:00:00,2412.5107050564725
2022-11-09 21:00:00,2356.93223417249
2022-11-10 00:00:00,1677.991228525194
2022-11-10 03:00:00,2188.527598345741
2022-11-10 06:00:00,3772.797769664796
2022-11-10 09:00:00,575.4397155191236
2022-11-10 12:00:00,1680.7685304807064
2022-11-10 15:00:00,2605.1366566835236
2022-11-10 18:00:00,3645.200666942419
2022-11-10 21:00:00,2306.861237166536
2022-11-11 00:00:00,0.571111301243036
2022-11-11 03:00:00,2130.0343845453226
2022-11-11 06:00:00,2664.9433597743196
2022-11-11 09:00:00,3068.309747980606
2022-11-11 12:00:00,27.158081148942983
2022-11-11 15:00:00,3806.7435335418236
2022-11-11 18:00:00,6327.567596518467
2022-11-11 21:00:00,3323.9606556106064
2022-11-12 00:00:00,4176.27442156411
2022-11-12 03:00:00,4745.06342113942
2022-11-12 06:00:00,2800.7705469648413
2022-11-12 09:00:00,3301.508728740092
2022-11-12 12:00:00,2831.0032375387614
2022-11-12 15:00:00,2248.2898048321367
2022-11-12 18:00:00,2438.4242447085594
2022-11-12 21:00:00,2519.821067522147
2022-11-13 00:00:00,2668.05633357899
2022-11-13 03:00:00,2199.0579013605993
2022-11-13 06:00:00,3378.7914923987073
2022-11-13 09:00:00,3913.4419636918055
2022-11-13 12:00:00,3447.305638358406
2022-11-13 15:00:00,6344.256341949594
2022-11-13 18:00:00,4061.8799303662245
2022-11-13 21:00:00,2648.11845864721
2022-11-14 00:00:00,3684.8678020127472
2022-11-14 03:00:00,2710.091964251662
2022-11-14 06:00:00,5297.2726316102735
2022-11-14 09:00:00,1191.051005306747
2022-11-14 12:00:00,4816.357636819953
2022-11-14 15:00:00,4118.649952579033
2022-11-14 18:00:00,2127.66232802887
2022-11-14 21:00:00,703.6228065043579
2022-11-15 00:00:00,4810.007445172536
2022-11-15 03:00:00,2857.542784647775
2022-11-15 06:00:00,4023.868972744938
2022-11-15 09:00:00,3677.539972366363
2022-11-15 12:00:00,3671.972545669552
2022-11-15 15:00:00,4286.096626752849
2022-11-15 18:00:00,5401.125791874705
2022-11-15 21:00:00,2210.124787627333
2022-11-16 00:00:00,3472.991739244164
2022-11-16 03:00:00,1370.2627830398433
2022-11-16 06:00:00,207.58070122184108
2022-11-16 09:00:00,3701.309850439434
2022-11-16 12:00:00,1688.8484175159228
2022-11-16 15:00:00,5460.7707479719875
2022-11-16 18:00:00,735.6869281839809
2022-11-16 21:00:00,3856.1557027976255
2022-11-17 00:00:00,2436.931903710296
2022-11-17 03:00:00,-380.6506394057833
2022-11-17 06:00:00,4424.142736957816
2022-11-17 09:00:00,599.6609807553214
2022-11-17 12:00:00,3253.6871759059286
2022-11-17 15:00:00,5159.5951077716045
2022-11-17 18:00:00,1765.4620711073349
2022-11-17 21:00:00,2842.5265323833246
2022-11-18 00:00:00,2628.901947116623
2022-11-18 03:00:00,2314.5312878236646
2022-11-18 06:00:00,1867.9404118781495
2022-11-18 09:00:00,4261.360235893329
2022-11-18 12:00:00,4552.800994112418
2022-11-18 15:00:00,4190.934045975435
2022-11-18 18:00:00,-1711.1216666533783
2022-11-18 21:00:00,1254.8341130123454
2022-11-19 00:00:00,4373.42530839744
2022-11-19 03:00:00,4166.478482545219
2022-11-19 06:00:00,2487.479405156639
2022-11-19 09:00:00,1997.2525972127223
2022-11-19 12:00:00,2906.074441039864
2022-11-19 15:00:00,5264.343972376847
2022-11-19 18:00:00,5854.867220059226
2022-11-19 21:00:00,2835.684321414201
2022-11-20 00:00:00,3945.4594025743927
2022-11-20 03:00:00,2656.298984738539
2022-11-20 06:00:00,3957.4422457143146
2022-11-20 09:00:00,1184.7688942277182
2022-11-20 12:00:00,648.6562329324797
2022-11-20 15:00:00,2320.766313725776
2022-11-20 18:00:00,3759.2792640160255
2022-11-20 21:00:00,1479.0723265047404
2022-11-21 00:00:00,3507.07493082782
2022-11-21 03:00:00,4504.670038285762
2022-11-21 06:00:00,3607.5856738732127
2022-11-21 09:00:00,2088.878325861794
2022-11-21 12:00:00,675.7942765925809
2022-11-21 15:00:00,3558.1193837053015
2022-11-21 18:00:00,3597.3815766491653
2022-11-21 21:00:00,3131.351898244963
2022-11-22 00:00:00,1636.8672826208535
2022-11-22 03:00:00,3220.5435492345564
2022-11-22 06:00:00,3193.0124241479652
2022-11-22 09:00:00,2513.0826439940024
2022-11-22 12:00:00,4810.958479211172
2022-11-22 15:00:00,5152.80749097004
2022-11-22 18:00:00,1815.1017888001693
2022-11-22 21:00:00,2733.400668758372
2022-11-23 00:00:00,5395.608410620919
2022-11-23 03:00:00,847.4263098458841
2022-11-23 06:00:00,3919.768232915438
2022-11-23 09:00:00,2280.622257080877
2022-11-23 12:00:00,5437.305881597415
2022-11-23 15:00:00,2511.1230686566914
2022-11-23 18:00:00,3174.91232518568
2022-11-23 21:00:00,1626.8903132507394
2022-11-24 00:00:00,3235.7213423573585
2022-11-24 03:00:00,3611.573516372244
2022-11-24 06:00:00,473.16712077869306
2022-11-24 09:00:00,1603.7447889160098
2022-11-24 12:00:00,2666.632507266507
2022-11-24 15:00:00,4278.136745484049
2022-11-24 18:00:00,1915.8653470925478
2022-11-24 21:00:00,3878.1396213252483
2022-11-25 00:00:00,2811.650325214092
2022-11-25 03:00:00,3926.000541391403
2022-11-25 06:00:00,4748.05570502702
2022-11-25 09:00:00,3268.1834316527506
2022-11-25 12:00:00,2532.3513998358753
2022-11-25 15:00:00,4673.245884045206
2022-11-25 18:00:00,4412.770488907398
2022-11-25 21:00:00,1340.4535036747648
2022-11-26 00:00:00,2287.85067151081
2022-11-26 03:00:00,2376.5266619726654
2022-11-26 06:00:00,2167.5840215332682
2022-11-26 09:00:00,3575.498768042902
2022-11-26 12:00:00,4660.176056058827
2022-11-26 15:00:00,2994.503539422042
2022-11-26 18:00:00,2851.891158763574
2022-11-26 21:00:00,3915.963121773323
2022-11-27 00:00:00,4026.966081572
2022-11-27 03:00:00,2331.5770775364344
2022-11-27 06:00:00,2796.714164365744
2022-11-27 09:00:00,814.5739037291733
2022-11-27 12:00:00,3988.177800579914
2022-11-27 15:00:00,5758.278811625548
2022-11-27 18:00:00,3687.709921631452
2022-11-27 21:00:00,1077.504056642667
2022-11-28 00:00:00,4344.340858479488
2022-11-28 03:00:00,1663.4153109320605
2022-11-28 06:00:00,3119.316961345461
2022-11-28 09:00:00,3824.4740683251002
2022-11-28 12:00:00,3832.643517655623
2022-11-28 15:00:00,166.40921520044685
2022-11-28 18:00:00,5909.801965114347
2022-11-28 21:00:00,2669.8001841412774
2022-11-29 00:00:00,3636.054256274951
2022-11-29 03:00:00,2807.07307623209
2022-11-29 06:00:00,4186.6631518729655
2022-11-29 09:00:00,3030.2485457745306
2022-11-29 12:00:00,3569.875574326264
2022-11-29 15:00:00,2383.5145100330697
2022-11-29 18:00:00,2346.539811210797
2022-11-29 21:00:00,1942.1872477669422
2022-11-30 00:00:00,1727.9456698270856
2022-11-30 03:00:00,3203.991722417101
2022-11-30 06:00:00,4877.792174842471
2022-11-30 09:00:00,1955.600311441669
2022-11-30 12:00:00,5500.794135471951
2022-11-30 15:00:00,4749.913453413239
2022-11-30 18:00:00,2827.670661121729
2022-11-30 21:00:00,3206.3595875617157
2022-12-01 00:00:00,3839.141045081634
2022-12-01 03:00:00,3176.271399392547
2022-12-01 06:00:00,4054.0958926658413
2022-12-01 09:00:00,3794.057216569845
2022-12-01 12:00:00,4998.140365858982
2022-12-01 15:00:00,3781.6005331250763
2022-12-01 18:00:00,2585.930595658182
2022-12-01 21:00:00,2699.799388661097
2022-12-02 00:00:00,4071.2755929295813
2022-12-02 03:00:00,3718.898251377762
2022-12-02 06:00:00,1362.30217022123
2022-12-02 09:00:00,2205.3542157945185
2022-12-02 12:00:00,2002.3271214157112
2022-12-02 15:00:00,3560.7485219369646
2022-12-02 18:00:00,5270.247580213625
2022-12-02 21:00:00,3902.551269780658
2022-12-03 00:00:00,3207.781998390132
2022-12-03 03:00:00,1585.496153744767
2022-12-03 06:00:00,3617.490815978792
2022-12-03 09:00:00,4054.687804314696
2022-12-03 12:00:00,825.3988102339681
2022-12-03 15:00:00,3767.1299940099525
2022-12-03 18:00:00,3025.079337526088
2022-12-03 21:00:00,5093.280466454771
2022-12-04 00:00:00,2244.0338858222954
2022-12-04 03:00:00,4212.563571857043
2022-12-04 06:00:00,3830.964775054616
2022-12-04 09:00:00,2798.4051368334995
2022-12-04 12:00:00,3801.06585638465
2022-12-04 15:00:00,3024.8780368083007
2022-12-04 18:00:00,5726.85241869563
2022-12-04 21:00:00,4648.946385355994
2022-12-05 00:00:00,4342.29206837858
2022-12-05 03:00:00,3494.7394225128337
2022-12-05 06:00:00,1520.5763078508157
2022-12-05 09:00:00,5399.516868974871
2022-12-05 12:00:00,690.8101419340728
2022-12-05 15:00:00,4804.180279744462
2022-12-05 18:00:00,2734.72207890283
2022-12-05 21:00:00,2794.593412588955
2022-12-06 00:00:00,4978.427815220636
2022-12-06 03:00:00,2123.7938190143723
2022-12-06 06:00:00,2390.8179099472122
2022-12-06 09:00:00,623.3186269581856
2022-12-06 12:00:00,2659.1576067299734
2022-12-06 15:00:00,1090.501925221662
2022-12-06 18:00:00,3271.7173200061725
2022-12-06 21:00:00,3474.4345582138903
2022-12-07 00:00:00,4942.089704636653
2022-12-07 03:00:00,1921.628195574322
2022-12-07 06:00:00,4323.800322237982
2022-12-07 09:00:00,2968.8724065605065
2022-12-07 12:00:00,6903.648709858152
2022-12-07 15:00:00,5485.657263473936
2022-12-07 18:00:00,3076.362701817722
2022-12-07 21:00:00,4509.548991354512
2022-12-08 00:00:00,3998.791687877165
2022-12-08 03:00:00,3670.659973865108
2022-12-08 06:00:00,4672.169914152739
2022-12-08 09:00:00,5595.263146262445
2022-12-08 12:00:00,5585.518626630234
2022-12-08 15:00:00,4697.337201003392
2022-12-08 18:00:00,2196.983915060152
2022-12-08 21:00:00,3392.595877147456
2022-12-09 00:00:00,2691.3555451557704
2022-12-09 03:00:00,3653.8235169743566
2022-12-09 06:00:00,3031.3398632929166
2022-12-09 09:00:00,4488.032688231985
2022-12-09 12:00:00,2695.0626817573993
2022-12-09 15:00:00,2971.305507191645
2022-12-09 18:00:00,3370.816973554979
2022-12-09 21:00:00,5235.534600604436
2022-12-10 00:00:00,1951.1777439072225
2022-12-10 03:00:00,1178.3528160601877
2022-12-10 06:00:00,3135.4849210621314
2022-12-10 09:00:00,4389.737686644193
2022-12-10 12:00:00,4361.851013716383
2022-12-10 15:00:00,4999.349188332484
2022-12-10 18:00:00,3950.2325131132643
2022-12-10 21:00:00,5582.873345744672
2022-12-11 00:00:00,3058.4059354349106
2022-12-11 03:00:00,936.5627835685277
2022-12-11 06:00:00,3983.964775948278
2022-12-11 09:00:00,4739.604289710773
2022-12-11 12:00:00,4672.773698543578
2022-12-11 15:00:00,4960.986740694369
2022-12-11 18:00:00,3929.959337612085
2022-12-11 21:00:00,3024.5018412292056
2022-12-12 00:00:00,3864.9287244891566
2022-12-12 03:00:00,2943.7206762205506
2022-12-12 06:00:00,2241.386776303046
2022-12-12 09:00:00,3584.3044007238295
2022-12-12 12:00:00,4888.390441034265
2022-12-12 15:00:00,6380.866280093988
2022-12-12 18:00:00,5828.5957564662485
2022-12-12 21:00:00,4709.586395346458
2022-12-13 00:00:00,5479.272505496294
2022-12-13 03:00:00,3908.00267915216
2022-12-13 06:00:00,3612.9212036897543
2022-12-13 09:00:00,1458.6090765755957
2022-12-13 12:00:00,4856.129237418865
2022-12-13 15:00:00,2846.1565193408023
2022-12-13 18:00:00,5908.8566094934595
2022-12-13 21:00:00,4045.015575025144
2022-12-14 00:00:00,3432.171723749164
2022-12-14 03:00:00,4282.399588527773
2022-12-14 06:00:00,4002.1110022320677
2022-12-14 09:00:00,4021.3483223466706
2022-12-14 12:00:00,4523.413792688691
2022-12-14 15:00:00,3201.9697971597275
2022-12-14 18:00:00,4643.838187760487
2022-12-14 21:00:00,3935.6394165233537
2022-12-15 00:00:00,3809.976865613613
2022-12-15 03:00:00,4675.6585465196085
2022-12-15 06:00:00,3601.5747000366614
2022-12-15 09:00:00,4565.235055933096
2022-12-15 12:00:00,5748.123913655404
2022-12-15 15:00:00,5590.32513789284
2022-12-15 18:00:00,3930.525883305059
2022-12-15 21:00:00,4702.505632462763
2022-12-16 00:00:00,3380.0482932602736
2022-12-16 03:00:00,4120.586579772102
2022-12-16 06:00:00,2655.747479905756
2022-12-16 09:00:00,5275.374582582774
2022-12-16 12:00:00,5959.326552379143
2022-12-16 15:00:00,5413.441080592861
2022-12-16 18:00:00,3498.0695744850937
2022-12-16 21:00:00,3099.89122130501
2022-12-17 00:00:00,2407.4155465522736
2022-12-17 03:00:00,4219.932834325064
2022-12-17 06:00:00,2143.2546388631445
2022-12-17 09:00:00,4212.342470708076
2022-12-17 12:00:00,1801.2780271209976
2022-12-17 15:00:00,5883.98353244248
2022-12-17 18:00:00,5156.666255364522
2022-12-17 21:00:00,2713.965004897817
2022-12-18 00:00:00,4197.117087822247
2022-12-18 03:00:00,3695.010989379621
2022-12-18 06:00:00,3186.0728648246704
2022-12-18 09:00:00,3985.46787551236
2022-12-18 12:00:00,6260.483975470512
2022-12-18 15:00:00,5985.2842382332965
2022-12-18 18:00:00,5041.028759470975
2022-12-18 21:00:00,3919.460700906518
2022-12-19 00:00:00,5365.730202658488
2022-12-19 03:00:00,4639.099925738068
2022-12-19 06:00:00,5338.721455667524
2022-12-19 09:00:00,1833.2721236168104
2022-12-19 12:00:00,1884.2240816196618
2022-12-19 15:00:00,196.14493757042146
2022-12-19 18:00:00,3860.7136454563415
2022-12-19 21:00:00,2571.4767740969764
2022-12-20 00:00:00,4529.012112094279
2022-12-20 03:00:00,2002.2762145495421
2022-12-20 06:00:00,3930.7871702749053
2022-12-20 09:00:00,5238.236192912573
2022-12-20 12:00:00,4597.615147409718
2022-12-20 15:00:00,6744.888175108414
2022-12-20 18:00:00,5249.0568265510265
2022-12-20 21:00:00,3889.736802821372
2022-12-21 00:00:00,3642.0034487736457
2022-12-21 03:00:00,1211.597080871834
2022-12-21 06:00:00,4452.104751872362
2022-12-21 09:00:00,4797.153519081395
2022-12-21 12:00:00,6101.468581139928
2022-12-21 15:00:00,4526.140391677096
2022-12-21 18:00:00,5894.17451195519
2022-12-21 21:00:00,3436.0613176577563
2022-12-22 00:00:00,6478.94950061589
2022-12-22 03:00:00,2149.7398955850667
2022-12-22 06:00:00,3522.85980057208
2022-12-22 09:00:00,2173.782650621944
2022-12-22 12:00:00,4858.298974188962
2022-12-22 15:00:00,4638.101178429415
2022-12-22 18:00:00,5568.494178231631
2022-12-22 21:00:00,4370.529771237127
2022-12-23 00:00:00,2020.8123025325767
2022-12-23 03:00:00,-6.505729361703743
2022-12-23 06:00:00,4699.0922948179905
2022-12-23 09:00:00,220.1202846860524
2022-12-23 12:00:00,2785.687418127794
2022-12-23 15:00:00,4149.738678883476
2022-12-23 18:00:00,7049.642142018745
2022-12-23 21:00:00,4924.420421360478
2022-12-24 00:00:00,4507.862283975283
2022-12-24 03:00:00,594.4814437747573
2022-12-24 06:00:00,3742.462341422338
2022-12-24 09:00:00,4799.219765561385
2022-12-24 12:00:00,4891.053209058211
2022-12-24 15:00:00,5635.029485459943
2022-12-24 18:00:00,5786.84660930013
2022-12-24 21:00:00,2332.716134695546
2022-12-25 00:00:00,5159.835447162175
2022-12-25 03:00:00,3354.044351532875
2022-12-25 06:00:00,4320.33594620103
2022-12-25 09:00:00,3539.054948589364
2022-12-25 12:00:00,4598.6968264230345
2022-12-25 15:00:00,4874.268291910238
2022-12-25 18:00:00,3770.4015131684973
2022-12-25 21:00:00,4582.685003386833
2022-12-26 00:00:00,-850.5780563697754
2022-12-26 03:00:00,1074.3612417699783
2022-12-26 06:00:00,3286.338789772919
2022-12-26 09:00:00,4852.3481626112325
2022-12-26 12:00:00,5911.1008411617695
2022-12-26 15:00:00,3909.3482207268053
2022-12-26 18:00:00,3183.59173946524
2022-12-26 21:00:00,3192.771781283188
2022-12-27 00:00:00,2669.736604742895
2022-12-27 03:00:00,1271.3159780259139
2022-12-27 06:00:00,2139.9407518667413
2022-12-27 09:00:00,4115.7850027529275
2022-12-27 12:00:00,1587.5118868546124
2022-12-27 15:00:00,3145.3244486860294
2022-12-27 18:00:00,5780.629130842396
2022-12-27 21:00:00,1479.4149861080746
2022-12-28 00:00:00,3805.895645596429
2022-12-28 03:00:00,4560.113084061351
2022-12-28 06:00:00,4180.126741341373
2022-12-28 09:00:00,4924.290594288162
2022-12-28 12:00:00,6175.55438600166
2022-12-28 15:00:00,3986.712459927675
2022-12-28 18:00:00,5836.758939381647
2022-12-28 21:00:00,4094.0721444991113
2022-12-29 00:00:00,5658.491689984725
2022-12-29 03:00:00,3596.480506824012
2022-12-29 06:00:00,5061.140680536659
2022-12-29 09:00:00,5800.103890699764
2022-12-29 12:00:00,4487.07149850041
2022-12-29 15:00:00,5432.920005779766
2022-12-29 18:00:00,5132.894360945107
2022-12-29 21:00:00,4110.310029320569
2022-12-30 00:00:00,4355.628058723339
2022-12-30 03:00:00,3589.270283483801
2022-12-30 06:00:00,2421.317884319286
2022-12-30 09:00:00,5610.854503743962
2022-12-30 12:00:00,5302.406801694724
2022-12-30 15:00:00,4479.024988026429
2022-12-30 18:00:00,4939.7251576363
2022-12-30 21:00:00,5571.5241748194185
2022-12-31 00:00:00,3084.1526065510066
2022-12-31 03:00:00,2476.3079801947893
2022-12-31 06:00:00,1513.6228659080243
2022-12-31 09:00:00,4923.38951845196
2022-12-31 12:00:00,4571.352252805699
2022-12-31 15:00:00,6663.852290185294
2022-12-31 18:00:00,4780.3690490531335
2022-12-31 21:00:00,4796.6621383404
