Field_ID,Pollution_level,Plot_size,Crop_type,Annual_yield,Standard_yield
40734,0.09,1.3,cassava,0.75,0.58
30629,0.4,2.2,cassava,1.07,0.49
39924,0.36,3.4,tea,2.21,0.65
5754,0.29,2.4,cassava,1.28,0.53
14146,0.04,1.5,wheat,0.83,0.56
5304,0.13,1.7,potato,1.11,0.65
429,0.0,2.9,banana,0.99,0.34
672,0.61,1.4,tea,0.56,0.4
26124,0.28,13.9,coffee,8.53,0.61
44050,0.31,4.6,cassava,2.21,0.48
22734,0.45,3.2,coffee,1.52,0.47
16655,0.0,1.9,banana,0.94,0.49
32297,0.19,4.2,potato,2.61,0.62
24164,0.05,1.1,tea,0.79,0.72
26011,0.09,1.3,cassava,0.58,0.45
42538,0.7,13.1,wheat,4.45,0.34
4813,0.1,1.2,tea,0.77,0.64
37912,0.03,2.5,banana,0.96,0.38
36614,0.17,2.5,tea,1.95,0.78
34153,0.3,1.5,wheat,0.79,0.53
15118,0.0,4.8,rice,2.31,0.48
41199,0.58,2.0,cassava,1.07,0.53
43441,0.06,7.1,wheat,4.26,0.6
19788,0.3,1.6,potato,0.98,0.61
18871,0.11,1.6,cassava,0.95,0.6
41012,0.03,4.2,tea,3.05,0.73
1603,0.19,4.8,potato,2.6,0.54
33183,0.11,1.6,potato,1.02,0.64
314,0.31,11.7,tea,6.8,0.58
32300,0.04,4.1,cassava,1.67,0.41
11444,0.29,2.2,wheat,1.2,0.55
43912,0.05,4.6,cassava,2.32,0.5
40248,0.47,3.6,wheat,1.78,0.5
35014,0.45,2.4,wheat,1.1,0.46
2593,0.08,1.8,potato,1.13,0.63
26750,0.05,2.0,tea,1.19,0.59
21090,0.17,2.8,wheat,1.31,0.47
18533,0.04,2.4,banana,1.07,0.44
17418,0.71,1.4,wheat,0.53,0.38
19062,0.11,13.5,wheat,7.37,0.55
22460,0.04,4.7,banana,2.07,0.44
37828,0.06,3.0,cassava,1.71,0.57
15949,0.31,10.4,wheat,3.75,0.36
9036,0.01,1.8,rice,1.01,0.56
23951,0.26,1.4,tea,0.95,0.68
25239,0.34,8.3,tea,5.44,0.66
43917,0.8,2.3,coffee,0.74,0.32
9806,0.14,3.2,tea,2.76,0.86
44636,0.0,2.2,wheat,1.59,0.72
19341,0.61,1.8,wheat,0.93,0.52
41964,0.03,4.1,maize,2.24,0.55
45022,0.21,2.7,wheat,1.67,0.62
18614,0.74,0.8,tea,0.31,0.39
24239,0.07,2.9,wheat,1.43,0.49
35122,0.9,1.4,tea,0.61,0.43
5186,0.3,0.7,maize,0.38,0.54
23796,0.24,4.5,banana,3.01,0.67
6935,0.08,4.3,banana,2.28,0.53
4,0.39,1.1,potato,0.6,0.54
29767,0.0,2.9,wheat,1.65,0.57
23109,0.06,2.7,coffee,1.21,0.45
7680,0.16,4.6,wheat,2.3,0.5
37139,0.3,2.0,wheat,0.91,0.46
5396,0.34,8.8,coffee,5.56,0.63
12123,0.01,3.4,cassava,1.21,0.36
20386,0.0,10.7,cassava,3.84,0.36
35862,0.2,0.7,maize,0.39,0.56
30839,0.09,3.2,wheat,1.35,0.42
6921,0.12,8.8,coffee,5.14,0.58
2182,0.03,1.4,banana,0.59,0.42
41249,0.01,3.3,maize,2.19,0.66
26350,0.69,0.8,wheat,0.36,0.45
2004,0.21,1.4,potato,0.71,0.51
25561,0.68,4.6,banana,1.77,0.38
8474,0.12,1.0,cassava,0.62,0.62
14703,0.0,1.0,wheat,0.68,0.68
16213,0.13,4.6,tea,3.52,0.77
41451,0.12,3.4,wheat,2.31,0.68
18442,0.91,11.1,wheat,4.11,0.37
26458,0.74,4.1,tea,1.95,0.48
35134,0.33,2.7,tea,1.63,0.6
17163,0.0,0.9,cassava,0.31,0.35
38092,0.48,7.4,coffee,2.98,0.4
38365,0.06,4.2,wheat,2.11,0.5
8409,0.07,6.5,coffee,3.11,0.48
41801,0.34,12.3,potato,6.64,0.54
23715,0.97,2.4,cassava,0.67,0.28
39738,0.0,4.4,banana,1.73,0.39
44373,0.75,0.8,tea,0.29,0.36
16313,0.12,1.3,tea,1.09,0.84
1570,0.31,1.4,cassava,0.72,0.51
19224,0.34,2.9,wheat,1.89,0.65
7613,0.69,1.2,cassava,0.38,0.32
38394,0.03,1.6,rice,0.95,0.6
18874,0.05,3.5,banana,1.81,0.52
20544,0.1,1.8,cassava,0.92,0.51
646,0.17,1.5,tea,1.13,0.76
21775,0.17,4.5,tea,3.65,0.81
27620,0.08,4.6,banana,1.47,0.32
44208,0.17,0.5,tea,0.38,0.75
3189,0.07,5.2,maize,2.62,0.5
31578,0.17,1.4,rice,0.81,0.58
1388,0.58,2.3,wheat,1.31,0.57
18600,0.01,14.6,wheat,7.47,0.51
18577,0.03,12.0,tea,8.27,0.69
40234,0.08,0.9,wheat,0.56,0.62
3861,0.07,1.1,wheat,0.62,0.56
10708,0.02,0.9,maize,0.6,0.66
25434,0.18,0.8,tea,0.64,0.8
4336,0.83,1.1,wheat,0.52,0.47
41928,0.35,2.6,coffee,1.1,0.42
1644,0.26,4.4,wheat,2.53,0.58
44390,0.1,4.5,banana,1.72,0.38
36556,0.14,9.1,coffee,4.65,0.51
21026,0.12,1.5,wheat,0.78,0.52
20779,0.23,6.7,tea,5.43,0.81
42558,0.26,3.2,potato,1.85,0.58
6660,0.67,3.7,tea,1.77,0.48
14398,0.55,11.2,tea,6.15,0.55
7330,0.03,0.9,wheat,0.54,0.6
40376,0.35,1.0,tea,0.44,0.44
4855,0.42,1.1,tea,0.67,0.61
44016,0.51,1.8,potato,0.95,0.53
29028,0.0,2.2,cassava,0.79,0.36
21155,0.08,1.7,cassava,0.7,0.41
9447,0.0,1.1,maize,0.75,0.69
11570,0.2,1.5,potato,1.02,0.68
5688,0.7,1.7,cassava,0.89,0.53
34826,0.34,1.5,tea,0.74,0.49
42965,0.11,1.8,tea,0.93,0.52
22091,0.1,1.4,wheat,0.95,0.68
34551,0.26,6.2,rice,3.46,0.56
29643,0.02,3.2,coffee,1.76,0.55
27036,0.02,3.1,wheat,1.67,0.54
9738,0.89,4.9,cassava,2.66,0.54
19849,0.24,1.4,cassava,0.59,0.42
24873,0.0,14.8,maize,9.26,0.63
29518,0.42,2.0,wheat,1.17,0.58
12203,0.07,6.0,wheat,2.83,0.47
18644,0.06,2.3,wheat,1.13,0.49
15119,0.22,2.7,wheat,1.53,0.57
8879,0.07,4.3,tea,3.13,0.73
42430,0.46,2.6,potato,1.16,0.45
23815,0.09,0.8,wheat,0.39,0.49
13745,0.04,1.3,cassava,0.54,0.42
4729,0.17,0.5,banana,0.22,0.44
1866,0.01,3.4,wheat,1.94,0.57
28028,0.77,2.2,cassava,0.89,0.4
16233,0.03,2.1,banana,1.02,0.48
12154,0.32,3.2,wheat,1.77,0.55
35731,0.22,1.3,cassava,0.61,0.47
4408,0.03,2.0,coffee,1.08,0.54
2710,0.0,3.6,banana,1.08,0.3
35697,0.38,4.3,wheat,1.75,0.41
40492,0.14,1.4,maize,0.64,0.46
2982,0.91,1.1,cassava,0.62,0.56
25166,0.13,0.9,wheat,0.52,0.58
43403,0.49,2.6,potato,1.49,0.57
9270,0.65,12.7,coffee,4.54,0.36
44739,0.3,0.6,cassava,0.27,0.45
40056,0.22,1.3,potato,0.84,0.64
3211,0.37,1.5,coffee,0.46,0.31
42113,0.0,4.8,wheat,2.39,0.5
37002,0.36,4.6,potato,2.52,0.55
6747,0.04,3.1,coffee,1.55,0.5
32051,0.22,1.3,potato,0.73,0.56
297,0.17,4.6,tea,3.7,0.8
10159,0.26,4.4,maize,2.41,0.55
24293,0.14,10.9,tea,8.25,0.76
34278,0.05,2.9,banana,1.72,0.59
5576,0.14,7.6,coffee,4.34,0.57
14831,0.02,0.6,coffee,0.26,0.43
3673,0.47,1.1,cassava,0.48,0.44
23808,0.38,2.0,tea,1.33,0.67
33969,0.78,4.2,coffee,1.01,0.24
25089,0.63,3.6,tea,1.48,0.41
24095,0.69,1.6,wheat,0.72,0.45
31079,0.01,4.0,rice,2.26,0.57
20033,0.3,3.0,potato,1.79,0.6
17951,0.22,3.6,potato,1.86,0.52
30870,0.13,0.7,banana,0.45,0.64
26848,0.23,14.9,banana,6.21,0.42
36977,0.0,9.5,banana,4.22,0.44
1444,0.08,2.9,wheat,1.64,0.57
22812,0.4,4.2,tea,2.96,0.7
1232,0.38,2.3,cassava,1.03,0.45
40519,0.36,3.9,wheat,1.78,0.46
43930,0.26,3.4,potato,1.9,0.56
30912,0.13,1.2,banana,0.47,0.39
14757,0.31,7.5,wheat,4.53,0.6
28811,0.1,10.2,tea,5.59,0.55
10385,0.4,2.7,wheat,0.98,0.36
15207,0.59,0.5,cassava,0.17,0.34
31266,0.02,1.0,wheat,0.74,0.74
5504,0.16,3.8,tea,2.97,0.78
10592,0.74,1.8,coffee,0.45,0.25
18005,0.9,4.7,wheat,2.39,0.51
16235,0.0,10.4,tea,7.48,0.72
19108,0.02,1.0,coffee,0.54,0.54
42085,0.21,5.3,tea,4.04,0.76
40028,0.05,1.9,cassava,0.88,0.46
16100,0.32,2.4,coffee,0.97,0.4
564,0.04,1.3,banana,0.56,0.43
29861,0.2,1.1,potato,0.51,0.46
8909,0.06,1.1,cassava,0.62,0.56
2111,0.17,0.8,tea,0.53,0.66
43576,0.08,1.5,wheat,0.73,0.49
31571,0.15,5.2,tea,2.62,0.5
24830,0.04,3.5,tea,2.23,0.64
24862,0.06,9.3,banana,4.16,0.45
9354,0.03,14.5,cassava,5.8,0.4
11987,0.29,4.9,maize,2.38,0.49
3899,0.39,2.8,coffee,1.23,0.44
17075,0.25,6.8,maize,3.32,0.49
14261,0.75,5.5,wheat,1.58,0.29
40226,0.05,1.1,cassava,0.41,0.37
36710,0.25,3.2,potato,2.08,0.65
26540,0.21,3.2,rice,1.93,0.6
18035,0.09,1.1,rice,0.8,0.73
34479,0.04,3.0,wheat,1.35,0.45
10853,0.0,3.1,banana,1.33,0.43
37559,0.4,0.7,potato,0.39,0.56
17002,0.0,10.4,rice,5.67,0.55
26182,0.07,11.2,cassava,4.16,0.37
25668,0.16,3.3,tea,2.66,0.81
24280,0.01,4.9,wheat,2.32,0.47
16987,0.1,3.2,wheat,1.59,0.5
11396,0.9,1.2,coffee,0.33,0.28
6939,0.03,0.6,potato,0.33,0.55
30879,0.2,1.5,coffee,0.63,0.42
8510,0.04,2.9,coffee,1.59,0.55
19382,0.08,3.6,coffee,1.41,0.39
16169,0.05,1.5,tea,1.12,0.75
32932,0.01,1.2,wheat,0.63,0.53
11470,0.13,4.3,banana,2.18,0.51
31850,0.12,2.6,wheat,1.46,0.56
32908,0.03,2.7,wheat,1.79,0.66
18842,0.13,4.7,banana,2.95,0.63
19736,0.08,8.8,tea,5.32,0.6
15499,0.0,3.5,banana,1.35,0.39
41314,0.18,1.7,rice,0.91,0.53
10189,0.02,1.4,banana,0.82,0.59
2608,0.78,1.3,cassava,0.65,0.5
14695,0.89,8.2,coffee,1.96,0.24
30789,0.08,4.1,banana,1.77,0.43
2348,0.43,1.1,maize,0.52,0.47
44630,0.31,2.4,cassava,1.34,0.56
37929,0.31,3.5,potato,2.07,0.59
13205,0.03,2.2,wheat,1.21,0.55
14856,0.97,1.2,tea,0.62,0.52
44842,0.02,12.0,banana,6.87,0.57
6181,0.62,1.5,wheat,0.8,0.53
19892,0.03,4.5,potato,2.71,0.6
41659,0.32,11.7,maize,6.13,0.52
884,0.22,1.7,tea,1.12,0.66
3831,0.03,1.3,coffee,0.72,0.56
11912,0.12,0.6,wheat,0.3,0.51
41458,0.21,8.8,tea,6.68,0.76
11605,0.4,1.6,tea,0.44,0.27
22393,0.14,3.5,rice,2.09,0.6
34315,0.27,2.8,potato,1.75,0.62
38499,0.43,4.5,potato,2.61,0.58
44502,0.29,2.7,rice,1.44,0.53
7949,0.15,2.8,wheat,1.32,0.47
28844,0.1,3.7,coffee,1.85,0.5
3125,0.09,0.8,coffee,0.39,0.48
24543,0.07,1.3,rice,0.87,0.67
21785,0.47,1.7,potato,0.9,0.53
38048,0.42,10.9,coffee,3.95,0.36
44929,0.29,2.7,maize,1.41,0.52
43256,0.02,3.2,banana,1.52,0.48
12608,0.0,3.8,banana,1.68,0.44
25171,0.0,6.1,rice,3.41,0.56
43953,0.23,1.3,wheat,0.88,0.68
10877,0.2,4.6,potato,2.84,0.62
24802,0.67,14.6,cassava,7.18,0.49
36467,0.78,8.4,coffee,2.01,0.24
42197,0.34,4.5,potato,2.34,0.52
34762,0.1,2.2,banana,0.77,0.35
12048,0.02,1.1,rice,0.55,0.5
42501,0.21,1.2,wheat,0.82,0.68
8156,0.07,10.2,tea,5.73,0.56
41225,0.0,3.5,rice,2.13,0.61
38334,0.0,11.7,banana,5.35,0.46
13857,0.04,4.1,cassava,2.17,0.53
14295,0.15,3.7,wheat,2.41,0.65
15427,0.0,2.2,banana,0.71,0.32
41024,0.09,0.7,wheat,0.34,0.49
35874,0.01,0.9,wheat,0.47,0.53
13424,0.11,4.9,banana,2.75,0.56
34438,0.47,2.8,coffee,1.14,0.41
14092,0.5,7.3,wheat,3.49,0.48
7168,0.36,2.5,cassava,1.15,0.46
5847,0.45,2.5,wheat,1.17,0.47
8374,0.3,1.4,wheat,0.78,0.55
7175,0.73,4.9,banana,1.94,0.4
14848,0.04,2.3,banana,1.11,0.48
19297,0.01,3.4,tea,2.54,0.75
19425,0.16,1.5,cassava,0.89,0.59
28777,0.11,3.1,wheat,1.96,0.63
14189,0.15,9.8,cassava,5.15,0.53
37880,0.8,14.6,coffee,3.33,0.23
16711,0.03,1.6,potato,1.0,0.63
853,0.48,4.1,maize,2.47,0.6
43921,0.01,2.6,banana,1.47,0.56
44305,0.21,12.6,wheat,7.16,0.57
30860,0.2,2.4,coffee,0.85,0.35
35042,0.0,1.4,banana,0.57,0.41
18515,0.13,14.5,wheat,10.65,0.73
15239,0.01,2.3,cassava,1.19,0.52
7336,0.67,4.8,coffee,1.46,0.3
37642,0.22,3.0,maize,1.51,0.5
13168,0.87,3.3,coffee,0.97,0.29
27146,0.05,8.9,maize,5.43,0.61
22678,0.75,0.7,wheat,0.37,0.53
12958,0.0,9.6,rice,5.3,0.55
19931,0.25,9.7,wheat,5.54,0.57
15107,0.36,4.0,cassaval,2.11,0.53
37509,0.14,4.1,wheat,1.96,0.48
1710,0.42,0.9,coffee,0.31,0.35
38933,0.53,4.2,wheat,1.76,0.42
41495,0.11,1.3,wheat,0.79,0.61
38323,0.55,4.7,cassava,2.59,0.55
26701,0.74,1.1,wheat,0.43,0.39
5223,0.0,2.0,wheat,0.97,0.49
36577,0.14,3.9,wheat,2.12,0.54
42779,0.37,0.9,potato,0.51,0.57
22667,0.21,1.3,cassava,0.76,0.58
8726,0.33,14.8,wheat,7.67,0.52
42417,0.21,1.5,cassava,0.71,0.47
27627,0.07,1.5,wheat,0.92,0.61
39446,0.07,1.5,coffee,0.81,0.54
38066,0.24,0.7,potato,0.44,0.62
31504,0.12,1.8,potato,1.19,0.66
8647,0.15,1.6,wheat,1.07,0.67
35118,0.3,4.0,cassava,1.98,0.5
33432,0.29,0.8,wheat,0.46,0.58
1219,0.18,1.4,tea,1.17,0.84
5488,0.12,3.1,cassava,1.06,0.34
11847,0.22,4.1,tea,2.0,0.49
36641,0.23,2.3,wheat,1.2,0.52
17515,0.27,7.8,tea,5.9,0.76
32458,0.01,9.4,cassava,4.29,0.46
18216,0.76,4.3,coffee,0.97,0.23
16922,0.25,14.1,tea,8.83,0.63
9459,0.0,2.9,wheatn,1.52,0.52
16243,0.4,5.4,cassava,3.15,0.58
39835,0.0,12.5,coffee,6.66,0.53
15842,0.0,4.1,wheat,1.73,0.42
5991,0.12,8.4,tea,6.5,0.77
1704,0.31,1.0,wheat,0.66,0.66
42196,0.0,0.7,banana,0.32,0.46
39260,0.28,8.7,wheat,4.65,0.53
32485,0.27,2.0,coffee,0.8,0.4
4326,0.23,4.7,banana,1.69,0.36
39998,0.3,1.1,potato,0.65,0.59
22385,0.01,4.1,banana,1.5,0.37
35166,0.2,1.8,rice,1.19,0.66
20265,0.25,3.3,maize,1.72,0.52
37132,0.08,4.1,coffee,1.73,0.42
7625,0.11,14.8,potato,8.84,0.6
20251,0.66,4.6,wheat,1.97,0.43
4524,0.26,4.0,wheat,1.74,0.43
34662,0.22,2.2,cassava,1.07,0.49
9391,0.04,1.3,rice,0.79,0.61
35248,0.08,0.6,tea,0.41,0.68
39437,0.26,2.6,maize,1.54,0.59
29408,0.38,3.8,wheat,2.0,0.53
38208,0.0,2.5,wheat,1.39,0.56
32091,0.09,1.9,maize,0.82,0.43
32874,0.14,2.0,banana,0.93,0.47
6178,0.02,1.0,potato,0.66,0.66
12208,0.11,3.3,tea,2.35,0.71
36280,0.39,0.8,banana,0.39,0.49
20540,0.0,4.9,wheat,2.36,0.48
15557,0.05,1.1,cassava,0.5,0.45
30277,0.21,1.1,tea,0.84,0.76
7220,0.15,1.4,wheat,0.93,0.67
30938,0.09,12.5,banana,6.45,0.52
33811,0.25,0.7,banana,0.38,0.54
4091,0.0,3.3,wheat,1.16,0.35
21048,0.07,1.0,banana,0.56,0.56
35619,0.03,0.7,tea,0.43,0.62
35586,0.08,3.2,cassava,1.83,0.57
16172,0.19,0.6,tea,0.46,0.77
29200,0.0,3.7,banana,1.55,0.42
25554,0.04,5.8,banana,2.22,0.38
29385,0.33,10.9,tea,7.25,0.66
34006,0.52,4.2,cassava,2.44,0.58
30360,0.25,3.4,tea,2.28,0.67
26885,0.53,1.5,cassava,0.91,0.6
34282,0.08,2.6,banana,1.2,0.46
33019,0.41,2.3,cassava,1.18,0.51
23076,0.12,0.6,tea,0.49,0.81
13529,0.22,1.2,potato,0.63,0.53
11433,0.1,12.7,tea,9.47,0.75
21046,0.0,3.4,banana,1.58,0.47
38406,0.14,2.3,potato,1.53,0.67
12465,0.41,8.4,maize,3.77,0.45
42849,0.22,1.2,rice,0.72,0.6
8891,0.3,1.8,wheat,1.02,0.56
22022,0.05,12.1,coffee,5.86,0.48
32063,0.16,0.8,tea,0.39,0.49
32116,0.03,3.3,maize,2.25,0.68
24828,0.13,1.7,banana,0.66,0.39
30903,0.06,0.8,cassava,0.48,0.6
22788,0.51,5.0,cassava,2.73,0.55
11677,0.01,4.0,banana,2.21,0.55
10823,0.53,0.6,potato,0.33,0.54
21989,0.04,8.7,rice,6.21,0.71
20000,0.01,1.1,wheat,0.57,0.52
43372,0.08,3.7,cassava,1.86,0.5
1470,0.04,2.0,wheat,0.95,0.48
22868,0.08,0.6,maize,0.36,0.6
43047,0.16,1.3,coffee,0.66,0.51
2582,0.26,1.6,maize,0.78,0.49
24105,0.01,1.0,potato,0.65,0.65
39232,0.09,1.0,cassava,0.59,0.59
35209,0.12,4.9,coffee,2.63,0.54
29343,0.04,4.7,tea,3.89,0.83
4303,0.01,12.5,rice,5.48,0.44
12557,0.35,9.1,cassava,5.01,0.55
20292,0.23,1.3,tea,0.56,0.43
17220,0.0,7.3,banana,4.24,0.58
27396,0.01,12.5,banana,4.92,0.39
9829,0.06,1.8,banana,1.04,0.58
13595,0.13,2.1,cassava,1.25,0.59
1489,0.05,1.0,rice,0.68,0.68
24886,0.05,1.7,tea,1.38,0.81
19536,0.27,4.3,tea,2.68,0.62
30937,0.36,7.7,tea,4.79,0.62
32682,0.04,2.6,coffee,1.31,0.51
23292,0.2,4.0,tea,2.98,0.74
21351,0.42,2.1,potato,1.3,0.62
13022,0.33,5.1,tea,3.08,0.6
20876,0.41,2.0,coffee,0.58,0.29
15824,0.39,2.8,tea,1.63,0.58
14555,0.17,2.2,potato,1.34,0.61
21212,0.03,7.5,coffee,4.19,0.56
27164,0.22,14.9,coffee,5.36,0.36
11665,0.02,8.5,maize,5.02,0.59
40566,0.21,5.6,maize,2.88,0.52
27085,0.03,0.6,banana,0.3,0.49
23681,0.12,2.6,banana,1.64,0.63
44697,0.64,4.6,cassava,2.14,0.46
12276,0.62,9.4,cassava,3.22,0.34
40982,0.08,0.8,coffee,0.33,0.41
10276,0.2,2.0,wheat,1.15,0.58
37493,0.01,2.8,banana,1.17,0.42
43223,0.06,1.1,potato,0.72,0.65
7439,0.13,0.8,cassava,0.37,0.46
17474,0.41,4.7,cassava,2.48,0.53
9159,0.02,0.8,tea,0.4,0.5
1114,0.12,9.4,coffee,4.36,0.46
43999,0.04,0.6,cassava,0.28,0.46
1812,0.17,1.9,banana,0.99,0.52
33618,0.27,2.6,wheat,1.41,0.54
27870,0.14,2.3,wheat,1.6,0.69
25736,0.09,3.1,tea,2.48,0.8
12773,0.15,8.7,tea,7.26,0.83
14921,0.34,2.6,cassava,1.64,0.63
21786,0.2,9.2,tea,7.24,0.79
21297,0.88,1.9,wheat,0.49,0.26
30797,0.27,0.7,potato,0.39,0.56
39516,0.0,3.0,wheat,1.45,0.48
40260,0.31,1.5,potato,0.85,0.57
4119,0.82,3.7,cassava,1.02,0.28
30781,0.15,1.7,tea,1.02,0.6
18233,0.26,0.7,wheat,0.4,0.57
40068,0.17,4.7,tea,3.63,0.77
22021,0.11,3.7,cassava,1.69,0.46
34931,0.05,4.7,banana,1.83,0.39
18192,0.07,1.8,coffee,0.87,0.48
25631,0.21,4.2,wheat,2.5,0.6
7478,0.06,14.4,tea,9.97,0.69
12642,0.29,2.2,tea,1.3,0.59
19898,0.13,4.9,banana,2.61,0.53
29653,0.11,14.7,coffee,8.66,0.59
19012,0.04,8.7,rice,5.98,0.69
25603,0.11,1.8,wheat,1.05,0.58
3104,0.0,1.5,wheat,0.8,0.53
30655,0.18,1.7,potato,1.12,0.66
35982,0.37,3.9,tea,2.25,0.58
34688,0.08,1.7,wheat,1.02,0.6
12896,0.21,4.2,cassava,2.7,0.64
33652,0.08,2.5,coffee,1.33,0.53
8037,0.82,4.3,coffee,0.96,0.22
13655,0.16,4.4,potato,2.45,0.56
13552,0.06,0.8,tea,0.59,0.74
16000,0.33,1.1,wheat,0.42,0.39
19258,0.0,9.9,rice,6.07,0.61
39865,0.23,1.1,potato,0.65,0.59
30585,0.03,11.0,coffee,6.02,0.55
19700,0.2,1.5,wheat,0.77,0.51
14741,0.73,2.5,cassava,1.13,0.45
27784,0.73,2.8,cassava,1.46,0.52
43054,0.15,2.0,tea,1.76,0.88
1131,0.04,7.0,rice,4.19,0.6
1703,0.26,0.5,wheat,0.21,0.41
10241,0.03,2.0,banana,0.94,0.47
13976,0.07,1.7,cassava,0.64,0.38
32324,0.68,1.3,wheat,0.64,0.49
43553,0.15,0.6,potato,0.37,0.62
24634,0.13,1.3,banana,0.53,0.41
42136,0.06,2.1,tea,1.62,0.77
842,0.19,0.7,tea,0.54,0.77
39514,0.28,1.9,wheat,1.0,0.53
4165,0.29,7.0,banana,4.19,0.6
10217,0.0,7.3,banana,3.23,0.44
17496,0.31,3.5,maize,1.64,0.47
36840,0.04,1.8,banana,1.02,0.57
15016,0.81,3.2,cassava,0.95,0.3
8225,0.65,1.8,coffee,0.66,0.36
26114,0.24,2.1,coffee,0.87,0.42
14128,0.14,1.8,maize,0.88,0.49
15246,0.27,3.5,potato,1.99,0.57
3431,0.35,10.2,tea,7.02,0.69
39096,0.03,0.5,maize,0.33,0.66
28463,0.08,1.2,maize,0.65,0.55
43018,0.27,1.1,potato,0.62,0.56
8538,0.12,4.0,tea,3.52,0.88
10852,0.27,4.5,potato,2.33,0.52
26939,0.35,2.8,potato,1.47,0.52
26831,0.25,3.0,potato,1.84,0.61
399,0.54,0.8,potato,0.46,0.57
7747,0.0,0.5,wheat,0.26,0.52
43836,0.3,1.7,potato,1.06,0.62
15298,0.0,4.4,wheat,2.04,0.46
31112,0.03,2.9,coffee,1.62,0.56
34719,0.0,10.1,banana,4.58,0.45
23578,0.0,3.5,rice,1.97,0.56
22109,0.31,2.8,tea,1.51,0.54
34092,0.19,2.7,potato,1.54,0.57
24975,0.26,1.2,tea,0.58,0.48
12322,0.18,2.1,wheat,1.17,0.56
40803,0.0,1.8,wheat,0.89,0.49
34718,0.43,3.2,tea,1.39,0.43
26965,0.65,4.6,cassava,2.67,0.58
36678,0.03,2.9,banana,1.27,0.44
5010,0.01,4.5,banana,1.85,0.41
17466,0.55,2.3,coffee,0.86,0.37
2893,0.0,1.6,banana,0.63,0.39
32249,0.0,1.0,banana,0.49,0.49
36502,0.04,5.9,cassava,3.49,0.59
6491,0.79,0.7,wheat,0.34,0.48
3617,0.0,5.2,banana,2.45,0.47
39276,0.3,1.1,potato,0.63,0.58
21558,0.25,12.5,maize,7.27,0.58
6753,0.03,0.8,coffee,0.43,0.54
25607,0.36,4.4,coffee,2.49,0.57
25562,0.43,3.4,wheat,2.0,0.59
3609,0.0,1.3,coffee,0.6,0.46
18695,0.02,13.2,wheat,9.2,0.7
9531,0.0,12.5,wheat,6.41,0.51
35500,0.02,4.2,wheat,2.96,0.7
20153,0.01,2.2,tea,1.73,0.79
5356,0.38,8.5,cassava,3.52,0.41
32070,0.31,4.0,maize,1.62,0.4
8057,0.2,5.7,tea,3.99,0.7
14190,0.09,1.3,wheat,0.61,0.47
17102,0.0,4.0,rice,1.67,0.42
43420,0.16,4.1,banana,2.02,0.49
16454,0.29,0.8,wheat,0.37,0.46
13664,0.21,2.3,potato,1.12,0.49
19274,0.76,12.9,maize,4.84,0.38
34671,0.32,2.0,maize,1.19,0.59
17212,0.21,13.7,potato,8.14,0.59
8407,0.54,1.5,wheat,0.83,0.55
29752,0.45,9.4,maize,3.35,0.36
17203,0.0,2.1,coffee,1.11,0.53
45099,0.13,3.6,wheat,2.43,0.68
34657,0.09,4.9,wheat,3.39,0.69
42835,0.31,4.8,wheat,2.4,0.5
13847,0.1,2.6,banana,1.19,0.46
31776,0.44,1.4,maize,0.52,0.37
8249,0.08,4.7,tea,3.82,0.81
16294,0.03,1.5,coffee,0.67,0.45
29664,0.0,3.2,wheat,1.61,0.5
11450,0.45,1.1,potato,0.55,0.5
25152,0.03,0.7,cassava,0.34,0.49
3030,0.84,3.5,cassava,1.96,0.56
12654,0.28,5.6,coffee,3.2,0.57
30658,0.11,2.7,banana,1.36,0.5
13455,0.07,0.9,banana,0.38,0.42
20537,0.03,1.1,wheat,0.46,0.42
24887,0.3,1.4,potato,0.74,0.53
8745,0.73,14.8,wheat,5.45,0.37
43677,0.01,1.3,potato,0.83,0.64
36494,0.03,2.8,rice,1.48,0.53
14005,0.05,0.7,coffee,0.33,0.47
21023,0.1,10.2,banana,4.33,0.42
9619,0.02,1.9,rice,0.92,0.48
22004,0.88,4.1,wheat,1.51,0.37
41577,0.02,1.0,wheat,0.53,0.53
32498,0.25,9.2,wheat,5.06,0.55
13911,0.91,1.4,cassava,0.38,0.27
23327,0.08,1.6,maize,0.93,0.58
7134,0.4,1.5,potato,0.85,0.57
1900,0.4,13.3,wheat,5.54,0.42
29073,0.19,2.9,maize,1.87,0.64
17052,0.83,1.1,wheat,0.41,0.38
25998,0.0,4.6,wheat,2.36,0.51
19354,0.09,3.7,rice,2.33,0.63
39042,0.24,1.1,wheat,0.55,0.5
40148,0.49,2.0,coffee,0.56,0.28
24137,0.03,4.3,wheat,2.83,0.66
8768,0.03,5.5,banana,2.18,0.4
3862,0.01,0.9,banana,0.37,0.42
32331,0.09,2.1,potato,1.19,0.57
454,0.31,1.9,wheat,0.94,0.49
34644,0.45,3.2,potato,1.72,0.54
22902,0.0,4.8,rice,2.95,0.61
18481,0.17,9.7,potato,5.19,0.54
44554,0.61,1.5,potato,0.75,0.5
11348,0.23,1.6,wheat,0.8,0.5
14499,0.03,1.7,tea,1.34,0.79
5657,0.04,1.6,banana,0.69,0.43
16947,0.26,1.0,wheat,0.5,0.5
2191,0.45,1.4,wheat,0.91,0.65
6946,0.13,1.2,wheat,0.55,0.46
30899,0.12,4.9,maize,2.65,0.54
25997,0.01,2.4,rice,1.41,0.59
17115,0.44,0.8,potato,0.44,0.56
14756,0.12,0.8,wheat,0.44,0.55
7397,0.2,2.4,tea,1.18,0.49
43709,0.14,4.3,tea,3.23,0.75
14065,0.04,0.8,potato,0.56,0.7
26392,0.21,2.7,tea,1.02,0.38
38917,0.13,0.7,cassava,0.36,0.51
33676,0.02,1.2,maize,0.63,0.53
7969,0.11,1.1,potato,0.68,0.62
17698,0.52,1.6,tea,0.8,0.5
34530,0.25,12.2,potato,7.6,0.62
32077,0.0,2.6,potato,1.66,0.64
13905,0.27,7.5,potato,4.57,0.61
22197,0.17,0.7,potato,0.42,0.59
14459,0.0,1.0,potato,0.57,0.57
5020,0.35,3.9,cassava,2.16,0.55
24138,0.38,4.6,tea,3.28,0.71
15888,0.04,1.3,rice,0.73,0.56
40991,0.68,3.8,cassava,2.01,0.53
21418,0.03,1.7,rice,1.14,0.67
20868,0.24,4.4,tea,3.68,0.84
1655,0.34,1.2,tea,0.52,0.44
28443,0.95,4.2,wheat,1.31,0.31
9532,0.0,3.4,banana,1.48,0.44
22732,0.68,4.2,maize,1.63,0.39
26976,0.05,2.5,potato,1.66,0.66
22730,0.26,1.1,potato,0.66,0.6
6887,0.0,2.5,cassava,1.15,0.46
20926,0.98,0.6,tea,0.28,0.46
21122,0.09,2.0,cassava,0.93,0.47
14354,0.07,1.0,tea,0.81,0.81
26927,0.16,2.2,wheat,1.5,0.68
4867,0.47,1.2,wheat,0.48,0.4
42235,0.79,12.5,cassava,5.07,0.41
34803,0.05,1.0,cassava,0.4,0.4
216,0.0,8.2,rice,5.3,0.65
29198,0.03,2.1,rice,1.4,0.67
5879,0.01,1.9,wheat,0.91,0.48
21434,0.9,1.7,cassava,0.7,0.41
34534,0.08,3.9,tea,3.31,0.85
43094,0.08,4.5,banana,2.04,0.45
15143,0.67,2.8,cassava,0.99,0.35
12730,0.37,2.3,coffee,1.4,0.61
14532,0.23,0.7,potato,0.4,0.57
8568,0.02,1.5,potato,0.9,0.6
15638,0.14,6.3,rice,3.55,0.56
17737,0.0,7.6,banana,2.71,0.36
24508,0.2,2.7,wheat,1.57,0.58
42516,0.58,14.1,cassava,7.24,0.51
43611,0.0,4.4,banana,2.12,0.48
1175,0.24,12.0,tea,5.87,0.49
19327,0.29,2.0,potato,1.04,0.52
22238,0.36,11.9,potato,7.01,0.59
31142,0.33,11.3,banana,5.98,0.53
19489,0.02,1.3,potato,0.8,0.62
33834,0.02,4.7,banana,1.78,0.38
22798,0.21,1.9,potato,1.07,0.56
26157,0.62,10.6,wheat,4.24,0.4
44980,0.06,2.0,wheat,1.26,0.63
898,0.16,3.2,wheat,1.89,0.59
24294,0.06,0.9,cassava,0.52,0.58
5595,0.2,3.1,maize,1.77,0.57
27324,0.72,0.7,wheat,0.22,0.32
16174,0.07,0.5,maize,0.3,0.6
21594,0.0,0.6,banana,0.25,0.42
32202,0.12,3.2,wheat,1.66,0.52
16864,0.44,11.6,potato,6.2,0.53
23186,0.97,3.6,wheat,1.26,0.35
38453,0.4,6.9,coffee,2.11,0.31
42326,0.02,14.9,banana,7.08,0.48
42555,0.74,1.8,wheat,0.65,0.36
24097,0.07,13.3,wheat,6.9,0.52
4550,0.48,7.5,wheat,3.43,0.46
9724,0.48,1.1,wheat,0.44,0.4
22780,0.19,7.3,banana,4.04,0.55
25310,0.57,7.1,tea,3.86,0.54
12804,0.22,0.9,tea,0.36,0.4
3488,0.11,8.8,wheat,5.7,0.65
16201,0.91,3.4,cassava,1.63,0.48
21077,0.66,3.5,wheat,1.91,0.55
19100,0.06,2.1,coffee,0.8,0.38
38957,0.68,1.0,wheat,0.54,0.54
15258,0.0,6.4,rice,3.41,0.53
1107,0.34,2.2,cassava,1.2,0.55
42380,0.13,13.3,wheat,6.05,0.46
12994,0.14,2.2,tea,1.66,0.75
31914,0.01,4.4,rice,1.92,0.44
32226,0.34,0.6,tea,0.29,0.48
3375,0.1,2.8,wheat,1.85,0.66
19313,0.1,4.6,tea,3.59,0.78
17802,0.76,0.9,wheatn,0.34,0.38
27933,0.17,4.8,banana,2.59,0.54
20066,0.22,3.7,tea,1.63,0.44
31059,0.1,1.4,coffee,0.74,0.53
33552,0.0,6.8,banana,2.78,0.41
3564,0.17,1.4,banana,0.73,0.52
8358,0.18,6.6,wheat,3.53,0.54
26098,0.01,2.1,coffee,1.13,0.54
7686,0.3,5.7,maize,3.14,0.55
36913,0.26,4.7,tea,3.49,0.74
36075,0.05,11.8,tea,9.01,0.76
2185,0.06,11.3,tea,9.15,0.81
27831,0.36,3.4,wheat,2.3,0.68
3863,0.24,2.2,coffee,0.9,0.41
23167,0.03,4.5,coffee,2.49,0.55
9433,0.56,1.5,cassava,0.69,0.46
11976,0.07,3.6,wheat,1.4,0.39
24452,0.08,7.2,cassava,3.92,0.54
18943,0.12,1.5,coffee,0.83,0.55
1278,0.99,13.0,tea,6.29,0.48
13511,0.92,4.7,wheat,2.35,0.5
231,0.01,0.8,banana,0.35,0.44
28266,0.06,3.7,tea,3.06,0.83
10036,0.05,0.5,wheat,0.26,0.52
19960,0.39,4.2,wheat,2.01,0.48
14653,0.93,3.7,coffee,1.09,0.29
42102,0.39,7.1,cassava,3.73,0.52
2791,0.1,11.9,tea,9.51,0.8
7836,0.04,2.6,coffee,1.3,0.5
16842,0.03,1.7,wheat,0.82,0.48
41644,0.12,1.6,banana,0.71,0.44
32032,0.12,5.0,banana,2.09,0.42
33835,0.0,5.0,rice,2.82,0.56
22921,0.28,3.8,maize,2.13,0.56
24006,0.17,1.9,cassava,0.88,0.46
34805,0.13,1.4,maize,0.69,0.49
3734,0.83,1.5,maize,0.69,0.46
17161,0.64,2.1,cassava,1.01,0.48
7831,0.22,3.7,potato,2.31,0.62
43296,0.01,5.9,wheat,2.27,0.38
4672,0.14,0.8,tea,0.58,0.72
19138,0.02,0.9,rice,0.56,0.62
21317,0.36,2.6,tea,1.67,0.64
16085,0.2,12.3,potato,7.05,0.57
25243,0.44,2.2,cassava,1.21,0.55
13559,0.07,4.2,potato,2.46,0.59
17396,0.21,1.2,potato,0.63,0.53
16071,0.3,1.7,cassava,0.61,0.36
29220,0.02,3.3,coffee,1.81,0.55
7893,0.0,0.5,potato,0.32,0.63
4305,0.26,11.0,tea,7.81,0.71
15294,0.2,2.6,rice,1.25,0.48
28593,0.2,2.6,tea,2.11,0.81
43929,0.0,4.1,banana,2.44,0.59
14313,0.66,4.1,maize,2.03,0.5
30269,0.33,2.0,potato,1.08,0.54
26808,0.18,1.3,cassava,0.61,0.47
18503,0.12,4.9,cassava,2.12,0.43
44648,0.17,1.7,banana,1.14,0.67
21035,0.19,1.9,wheat,1.16,0.61
13609,0.28,2.4,tea,1.93,0.8
41472,0.09,8.4,wheat,3.95,0.47
28053,0.23,0.5,tea,0.22,0.44
6985,0.14,2.3,coffee,1.06,0.46
12858,0.29,1.6,maize,0.82,0.51
5908,0.25,10.3,maize,5.28,0.51
9743,0.21,6.5,wheat,3.65,0.56
15751,0.06,4.6,cassava,1.76,0.38
21425,0.23,10.2,potato,5.99,0.59
16946,0.2,0.6,wheat,0.31,0.52
6293,0.2,0.6,wheat,0.27,0.46
20305,0.86,4.9,coffee,1.51,0.31
4832,0.07,1.1,coffee,0.54,0.49
38632,0.28,1.1,wheat,0.51,0.47
28558,0.17,3.2,banana,1.68,0.52
3804,0.21,4.4,wheat,2.47,0.56
34100,0.0,9.7,wheat,5.7,0.59
44728,0.26,3.7,tea,2.43,0.66
33348,0.22,3.3,banana,1.84,0.56
22752,0.14,2.1,wheat,1.16,0.55
14311,0.04,12.8,coffee,6.24,0.49
15529,0.88,1.1,cassava,0.6,0.55
32414,0.05,1.1,cassava,0.73,0.66
13505,0.12,0.7,wheat,0.43,0.61
32946,0.5,3.4,coffee,1.48,0.44
2730,0.05,3.8,banana,2.18,0.57
21012,0.04,0.9,wheat,0.48,0.54
43005,0.01,1.9,rice,1.04,0.55
32133,0.1,3.6,tea,2.32,0.64
43722,0.47,4.9,potato,2.73,0.56
16642,0.32,1.7,wheat,0.79,0.46
20416,0.28,2.7,banana,1.17,0.43
11636,0.29,5.0,banana,2.03,0.41
29314,0.01,2.5,coffee,1.32,0.53
39570,0.41,1.0,tea,0.47,0.47
40754,0.37,0.5,potato,0.31,0.61
27456,0.25,2.1,banana,0.75,0.35
21222,0.26,0.8,tea,0.5,0.62
40975,0.92,3.3,coffee,0.9,0.27
44861,0.48,4.6,wheat,2.02,0.44
13247,0.22,2.2,banana,1.37,0.62
44180,0.07,1.2,potato,0.78,0.65
32211,0.31,6.0,tea,4.47,0.75
890,0.36,9.4,tea,4.97,0.53
38240,0.07,2.8,banana,1.18,0.42
1377,0.07,3.5,wheat,1.53,0.44
33916,0.79,2.1,cassava,0.66,0.32
13800,0.1,12.3,wheat,5.19,0.42
8934,0.06,0.8,wheat,0.39,0.49
36111,0.59,11.8,wheat,3.07,0.26
43539,0.1,4.9,banana,2.16,0.44
45143,0.1,3.9,tea,3.12,0.8
10430,0.21,3.8,cassava,1.88,0.49
12894,0.91,4.3,coffee,0.9,0.21
28994,0.12,1.9,maize,1.2,0.63
38764,0.24,1.7,maize,1.04,0.61
28895,0.25,1.3,tea,0.86,0.66
7892,0.19,2.0,coffee,1.22,0.61
35639,0.82,0.8,wheat,0.33,0.42
41799,0.34,4.9,tea,3.04,0.62
32023,0.06,0.8,cassava,0.28,0.36
34708,0.07,2.1,coffee,1.0,0.48
8546,0.35,3.5,banana,1.99,0.57
18875,0.44,2.2,potato,1.14,0.52
33278,0.12,4.7,potato,2.65,0.56
19148,0.52,9.7,wheat,3.2,0.33
354,0.13,1.3,wheat,0.79,0.61
23642,0.21,0.7,tea,0.5,0.71
11841,0.0,0.6,banana,0.25,0.42
37326,0.01,2.7,wheat,1.33,0.49
36891,0.26,1.7,teaa,0.95,0.56
30398,0.01,1.9,coffee,0.84,0.44
8368,0.0,4.9,banana,2.49,0.51
14815,0.0,5.7,wheat,3.03,0.53
21835,0.36,4.6,wheat,2.45,0.53
21622,0.06,3.2,maize,2.02,0.63
35665,0.28,1.0,tea,0.69,0.69
44398,0.06,4.5,tea,3.09,0.69
39724,0.01,4.5,coffee,2.17,0.48
17714,0.03,0.5,rice,0.32,0.65
16330,0.0,2.1,tea,1.66,0.79
8780,0.06,3.9,potato,2.64,0.68
33929,0.11,1.4,tea,1.01,0.72
24385,0.08,1.7,banana,0.87,0.51
32589,0.88,3.8,wheat,1.67,0.44
43127,0.17,7.4,rice,3.54,0.48
21501,0.26,2.6,maize,1.27,0.49
36381,0.06,1.0,cassava,0.52,0.52
8326,0.15,1.3,wheat,0.66,0.51
26378,0.41,5.5,coffee,1.82,0.33
40431,0.68,4.5,potato,2.29,0.51
4647,0.81,2.6,cassava,1.09,0.42
35698,0.36,0.9,potato,0.47,0.53
24296,0.44,7.8,maize,4.66,0.6
30689,0.77,1.0,banana,0.26,0.26
43984,0.39,3.6,wheat,1.95,0.54
23785,0.29,0.6,wheat,0.28,0.47
27813,0.0,3.0,tea,2.22,0.74
25331,0.2,4.9,wheat,2.71,0.55
43500,0.1,0.7,wheat,0.36,0.51
10993,0.6,4.2,maize,2.03,0.48
33042,0.2,1.4,potato,0.82,0.59
39608,0.19,14.3,coffee,6.38,0.45
25203,0.21,1.6,cassaval,0.65,0.41
4449,0.01,3.8,banana,2.12,0.56
13316,0.03,1.0,coffee,0.57,0.57
39148,0.27,5.7,wheat,2.86,0.5
40939,0.05,14.9,coffee,7.49,0.5
40384,0.05,2.5,tea,1.53,0.61
24007,0.39,1.6,maize,0.69,0.43
9162,0.81,6.4,wheat,3.43,0.54
501,0.08,1.1,wheat,0.47,0.42
21862,0.0,3.5,rice,2.4,0.68
12358,0.28,0.6,potato,0.36,0.6
14875,0.05,2.2,coffee,1.11,0.5
6067,0.29,3.8,maize,2.36,0.62
10504,0.26,5.3,wheat,3.82,0.72
15558,0.26,1.0,potato,0.6,0.6
18805,0.06,2.5,banana,1.26,0.5
15924,0.75,4.2,tea,2.12,0.5
19042,0.31,2.2,potato,1.35,0.61
16343,0.77,11.9,wheat,5.28,0.44
27809,0.74,4.4,tea,2.23,0.51
19519,0.0,1.6,rice,0.93,0.58
20026,0.2,3.1,tea,2.45,0.79
43400,0.29,1.0,tea,0.62,0.62
27492,0.28,3.4,potato,1.87,0.55
42303,0.0,3.5,wheat,1.45,0.41
42623,0.71,0.8,coffee,0.17,0.22
19060,0.24,2.8,cassava,1.73,0.62
2404,0.56,1.4,wheat,0.61,0.44
17926,0.28,2.0,potato,1.18,0.59
26566,0.45,14.8,wheat,5.78,0.39
15910,0.05,10.8,cassaval,5.03,0.47
24928,0.02,1.3,wheat,0.85,0.65
26223,0.44,4.3,tea,2.13,0.5
43564,0.7,5.2,cassava,2.3,0.44
5692,0.59,1.6,cassava,0.89,0.55
4704,0.28,11.2,tea,8.22,0.73
43013,0.06,2.0,tea,1.18,0.59
15750,0.04,1.8,wheat,0.99,0.55
44943,0.2,3.3,potato,1.97,0.6
1000,0.2,1.4,potato,0.83,0.59
22792,0.34,0.5,potato,0.29,0.58
11917,0.17,10.9,coffee,6.83,0.63
24375,0.0,14.3,wheat,5.33,0.37
26461,0.08,4.8,potato,3.03,0.63
15170,0.0,4.3,wheat,2.86,0.67
2463,0.44,1.9,coffee,0.63,0.33
44044,0.43,0.8,potato,0.42,0.53
144,0.78,13.1,cassava,4.66,0.36
36802,0.25,1.7,tea,1.31,0.77
25701,0.01,1.6,wheat,0.88,0.55
14763,0.46,1.7,maize,0.65,0.38
10226,0.57,5.6,wheat,2.45,0.44
30661,0.1,1.9,tea,1.38,0.72
38656,0.34,1.4,tea,0.95,0.68
40817,0.0,11.4,banana,4.73,0.42
19711,0.27,4.2,coffee,2.3,0.55
34741,0.04,3.8,tea,2.52,0.66
23529,0.11,0.8,potato,0.5,0.63
31167,0.08,4.4,cassava,1.67,0.38
9288,0.33,4.9,maize,2.42,0.49
23145,0.09,0.5,tea,0.28,0.57
18173,0.1,1.4,potato,0.88,0.63
12347,0.23,2.5,wheat,1.23,0.49
10163,0.01,5.8,tea,2.73,0.47
23542,0.71,4.6,cassava,2.32,0.5
22943,0.04,8.0,tea,6.58,0.82
26088,0.05,6.5,banana,3.51,0.54
36237,0.37,1.8,tea,1.05,0.58
13657,0.0,0.7,tea,0.55,0.79
8091,0.13,3.0,wheatn,1.47,0.49
42499,0.12,4.7,tea,3.96,0.84
3714,0.0,3.2,wheat,1.58,0.49
7667,0.0,0.8,banana,0.35,0.44
2464,0.22,1.8,coffee,0.79,0.44
21987,0.53,2.3,wheat,1.08,0.47
2874,0.3,8.4,cassava,4.67,0.56
1121,0.25,1.8,maize,1.03,0.57
36037,0.58,1.6,tea,0.66,0.41
2585,0.04,13.0,coffee,6.2,0.48
17417,0.01,1.1,potato,0.71,0.65
30705,0.26,0.7,potato,0.41,0.59
17914,0.38,3.8,cassava,2.08,0.55
17243,0.7,2.8,cassava,1.5,0.53
33856,0.0,3.2,cassava,1.36,0.42
24958,0.18,4.0,wheat,2.02,0.51
16095,0.77,2.3,cassava,1.09,0.47
12277,0.0,3.3,banana,1.6,0.49
15400,0.27,11.0,potato,6.93,0.63
3789,0.07,0.8,wheat,0.41,0.51
23003,0.4,3.0,tea,1.33,0.44
26332,0.41,4.7,wheat,2.3,0.49
7321,0.06,2.4,banana,0.86,0.36
11591,0.3,9.9,rice,5.19,0.52
31689,0.09,12.3,wheat,5.84,0.47
6420,0.08,2.3,cassava,1.31,0.57
42399,0.05,3.4,tea,2.15,0.63
19883,0.07,10.2,cassava,5.09,0.5
25754,0.3,2.6,maize,1.32,0.51
30405,0.02,3.0,wheat,1.38,0.46
21980,0.15,1.2,tea,0.96,0.8
5742,0.21,5.0,tea,2.09,0.42
20586,0.36,1.8,coffee,1.1,0.61
36263,0.22,1.2,wheat,0.72,0.6
40263,0.72,2.6,cassava,1.48,0.57
13962,0.1,0.6,tea,0.45,0.74
3434,0.79,1.6,cassava,0.71,0.44
13538,0.11,1.0,cassava,0.51,0.51
17779,0.0,1.9,banana,0.63,0.33
11359,0.62,4.0,coffee,1.03,0.26
22206,0.09,10.2,wheat,6.04,0.59
25978,0.01,14.3,tea,11.26,0.79
20363,0.94,3.6,banana,1.28,0.35
44164,0.37,13.4,banana,7.09,0.53
22425,0.23,1.5,coffee,0.6,0.4
26541,0.01,2.3,potato,1.49,0.65
2740,0.23,0.6,tea,0.28,0.47
37054,0.04,3.2,cassava,1.33,0.42
17289,0.23,1.3,potato,0.83,0.64
9501,0.07,2.0,potato,1.23,0.61
21960,0.01,4.4,cassava,1.9,0.43
9801,0.57,4.2,wheat,1.52,0.36
27320,0.02,1.4,rice,0.9,0.65
44019,0.42,1.6,potato,0.92,0.58
27838,0.0,4.7,wheat,2.41,0.51
28735,0.26,0.6,wheat,0.28,0.46
5342,0.33,3.5,potato,2.16,0.62
811,0.37,11.2,coffee,7.36,0.66
10476,0.03,4.9,maize,2.46,0.5
40413,0.91,0.7,wheat,0.17,0.25
41214,0.02,4.0,cassava,1.43,0.36
8578,0.04,1.9,coffee,0.94,0.5
173,0.75,2.1,coffee,0.62,0.3
40692,0.3,14.4,cassava,8.21,0.57
37824,0.28,3.4,potato,2.04,0.6
16050,0.65,8.5,cassava,4.43,0.52
35823,0.24,13.1,tea,9.82,0.75
32739,0.32,3.2,tea,2.25,0.7
12637,0.34,1.5,potato,0.79,0.53
38229,0.15,2.4,maize,1.24,0.51
36461,0.5,13.6,coffee,4.56,0.34
11427,0.07,14.7,cassava,6.17,0.42
7401,0.09,8.4,wheat,5.17,0.62
42826,0.02,5.9,tea,4.16,0.71
22895,0.14,1.8,banana,0.7,0.39
8957,0.06,4.7,coffee,2.2,0.47
23773,0.06,4.3,banana,2.07,0.48
44528,0.09,1.4,potato,0.83,0.59
29559,0.05,4.8,wheat,3.55,0.74
16797,0.18,14.4,banana,4.97,0.35
33974,0.34,13.0,cassava,5.51,0.42
45089,0.21,0.7,tea,0.52,0.74
20206,0.24,0.6,potato,0.34,0.57
44524,0.27,14.5,potato,8.63,0.6
3829,0.04,1.9,banana,0.78,0.41
26574,0.1,10.7,coffee,5.62,0.52
23240,0.0,0.9,banana,0.37,0.41
17936,0.12,3.4,cassava,1.97,0.58
2135,0.04,2.3,potato,1.36,0.59
35682,0.05,10.2,tea,5.03,0.49
10311,0.15,1.7,wheat,0.9,0.53
18999,0.03,4.3,banana,1.64,0.38
39897,0.1,1.8,potato,0.92,0.51
18167,0.07,7.7,tea,4.47,0.58
25220,0.01,2.8,wheat,1.26,0.45
17353,0.22,3.7,potato,2.07,0.56
41661,0.45,1.2,maize,0.49,0.41
24902,0.27,0.8,tea,0.44,0.55
36693,0.91,0.6,cassava,0.28,0.46
42261,0.64,2.9,potato,1.33,0.46
27806,0.01,1.5,wheat,0.77,0.51
5553,0.05,1.9,banana,0.78,0.41
31928,0.32,1.3,tea,0.79,0.61
23933,0.24,1.7,maize,0.91,0.54
12690,0.4,8.7,coffee,2.78,0.32
26065,0.05,12.6,rice,7.47,0.59
40183,0.04,2.5,tea,1.57,0.63
3068,0.0,4.2,banana,1.54,0.37
35252,0.04,2.7,tea,1.91,0.71
7635,0.07,9.1,wheat,4.58,0.5
29095,0.07,1.1,cassava,0.64,0.58
38718,0.19,3.1,wheat,1.48,0.48
42049,0.21,0.9,coffee,0.56,0.62
6493,0.03,2.1,tea,1.29,0.61
32072,0.26,1.1,potato,0.64,0.58
31596,0.91,1.2,wheat,0.53,0.44
19166,0.21,2.0,coffee,1.07,0.54
44437,0.26,0.5,tea,0.26,0.52
29339,0.0,10.1,potato,6.77,0.67
26517,0.42,2.7,potato,1.66,0.62
2098,0.87,3.4,tea,1.84,0.54
24609,0.12,1.7,banana,0.89,0.52
4614,0.01,4.2,maize,2.74,0.65
40126,0.07,2.1,banana,1.02,0.49
3288,0.15,4.1,cassava,2.43,0.59
16248,0.11,3.3,cassava,1.59,0.48
43027,0.45,11.0,potato,5.2,0.47
11235,0.24,1.8,coffee,0.64,0.35
25847,0.21,2.4,potato,1.36,0.57
18739,0.16,1.6,cassava,1.05,0.65
36139,0.14,0.6,cassava,0.32,0.53
32554,0.16,3.2,tea,2.42,0.76
25585,0.11,3.4,maize,2.15,0.63
25768,0.19,14.8,maize,9.9,0.67
44097,0.25,2.0,wheat,1.27,0.64
116,0.84,4.6,cassava,1.25,0.27
26615,0.08,14.9,rice,10.51,0.71
39270,0.23,5.0,coffee,2.2,0.44
14467,0.21,12.4,tea,5.25,0.42
18303,0.41,0.9,wheat,0.43,0.48
8406,0.0,3.6,wheat,1.54,0.43
1631,0.12,4.6,tea,3.74,0.81
40716,0.26,1.3,wheat,0.48,0.37
43188,0.01,1.2,wheat,0.79,0.66
41404,0.0,3.7,banana,1.44,0.39
17571,0.78,2.3,tea,1.24,0.54
11275,0.79,13.6,wheat,4.54,0.33
43784,0.32,1.0,wheat,0.57,0.57
13591,0.6,0.9,cassava,0.44,0.49
6429,0.11,11.6,banana,5.64,0.49
29519,0.6,9.3,coffee,1.98,0.21
5672,0.08,9.1,tea,7.77,0.85
20340,0.3,4.4,maize,2.05,0.47
42180,0.83,0.9,tea,0.43,0.48
25604,0.14,1.3,wheat,0.88,0.68
17681,0.23,1.4,potato,0.83,0.6
31723,0.19,1.6,wheat,0.74,0.46
25873,0.26,3.3,banana,1.86,0.56
38937,0.31,0.6,tea,0.3,0.5
15521,0.04,4.2,wheat,2.0,0.48
20715,0.45,1.0,potato,0.64,0.64
8480,0.27,1.3,wheat,0.85,0.65
17683,0.05,14.5,wheat,7.98,0.55
6194,0.12,1.8,wheat,1.06,0.59
36471,0.06,4.9,wheat,3.39,0.69
27908,0.89,1.1,coffee,0.23,0.21
24242,0.02,4.9,wheat,2.81,0.57
19007,0.13,3.9,coffee,2.01,0.52
42192,0.27,3.0,coffee,1.36,0.45
38706,0.0,3.0,wheat,1.55,0.52
23875,0.03,14.3,banana,6.95,0.49
29636,0.22,1.4,potato,0.88,0.63
12272,0.24,13.5,wheat,8.02,0.59
16028,0.38,3.1,cassava,1.27,0.41
27170,0.02,2.6,tea,1.62,0.62
15135,0.21,9.2,tea,5.47,0.6
15570,0.0,4.4,coffee,2.23,0.51
33993,0.48,1.9,wheat,0.84,0.44
20212,0.65,3.9,cassava,2.16,0.55
18523,0.09,4.2,cassava,2.37,0.57
26288,0.27,0.7,cassava,0.42,0.6
33711,0.11,1.6,maize,0.82,0.52
22793,0.05,1.0,wheat,0.51,0.51
15671,0.06,6.1,banana,2.88,0.47
29060,0.12,4.6,wheat,2.01,0.44
1736,0.1,1.2,coffee,0.65,0.54
41322,0.04,3.9,banana,1.4,0.36
36581,0.14,1.0,tea,0.72,0.72
8639,0.19,1.0,tea,0.62,0.62
38667,0.12,1.3,wheat,0.71,0.55
39765,0.28,2.2,wheatn,1.0,0.45
21616,0.06,6.4,wheat,3.28,0.51
31333,0.57,0.8,potato,0.47,0.58
28999,0.32,14.7,tea,9.53,0.65
22103,0.8,6.7,wheat,3.16,0.47
37073,0.14,2.3,maize,0.98,0.43
35972,0.35,1.6,wheat,0.8,0.5
37714,0.31,1.7,tea,0.84,0.49
23144,0.04,1.5,tea,0.91,0.61
22175,0.4,13.5,wheat,7.93,0.59
21027,0.21,0.9,maize,0.38,0.43
28704,0.6,14.6,tea,4.49,0.31
28397,0.2,3.3,potato,2.0,0.61
30283,0.19,4.3,potato,2.48,0.58
19647,0.04,8.2,wheat,4.63,0.56
37204,0.1,1.2,wheat,0.84,0.7
26323,0.12,1.3,cassava,0.54,0.42
42745,0.37,0.9,coffee,0.32,0.36
43842,0.15,2.6,banana,1.16,0.45
17281,0.38,2.4,wheat,1.27,0.53
18795,0.06,0.9,banana,0.42,0.47
20549,0.29,1.9,coffee,1.15,0.6
839,0.24,4.1,potato,2.39,0.58
36934,0.14,1.2,coffee,0.6,0.5
9414,0.24,0.6,wheat,0.34,0.57
29108,0.22,1.6,tea,1.19,0.74
36150,0.27,1.9,maize,0.85,0.45
4504,0.28,4.4,tea,2.01,0.46
9183,0.01,3.6,coffee,1.62,0.45
33483,0.04,4.7,wheat,2.52,0.54
26217,0.02,1.1,potato,0.65,0.59
40255,0.21,1.0,tea,0.76,0.76
36619,0.76,14.2,coffee,4.92,0.35
30440,0.04,4.5,cassaval,2.23,0.5
27615,0.33,0.5,potato,0.27,0.54
343,0.69,0.6,wheat,0.26,0.43
40784,0.13,9.1,tea,5.29,0.58
11925,0.15,4.1,coffee,1.61,0.39
21135,0.15,2.9,cassava,1.12,0.39
31130,0.14,0.6,potato,0.36,0.6
7981,0.27,3.7,potato,2.31,0.62
39565,0.05,3.5,coffee,1.51,0.43
30567,0.33,4.8,cassava,1.59,0.33
26937,0.26,2.4,potato,1.32,0.55
12971,0.21,1.1,wheat,0.78,0.71
30566,0.59,4.1,coffee,1.08,0.26
5881,0.75,1.4,cassava,0.66,0.47
20937,0.07,0.7,coffee,0.32,0.46
38482,0.33,9.9,wheat,5.36,0.54
17894,0.13,4.3,wheat,2.15,0.5
3944,0.08,1.1,rice,0.69,0.62
29911,0.17,2.8,maize,1.48,0.53
32366,0.01,3.7,rice,2.53,0.68
13862,0.05,4.3,wheat,1.87,0.44
36606,0.0,9.7,rice,4.99,0.51
17588,0.11,1.3,tea,0.79,0.6
32406,0.06,1.4,wheat,0.71,0.51
5525,0.24,4.7,cassava,2.32,0.49
45128,0.76,1.4,coffee,0.42,0.3
41375,0.32,3.8,potato,2.15,0.57
1138,0.27,8.3,potato,4.94,0.6
17039,0.12,1.0,wheat,0.54,0.54
19438,0.72,1.8,cassava,0.89,0.5
26554,0.27,4.0,coffee,1.93,0.48
26594,0.23,3.4,potato,2.14,0.63
35962,0.18,1.2,tea,0.87,0.72
17172,0.13,4.3,maize,2.93,0.68
18264,0.01,2.0,cassava,0.99,0.49
42133,0.21,2.8,wheat,1.64,0.59
33484,0.05,0.6,wheat,0.36,0.6
21472,0.03,2.0,coffee,0.97,0.49
23329,0.02,1.2,potato,0.71,0.59
38236,0.1,2.2,cassava,0.94,0.43
18870,0.42,0.5,potato,0.32,0.63
35076,0.19,1.4,banana,0.67,0.48
13480,0.26,1.0,tea,0.75,0.75
44059,0.01,3.5,wheat,1.82,0.52
13867,0.22,11.7,wheat,6.47,0.55
12619,0.05,5.6,cassava,2.66,0.48
40805,0.4,13.5,wheat,6.5,0.48
14474,0.18,3.8,wheatn,2.31,0.61
41754,0.06,3.9,coffee,1.39,0.36
21936,0.08,0.6,coffee,0.29,0.48
5181,0.07,0.9,coffee,0.45,0.5
1487,0.07,4.4,wheat,2.44,0.56
29043,0.18,1.0,cassava,0.59,0.59
37743,0.23,3.1,cassava,1.56,0.5
8663,0.06,13.3,tea,8.49,0.64
30714,0.81,4.3,coffee,1.21,0.28
44715,0.12,4.9,wheat,2.02,0.41
11674,0.02,1.2,cassava,0.58,0.48
40708,0.1,14.0,banana,6.5,0.46
9654,0.29,1.2,potato,0.66,0.55
28300,0.0,0.8,banana,0.39,0.49
23995,0.24,3.6,maize,1.94,0.54
5676,0.15,1.1,maize,0.52,0.48
17318,0.02,4.1,coffee,2.01,0.49
8961,0.05,10.2,cassava,3.87,0.38
22077,0.02,2.1,cassava,1.14,0.54
24678,0.5,14.7,coffee,6.78,0.46
42339,0.25,3.9,tea,2.42,0.62
31068,0.06,3.0,maize,1.44,0.48
5478,0.4,6.5,wheat,4.19,0.65
8350,0.6,9.5,coffee,2.51,0.26
25300,0.37,4.5,coffee,1.68,0.37
42811,0.18,3.1,tea,1.98,0.64
24401,0.28,3.2,cassava,1.74,0.54
14978,0.04,2.1,banana,1.07,0.51
40451,0.34,4.0,tea,2.21,0.55
23910,0.12,4.3,potato,2.65,0.62
1162,0.01,3.3,banana,1.36,0.41
25056,0.28,0.8,potato,0.46,0.57
33574,0.24,4.1,tea,2.95,0.72
20996,0.24,4.3,potato,2.48,0.58
34359,0.05,14.4,banana,4.79,0.33
11393,0.27,1.8,tea,0.98,0.54
30343,0.01,1.8,banana,0.79,0.44
34784,0.06,6.8,wheat,2.84,0.42
8194,0.09,4.1,coffee,1.66,0.41
8040,0.07,5.3,tea,4.13,0.78
17005,0.27,8.8,banana,4.4,0.5
42023,0.1,4.5,banana,2.15,0.48
14934,0.07,4.5,tea,2.57,0.57
4579,0.31,3.4,banana,2.0,0.59
3029,0.03,1.9,banana,1.0,0.53
25440,0.01,9.5,cassava,4.33,0.46
476,0.18,1.5,potato,0.86,0.57
4207,0.05,3.3,wheat,1.66,0.5
6769,0.74,1.4,wheat,0.59,0.42
30060,0.03,0.6,maize,0.33,0.55
9024,0.11,2.5,wheat,1.53,0.61
25680,0.09,4.3,potato,2.72,0.63
5865,0.77,0.8,tea,0.39,0.49
23082,0.25,1.6,tea,0.95,0.59
31409,0.1,12.2,cassava,6.03,0.49
13819,0.76,0.8,wheat,0.33,0.42
28209,0.42,2.7,cassava,1.51,0.56
3243,0.06,4.5,coffee,2.23,0.49
42245,0.13,3.4,tea,2.4,0.7
2081,0.37,2.4,tea,1.53,0.64
6847,0.37,9.2,wheat,4.83,0.52
5907,0.29,1.8,wheat,1.0,0.55
1846,0.04,9.9,wheat,4.31,0.43
43923,0.36,1.9,maize,0.86,0.45
23547,0.39,14.0,wheat,6.21,0.44
32522,0.06,2.9,coffee,1.41,0.48
12172,0.08,3.6,wheat,1.84,0.51
31725,0.36,13.3,cassava,6.87,0.52
18176,0.42,3.6,wheat,1.64,0.46
7096,0.39,1.1,tea,0.57,0.52
15273,0.14,0.9,maize,0.46,0.52
2055,0.26,2.0,tea,0.84,0.42
23859,0.05,4.9,cassava,2.43,0.5
37937,0.25,1.5,potato,0.93,0.62
24979,0.14,1.6,wheat,0.94,0.59
32648,0.2,0.8,tea,0.58,0.73
27112,0.0,0.7,coffee,0.32,0.46
12378,0.14,0.7,tea,0.61,0.87
20402,0.13,1.3,tea,0.87,0.67
18498,0.0,2.5,tea,2.1,0.84
29562,0.27,14.8,maize,6.58,0.44
38563,0.45,4.9,tea,3.27,0.67
7762,0.16,4.6,potato,2.42,0.53
29123,0.28,2.5,tea,1.08,0.43
21546,0.38,4.5,wheat,2.15,0.48
33240,0.13,1.7,cassava,0.95,0.56
32558,0.14,11.3,banana,6.85,0.61
7915,0.01,1.8,potato,1.1,0.61
26816,0.16,1.8,tea,0.83,0.46
38206,0.0,1.3,wheat,0.53,0.41
12883,0.0,8.7,rice,4.39,0.5
16367,0.14,2.0,maize,1.32,0.66
5040,0.0,6.0,wheat,2.61,0.44
16255,0.08,0.6,cassava,0.35,0.58
8784,0.45,3.2,maize,1.56,0.49
26084,0.0,1.1,maize,0.62,0.57
150,0.46,6.5,wheat,3.2,0.49
34046,0.18,1.8,tea,1.39,0.77
43527,0.0,5.8,wheat,2.99,0.51
7516,0.21,5.0,wheat,2.95,0.59
26151,0.53,2.7,tea,1.53,0.57
37379,0.23,1.4,maize,0.85,0.61
9604,0.0,1.3,wheat,0.66,0.51
42482,0.34,0.6,wheat,0.3,0.5
9871,0.07,7.0,rice,4.27,0.61
16341,0.23,1.9,wheat,1.14,0.6
43586,0.03,0.7,coffee,0.39,0.56
23075,0.3,10.7,potato,6.71,0.63
26185,0.0,3.8,banana,1.85,0.49
5733,0.11,1.1,banana,0.57,0.51
43369,0.23,1.6,banana,0.65,0.41
24608,0.0,12.6,rice,6.8,0.54
24909,0.3,1.6,wheat,0.66,0.41
6108,0.25,7.2,tea,5.45,0.76
13738,0.05,13.7,coffee,4.86,0.35
23270,0.35,1.1,cassava,0.37,0.34
12880,0.43,10.5,tea,6.65,0.63
28395,0.01,3.6,banana,1.89,0.52
19566,0.13,2.9,wheat,1.23,0.42
39130,0.05,4.3,cassava,2.19,0.51
30353,0.41,4.0,wheat,2.17,0.54
9925,0.02,4.9,coffee,2.05,0.42
23000,0.45,2.9,cassava,1.7,0.59
26480,0.0,0.6,banana,0.19,0.32
32882,0.44,1.1,maize,0.39,0.36
31854,0.04,8.9,cassava,3.54,0.4
14896,0.07,12.0,banana,5.81,0.48
7786,0.23,3.4,wheat,1.56,0.46
23543,0.1,1.5,wheat,1.08,0.72
42407,0.06,2.4,tea,1.27,0.53
7264,0.21,5.0,potato,2.95,0.59
29786,0.28,1.8,coffee,0.83,0.46
4243,0.26,1.4,coffee,0.7,0.5
5923,0.05,2.0,wheat,0.96,0.48
33057,0.14,2.4,coffee,1.03,0.43
41201,0.49,4.4,cassava,2.65,0.6
19231,0.25,1.5,tea,0.98,0.66
20701,0.25,0.9,tea,0.68,0.76
28056,0.32,1.7,potato,0.95,0.56
33519,0.12,2.7,coffee,1.6,0.59
8230,0.12,2.4,maize,1.33,0.55
41612,0.12,4.1,tea,2.93,0.71
5920,0.07,2.0,tea,1.44,0.72
41602,0.0,0.8,wheat,0.41,0.52
17784,0.27,1.4,coffee,0.75,0.53
3016,0.04,1.3,banana,0.75,0.58
24581,0.05,1.3,rice,0.78,0.6
3455,0.04,2.6,banana,1.01,0.39
24112,0.28,3.9,wheat,2.09,0.54
39744,0.22,2.5,tea,1.11,0.44
17641,0.22,3.9,wheat,2.23,0.57
5165,0.19,2.3,wheat,1.28,0.56
37970,0.04,3.2,banana,1.77,0.55
41985,0.06,4.9,maize,2.32,0.47
32869,0.13,2.8,wheat,1.21,0.43
4707,0.88,3.0,wheat,1.11,0.37
44666,0.22,1.6,maize,0.83,0.52
16231,0.03,13.6,wheat,8.54,0.63
45035,0.61,3.8,coffee,1.33,0.35
37299,0.01,3.0,rice,1.58,0.53
22971,0.21,11.2,tea,8.59,0.77
41239,0.21,3.9,maize,1.93,0.49
14486,0.0,3.4,tea,2.65,0.78
6014,0.23,3.1,potato,1.8,0.58
20197,0.44,2.9,maize,1.01,0.35
2952,0.72,1.2,tea,0.41,0.34
2943,0.06,0.7,banana,0.35,0.5
28501,0.07,4.5,banana,1.91,0.42
40793,0.26,0.5,wheat,0.29,0.58
40184,0.22,1.5,potato,0.93,0.62
17979,0.01,1.5,wheat,1.09,0.72
3263,0.65,5.0,tea,2.37,0.47
43716,0.22,0.6,cassava,0.36,0.61
35582,0.0,3.3,coffee,1.8,0.54
44591,0.4,1.6,potato,0.86,0.54
24339,0.33,0.9,potato,0.48,0.54
42691,0.19,1.2,wheat,0.57,0.48
5987,0.0,2.8,coffee,1.37,0.49
19245,0.14,4.9,tea,3.39,0.69
6890,0.03,4.2,rice,2.6,0.62
13695,0.0,1.5,wheat,0.72,0.48
14942,0.39,2.8,cassava,1.31,0.47
9661,0.11,4.8,potato,2.41,0.5
37008,0.22,1.0,tea,0.45,0.45
40476,0.15,4.7,banana,2.29,0.49
24896,0.09,4.8,wheat,1.94,0.4
37161,0.67,0.8,wheat,0.4,0.5
2328,0.28,1.8,tea,1.22,0.68
42010,0.57,2.3,coffee,0.87,0.38
42887,0.19,3.9,coffee,1.67,0.43
32343,0.64,3.2,tea,1.68,0.52
6583,0.13,3.1,potato,1.76,0.57
22569,0.09,4.7,tea,3.1,0.66
32411,0.32,3.7,maize,1.84,0.5
25533,0.31,4.5,potato,2.64,0.59
41221,0.31,1.9,wheat,0.93,0.49
25257,0.11,1.5,cassava,0.74,0.5
4538,0.0,3.0,banana,1.14,0.38
29933,0.01,0.6,coffee,0.23,0.39
25082,0.38,1.4,tea,0.78,0.56
35277,0.01,1.0,potato,0.62,0.62
35441,0.26,2.7,coffee,1.05,0.39
24467,0.11,1.1,wheat,0.44,0.4
43728,0.8,12.8,tea,6.11,0.48
44350,0.28,5.9,maize,4.01,0.68
13075,0.18,7.8,potato,4.5,0.58
2385,0.02,1.0,tea,0.43,0.43
36829,0.45,4.6,potato,2.69,0.58
26087,0.22,11.1,tea,9.77,0.88
9986,0.11,14.6,cassava,5.95,0.41
33239,0.21,0.7,wheat,0.36,0.52
37922,0.13,0.5,tea,0.39,0.78
41173,0.14,1.6,maize,0.76,0.47
35653,0.0,1.8,wheat,0.88,0.49
42037,0.14,1.2,potato,0.69,0.57
37677,0.04,6.0,maize,3.93,0.65
41263,0.2,1.3,wheat,0.87,0.67
13920,0.18,2.5,banana,1.29,0.51
2265,0.03,4.3,banana,2.03,0.47
5545,0.44,11.0,maize,5.69,0.52
13997,0.02,4.8,rice,2.55,0.53
7515,0.08,2.2,coffee,1.3,0.59
12892,0.0,2.6,wheat,1.34,0.52
1276,0.86,4.4,cassava,2.18,0.5
5158,0.0,0.9,rice,0.48,0.53
6390,0.1,1.9,wheat,0.77,0.41
3461,0.38,1.1,tea,0.77,0.7
25113,0.23,5.5,potato,3.29,0.6
9548,0.15,4.8,potato,2.88,0.6
14335,0.0,0.6,rice,0.38,0.64
7033,0.27,3.2,tea,2.12,0.66
14032,0.36,3.6,cassava,1.23,0.34
5034,0.33,9.9,wheat,4.58,0.46
19764,0.26,11.0,potato,5.53,0.5
32205,0.31,1.5,potato,0.91,0.61
31196,0.14,3.6,wheat,1.7,0.47
31011,0.26,1.2,maize,0.7,0.59
38929,0.33,6.9,cassava,4.0,0.58
1034,0.04,4.2,cassava,2.16,0.51
18863,0.92,3.8,maize,1.7,0.45
10859,0.06,1.7,wheat,0.94,0.56
33079,0.43,3.2,cassava,1.78,0.56
37889,0.05,11.2,coffee,5.31,0.47
8372,0.29,0.6,cassava,0.37,0.61
30142,0.01,2.8,rice,1.63,0.58
19495,0.33,0.7,potato,0.38,0.54
32646,0.34,0.9,tea,0.57,0.64
9831,0.15,4.7,coffee,2.03,0.43
22071,0.02,8.9,coffee,5.0,0.56
15541,0.35,2.7,cassava,1.63,0.61
15637,0.42,13.0,coffee,4.38,0.34
39450,0.07,3.6,cassava,2.12,0.59
38980,0.2,2.5,wheat,1.47,0.59
22674,0.24,3.7,potato,1.89,0.51
37876,0.06,11.0,wheat,6.87,0.62
10803,0.77,11.6,cassava,4.9,0.42
30293,0.09,3.6,tea,2.41,0.67
41710,0.05,3.4,cassava,1.65,0.49
43434,0.01,1.8,banana,0.72,0.4
25637,0.0,0.9,potato,0.61,0.68
15257,0.0,6.3,wheat,3.21,0.51
36531,0.22,2.7,potato,1.58,0.59
4859,0.23,10.3,cassava,4.62,0.45
1282,0.03,0.5,banana,0.24,0.49
32774,0.05,9.1,coffee,4.83,0.53
2110,0.1,0.6,cassava,0.28,0.46
7817,0.17,6.8,coffee,3.54,0.52
9060,0.09,3.0,cassava,1.15,0.38
34601,0.95,2.2,tea,1.12,0.51
11293,0.16,2.3,maize,1.26,0.55
29096,0.02,4.6,wheat,2.27,0.49
26560,0.09,14.9,banana,6.9,0.46
6807,0.1,10.3,tea,5.38,0.52
14623,0.0,4.3,wheat,3.07,0.71
11661,0.0,3.1,rice,1.79,0.58
5959,0.36,10.9,tea,8.15,0.75
28206,0.09,1.4,wheat,0.76,0.55
34058,0.21,1.8,potato,1.05,0.58
28364,0.4,1.1,potato,0.7,0.64
20687,0.89,1.9,wheat,0.59,0.31
29003,0.11,7.5,wheat,4.55,0.61
32304,0.22,12.0,coffee,8.31,0.69
8394,0.12,3.8,tea,2.82,0.74
44700,0.01,4.4,wheat,2.21,0.5
19570,0.28,11.8,tea,9.17,0.78
29418,0.39,4.0,wheat,2.07,0.52
41164,0.21,1.8,tea,0.73,0.4
15601,0.12,9.5,wheat,5.04,0.53
7481,0.54,4.4,wheat,2.03,0.46
17196,0.11,1.3,wheat,0.72,0.55
12010,0.08,1.1,banana,0.53,0.48
23917,0.27,3.0,wheat,1.84,0.61
30272,0.04,1.5,banana,0.64,0.43
18873,0.76,3.7,tea,1.59,0.43
42052,0.06,1.0,tea,0.45,0.45
25270,0.02,1.6,wheat,0.84,0.52
23789,0.16,1.8,cassava,1.03,0.57
12732,0.05,10.3,cassava,4.65,0.45
44197,0.0,3.5,banana,1.39,0.4
42752,0.11,0.7,tea,0.45,0.65
36260,0.25,1.4,tea,0.6,0.43
20392,0.28,8.4,wheat,4.13,0.49
31347,0.09,6.2,coffee,3.24,0.52
9744,0.16,12.0,coffee,6.48,0.54
33469,0.0,4.3,wheat,2.24,0.52
31682,0.09,3.3,tea,2.46,0.75
15959,0.03,2.5,wheat,1.39,0.56
12097,0.72,5.7,cassava,3.0,0.53
39291,0.44,3.3,cassava,1.92,0.58
4377,0.13,1.3,banana,0.59,0.45
26878,0.33,4.8,potato,2.3,0.48
8902,0.38,4.6,cassava,2.57,0.56
22623,0.01,2.5,wheat,1.29,0.51
1139,0.12,4.4,tea,3.08,0.7
20335,0.43,4.2,wheat,2.25,0.54
4241,0.44,3.0,cassava,1.49,0.5
31173,0.02,2.0,coffee,1.06,0.53
29694,0.05,1.1,coffee,0.51,0.46
330,0.04,2.5,cassava,1.14,0.46
31534,0.13,4.5,wheat,2.33,0.52
14449,0.08,3.8,tea,2.19,0.58
39167,0.04,12.6,banana,7.34,0.58
8020,0.16,0.8,coffee,0.31,0.39
20348,0.16,4.9,wheat,2.89,0.59
43697,0.12,3.4,potato,2.08,0.61
19032,0.64,6.8,wheat,2.91,0.43
12824,0.0,4.6,wheat,2.04,0.44
33517,0.4,0.6,potato,0.32,0.53
39473,0.1,6.2,wheat,3.49,0.56
29076,0.03,4.7,coffee,2.19,0.47
40914,0.0,2.2,banana,0.94,0.43
28073,0.12,4.5,coffee,2.97,0.66
13443,0.0,4.6,wheat,1.95,0.42
15822,0.04,2.7,tea,1.77,0.65
34162,0.68,1.9,cassava,1.13,0.6
32706,0.78,3.8,maize,1.81,0.48
5875,0.47,11.1,wheat,7.08,0.64
35378,0.14,2.5,wheat,1.49,0.59
7656,0.98,0.6,cassava,0.18,0.3
42872,0.53,7.5,tea,2.77,0.37
31733,0.22,1.2,tea,0.92,0.76
25941,0.04,1.3,cassava,0.63,0.48
24414,0.02,1.7,coffee,0.93,0.55
18415,0.25,3.2,banana,1.48,0.46
35263,0.0,9.4,rice,5.53,0.59
3693,0.02,5.0,wheat,3.48,0.7
28192,0.47,1.2,wheat,0.69,0.58
33465,0.25,1.1,tea,0.55,0.5
6605,0.21,2.0,potato,1.06,0.53
8541,0.77,2.3,wheat,0.97,0.42
22859,0.35,2.5,tea,1.55,0.62
38932,0.0,4.1,coffee,2.01,0.49
19854,0.89,2.2,tea,0.75,0.34
38807,0.37,3.4,wheat,1.88,0.55
26891,0.05,2.1,cassava,1.16,0.55
36177,0.33,13.1,tea,8.29,0.63
758,0.02,2.7,banana,1.29,0.48
12080,0.0,2.5,coffee,1.4,0.56
42426,0.08,14.5,maize,7.19,0.5
21899,0.01,1.9,wheat,1.0,0.53
8468,0.27,14.1,potato,8.24,0.58
24836,0.09,1.1,cassava,0.54,0.49
35102,0.25,4.0,maize,2.3,0.58
12513,0.0,13.6,rice,7.75,0.57
5726,0.0,2.3,coffee,1.29,0.56
43390,0.03,7.7,banana,4.18,0.54
38900,0.32,4.9,maize,2.43,0.5
13748,0.28,5.6,potato,3.14,0.56
262,0.49,2.0,cassava,0.93,0.46
36239,0.02,3.3,potato,1.69,0.51
41118,0.08,4.2,rice,2.67,0.64
14493,0.36,2.4,tea,1.62,0.68
7468,0.01,4.2,wheat,2.14,0.51
5373,0.16,4.5,maize,2.82,0.63
32227,0.0,6.6,banana,2.18,0.33
9994,0.13,1.6,wheat,0.72,0.45
341,0.23,2.6,potato,1.73,0.67
3843,0.33,1.7,maize,0.77,0.45
273,0.41,14.6,wheat,5.64,0.39
39438,0.09,0.9,cassava,0.44,0.48
20481,0.84,2.3,wheat,0.79,0.34
5011,0.29,1.7,potato,0.92,0.54
28613,0.31,1.4,maize,0.81,0.58
41515,0.31,9.0,cassava,4.91,0.55
24093,0.04,6.0,banana,3.18,0.53
21099,0.02,1.0,wheat,0.69,0.69
31997,0.07,2.7,coffee,1.44,0.53
21571,0.01,1.7,potato,1.06,0.62
28119,0.69,7.9,cassava,3.45,0.44
44570,0.11,9.1,potato,5.84,0.64
16063,0.28,2.6,wheat,1.14,0.44
322,0.15,0.6,wheat,0.28,0.47
32417,0.15,13.9,wheat,7.65,0.55
24268,0.09,5.9,rice,2.9,0.49
19443,0.01,0.7,potato,0.42,0.6
30038,0.06,2.3,banana,1.21,0.52
3426,0.09,1.3,cassava,0.63,0.48
39771,0.72,2.6,tea,0.94,0.36
10761,0.27,3.5,potato,1.85,0.53
15217,0.13,9.6,banana,6.36,0.66
16124,0.04,13.0,banana,7.01,0.54
38034,0.15,12.2,tea,9.38,0.77
13345,0.45,1.1,potato,0.58,0.52
38938,0.34,0.9,coffee,0.44,0.49
33413,0.0,4.0,banana,1.74,0.43
2863,0.14,5.7,tea,3.74,0.66
15121,0.04,4.1,wheat,2.13,0.52
9146,0.03,0.8,wheat,0.44,0.54
6865,0.0,11.4,rice,6.35,0.56
27298,0.05,1.9,potato,1.23,0.65
30995,0.13,0.9,banana,0.47,0.52
22781,0.59,12.9,tea,6.13,0.48
18194,0.62,13.0,wheat,4.61,0.35
8200,0.34,2.8,tea,1.64,0.58
7390,0.66,1.4,banana,0.54,0.39
30830,0.01,4.4,maize,2.67,0.61
16890,0.21,6.9,potato,4.53,0.66
19685,0.04,2.4,coffee,1.08,0.45
14058,0.1,1.8,cassava,0.62,0.34
10089,0.07,1.4,coffee,0.77,0.55
1331,0.0,3.7,wheat,1.8,0.49
29303,0.7,1.3,banana,0.41,0.32
6016,0.41,1.6,coffee,0.56,0.35
19387,0.43,4.8,wheat,2.49,0.52
31232,0.09,1.9,wheat,1.15,0.6
29574,0.09,3.8,coffee,1.83,0.48
19413,0.18,3.5,wheat,2.05,0.59
32465,0.03,0.7,wheat,0.4,0.58
17516,0.12,1.6,potato,0.92,0.57
12024,0.0,1.7,wheat,0.93,0.55
725,0.07,4.6,coffee,2.38,0.52
38936,0.0,1.0,banana,0.42,0.42
28086,0.22,9.6,maize,4.59,0.48
35053,0.24,1.6,wheat,1.05,0.66
4246,0.04,4.5,coffee,2.22,0.49
36096,0.49,1.7,cassava,0.88,0.52
33930,0.05,4.2,cassava,2.27,0.54
35417,0.04,2.8,banana,1.31,0.47
31754,0.23,2.0,wheat,0.74,0.37
21484,0.23,12.0,potato,7.05,0.59
28446,0.21,2.7,wheat,1.77,0.66
32025,0.01,4.6,wheat,3.18,0.69
40659,0.26,10.8,cassava,5.7,0.53
25290,0.18,2.9,cassava,1.57,0.54
24316,0.9,8.5,cassava,4.08,0.48
103,0.05,4.9,tea,3.5,0.71
34362,0.28,11.3,wheat,6.17,0.55
26760,0.3,4.9,wheat,2.5,0.51
32549,0.56,2.5,cassava,1.42,0.57
2269,0.14,2.8,rice,1.36,0.48
38561,0.23,5.0,cassava,2.64,0.53
2059,0.24,0.7,wheat,0.29,0.41
14836,0.2,4.9,wheat,2.25,0.46
640,0.04,4.5,cassava,2.04,0.45
14917,0.27,1.6,tea,1.2,0.75
31542,0.93,3.2,maize,1.42,0.44
25747,0.0,9.4,wheat,5.13,0.55
33046,0.0,3.9,coffee,1.8,0.46
14748,0.01,3.7,rice,2.07,0.56
38598,0.0,12.1,rice,6.9,0.57
21266,0.13,3.9,banana,1.78,0.46
32822,0.17,2.0,tea,1.57,0.79
14802,0.05,1.4,rice,0.77,0.55
21298,0.0,3.9,cassava,1.44,0.37
35431,0.38,9.5,maize,3.46,0.36
5904,0.21,1.7,tea,0.76,0.45
28032,0.25,12.6,coffee,6.04,0.48
28373,0.0,7.3,rice,3.86,0.53
17018,0.04,0.6,banana,0.21,0.35
37631,0.06,2.3,banana,0.99,0.43
7738,0.0,1.2,wheat,0.65,0.54
38035,0.19,1.6,potato,0.9,0.56
176,0.0,3.0,banana,1.34,0.45
9506,0.0,7.5,rice,4.82,0.64
33858,0.33,1.1,cassava,0.65,0.59
34194,0.49,3.5,cassava,1.9,0.54
9246,0.31,5.7,maize,3.01,0.53
17834,0.14,3.2,potato,1.78,0.56
5770,0.03,4.5,potato,3.13,0.7
16468,0.16,4.8,coffee,2.87,0.6
18239,0.29,1.2,potato,0.68,0.57
20252,0.15,5.0,wheat,3.61,0.72
5466,0.99,1.9,wheat,0.62,0.33
35313,0.16,2.3,wheat,1.49,0.65
36095,0.15,11.0,wheat,7.29,0.66
6206,0.08,3.2,tea,2.23,0.7
35452,0.08,5.0,banana,2.66,0.53
16739,0.17,3.3,cassava,2.08,0.63
13298,0.89,1.7,wheat,0.66,0.39
36112,0.06,1.4,tea,1.19,0.85
32758,0.18,1.0,coffee,0.39,0.39
41841,0.01,10.0,rice,6.0,0.6
18872,0.05,5.7,wheat,3.9,0.68
29136,0.0,1.9,wheat,0.93,0.49
23430,0.44,3.1,wheat,1.3,0.42
30446,0.65,11.8,tea,5.91,0.5
11823,0.44,3.2,wheat,1.55,0.49
28462,0.06,3.7,wheat,2.04,0.55
13277,0.05,4.2,banana,1.99,0.47
13400,0.01,7.6,potato,4.78,0.63
13941,0.24,1.3,cassava,0.74,0.57
11380,0.23,4.1,maize,2.53,0.62
8337,0.42,4.3,cassava,2.32,0.54
2885,0.01,4.4,wheat,1.87,0.43
2907,0.03,3.1,banana,1.34,0.43
20604,0.13,3.6,coffee,1.36,0.38
11124,0.11,3.3,cassava,1.46,0.44
43238,0.4,2.0,wheat,0.76,0.38
4283,0.04,3.1,coffee,1.49,0.48
32139,0.36,0.7,maize,0.33,0.48
28243,0.32,3.0,wheat,1.82,0.61
22158,0.29,1.1,tea,0.86,0.78
24957,0.03,1.8,cassava,0.89,0.49
43736,0.13,2.9,cassava,1.42,0.49
10491,0.27,1.7,wheat,0.7,0.41
12431,0.37,7.9,potato,4.19,0.53
14832,0.9,0.6,cassava,0.33,0.56
41746,0.12,1.8,tea,0.94,0.52
31267,0.19,10.8,maize,6.99,0.65
29221,0.37,5.0,cassava,2.84,0.57
27774,0.1,1.5,coffee,0.73,0.48
21854,0.11,2.6,coffee,1.2,0.46
4831,0.0,2.2,banana,0.92,0.42
18097,0.22,0.6,maize,0.32,0.54
12481,0.12,9.3,wheat,6.47,0.7
19926,0.0,14.5,banana,5.92,0.41
19052,0.02,1.9,cassava,0.98,0.52
39501,0.07,2.2,wheat,1.22,0.55
15832,0.1,3.8,potato,2.17,0.57
5080,0.97,6.7,banana,2.26,0.34
15011,0.14,3.2,tea,2.24,0.7
8570,0.0,3.9,banana,1.7,0.44
31375,0.03,13.1,banana,4.85,0.37
27850,0.71,0.6,tea,0.24,0.4
26208,0.35,5.0,cassava,2.63,0.53
5139,0.43,1.9,wheat,0.97,0.51
15019,0.21,0.9,maize,0.48,0.53
2527,0.42,0.8,tea,0.32,0.4
26893,0.28,4.3,wheat,2.92,0.68
8410,0.54,3.3,banana,1.05,0.32
11426,0.25,10.5,coffee,4.43,0.42
22059,0.61,10.9,teaa,5.37,0.49
18391,0.26,4.8,maize,2.52,0.52
3940,0.17,14.9,potato,8.6,0.58
292,0.38,13.2,tea,6.03,0.46
22572,0.0,2.6,rice,1.58,0.61
17479,0.53,4.9,cassava,2.29,0.47
29044,0.06,3.8,coffee,2.08,0.55
14076,0.04,2.9,banana,1.34,0.46
23187,0.45,11.5,potato,5.9,0.51
13933,0.06,2.2,cassava,0.97,0.44
43774,0.25,1.2,maize,0.78,0.65
351,0.05,2.1,cassava,0.87,0.42
15423,0.17,10.0,tea,8.24,0.82
16420,0.05,4.6,potato,2.92,0.63
21861,0.2,1.9,cassava,0.86,0.45
31588,0.14,8.6,tea,5.06,0.59
31245,0.18,13.5,banana,6.06,0.45
23467,0.21,4.9,maize,3.3,0.67
6925,0.17,12.3,banana,7.44,0.6
34630,0.01,1.2,potato,0.78,0.65
30396,0.36,3.2,cassava,1.86,0.58
30867,0.05,1.0,cassava,0.5,0.5
34848,0.9,14.3,banana,3.9,0.27
22114,0.75,3.3,cassava,1.55,0.47
10428,0.08,3.4,coffee,1.88,0.55
37444,0.58,1.5,tea,0.58,0.39
24569,0.31,0.8,potato,0.42,0.52
27227,0.07,1.8,cassava,0.86,0.48
3555,0.23,4.3,maize,2.06,0.48
27544,0.15,1.6,rice,0.97,0.6
43940,0.81,1.5,wheat,0.58,0.38
38089,0.08,10.5,wheat,4.59,0.44
44600,0.61,3.1,wheat,1.35,0.44
4157,0.06,0.9,banana,0.52,0.58
6994,0.24,1.6,wheat,0.94,0.59
2296,0.19,3.3,wheat,2.18,0.66
45078,0.2,1.7,wheat,1.02,0.6
681,0.2,1.0,banana,0.45,0.45
6623,0.0,3.9,banana,1.19,0.31
10237,0.38,14.7,wheat,6.63,0.45
25787,0.18,10.1,coffee,6.42,0.64
40308,0.04,3.8,coffee,1.67,0.44
25961,0.21,0.7,potato,0.43,0.62
42221,0.22,3.1,potato,1.93,0.62
25214,0.08,1.1,maize,0.47,0.43
20214,0.1,11.6,rice,7.37,0.64
39203,0.09,1.3,coffee,0.59,0.45
22074,0.18,1.5,tea,1.16,0.78
34830,0.03,3.9,tea,2.13,0.54
28496,0.12,8.6,cassava,3.84,0.45
31763,0.0,12.4,banana,4.16,0.34
41305,0.04,2.2,coffee,1.08,0.49
24158,0.15,3.9,wheat,2.6,0.67
28620,0.03,0.8,rice,0.53,0.67
15673,0.4,0.6,coffee,0.25,0.42
8504,0.09,11.0,potato,6.84,0.62
12524,0.36,4.6,tea,2.06,0.45
40374,0.05,6.6,banana,4.14,0.63
19811,0.31,14.5,potato,8.93,0.62
41159,0.97,4.8,banana,1.81,0.38
3519,0.43,1.6,maize,0.95,0.6
40958,0.07,1.5,coffee,0.63,0.42
12918,0.34,4.8,cassava,2.33,0.49
35821,0.35,1.5,potato,0.87,0.58
5822,0.45,2.6,banana,1.12,0.43
6432,0.28,1.0,potato,0.58,0.58
35437,0.82,5.1,cassava,2.09,0.41
20097,0.15,6.5,tea,4.21,0.65
18821,0.13,3.3,tea,1.73,0.52
41147,0.02,6.3,coffee,2.45,0.39
3916,0.1,1.4,banana,0.6,0.43
5567,0.1,2.0,potato,1.26,0.63
41972,0.01,2.5,wheat,1.28,0.51
34649,0.74,1.5,cassava,0.62,0.42
1876,0.21,0.6,potato,0.38,0.63
13728,0.15,4.7,potato,2.29,0.49
19277,0.52,1.1,teaa,0.59,0.53
19762,0.03,1.4,wheat,0.72,0.51
1864,0.25,0.8,potato,0.46,0.58
34307,0.16,1.7,tea,1.19,0.7
9793,0.31,1.1,wheat,0.45,0.41
6648,0.0,0.5,banana,0.21,0.42
13802,0.54,1.9,tea,0.75,0.39
19645,0.0,10.9,wheat,4.76,0.44
25181,0.02,3.5,potato,2.22,0.64
15953,0.32,1.8,potato,1.05,0.58
34752,0.05,9.6,tea,5.71,0.59
22775,0.04,1.0,cassava,0.52,0.52
23357,0.07,1.0,maize,0.6,0.6
38740,0.09,0.8,potato,0.52,0.65
33727,0.15,2.8,cassava,1.08,0.39
2705,0.0,3.5,banana,1.35,0.38
43622,0.88,3.8,tea,1.71,0.45
25824,0.27,2.4,potato,1.49,0.62
13586,0.11,1.3,cassava,0.56,0.43
14222,0.22,4.9,wheat,3.27,0.67
43670,0.0,2.3,maize,1.56,0.68
44246,0.25,0.7,wheat,0.39,0.56
625,0.25,1.8,maize,0.96,0.53
26361,0.25,3.6,potato,2.02,0.56
42474,0.25,0.6,potato,0.35,0.59
5874,0.28,2.3,banana,1.29,0.56
4615,0.25,1.2,banana,0.67,0.56
38283,0.07,13.3,tea,7.13,0.54
11420,0.08,14.7,cassava,5.83,0.4
33423,0.16,1.0,coffee,0.53,0.53
41396,0.25,0.9,potato,0.59,0.65
37810,0.13,1.7,tea,0.76,0.45
26339,0.1,14.1,wheat,9.18,0.65
17598,0.0,4.5,wheat,1.71,0.38
44047,0.04,5.9,cassava,2.0,0.34
7671,0.59,0.6,potato,0.31,0.51
2132,0.05,1.6,tea,1.05,0.66
23630,0.32,2.7,wheat,1.29,0.48
15483,0.31,1.1,maize,0.63,0.57
21768,0.34,2.1,cassava,1.14,0.54
30998,0.74,1.5,coffee,0.43,0.29
32461,0.14,1.5,tea,0.76,0.5
31642,0.31,1.0,wheat,0.56,0.56
37985,0.33,4.1,wheat,2.06,0.5
1784,0.2,1.7,potato,0.95,0.56
26857,0.26,2.0,wheat,1.3,0.65
34512,0.2,0.6,maize,0.34,0.56
9195,0.35,3.0,potato,1.37,0.46
1005,0.63,4.6,wheat,1.96,0.43
8904,0.25,2.9,cassava,1.63,0.56
7064,0.17,1.6,cassava,0.54,0.34
12757,0.83,1.1,wheat,0.49,0.45
40231,0.43,2.0,potato,1.1,0.55
24702,0.34,4.7,tea,2.1,0.45
8317,0.08,4.0,tea,2.84,0.71
37757,0.04,3.6,coffee,1.55,0.43
26599,0.23,2.6,potato,1.61,0.62
10873,0.08,1.8,banana,0.93,0.52
20856,0.25,2.6,tea,1.21,0.47
10065,0.04,1.3,coffee,0.71,0.55
13426,0.37,4.0,wheat,2.39,0.6
1498,0.04,2.1,banana,1.23,0.58
40291,0.07,7.3,wheat,3.34,0.46
24797,0.85,3.1,cassava,1.44,0.47
38252,0.47,0.9,cassava,0.53,0.59
1566,0.22,2.2,coffee,0.89,0.4
31109,0.0,12.9,banana,6.75,0.52
39407,0.16,11.2,tea,9.19,0.82
5264,0.01,2.8,cassava,1.07,0.38
7161,0.25,4.2,maize,1.89,0.45
4273,0.85,0.6,maize,0.3,0.5
11753,0.07,3.2,coffee,1.42,0.44
1788,0.67,4.4,cassava,2.15,0.49
14057,0.29,5.8,potato,3.73,0.64
30991,0.21,4.7,maize,2.11,0.45
33234,0.88,3.8,potato,1.98,0.52
15280,0.08,14.9,banana,8.93,0.6
42233,0.05,4.1,coffee,2.3,0.56
892,0.03,3.3,banana,1.19,0.36
25456,0.1,0.7,rice,0.4,0.57
7275,0.55,4.3,coffee,1.79,0.42
7024,0.06,4.5,coffee,2.26,0.5
24601,0.17,4.8,wheat,2.99,0.62
11807,0.07,5.7,maize,2.7,0.47
34843,0.44,3.0,potato,1.65,0.55
1682,0.35,1.8,wheat,0.73,0.41
430,0.83,2.7,wheat,0.73,0.27
18525,0.11,1.3,tea,0.82,0.63
19484,0.0,1.9,wheat,1.01,0.53
34372,0.16,13.3,tea,10.97,0.82
27283,0.23,2.1,maize,0.94,0.45
7112,0.38,1.3,potato,0.7,0.54
2616,0.03,2.3,potato,1.45,0.63
12474,0.15,3.2,maize,1.41,0.44
24190,0.01,0.9,rice,0.61,0.68
3053,0.81,14.4,cassava,7.34,0.51
17255,0.23,3.7,cassava,1.82,0.49
1616,0.05,4.8,wheat,2.49,0.52
22847,0.39,1.3,cassava,0.45,0.34
252,0.13,12.7,cassava,5.63,0.44
33369,0.12,4.2,wheat,2.85,0.68
35718,0.21,5.7,wheat,3.31,0.58
31581,0.05,7.4,coffee,3.68,0.5
42739,0.01,6.9,wheat,3.13,0.45
25626,0.1,0.7,tea,0.41,0.59
21916,0.25,8.9,tea,6.18,0.69
12990,0.17,1.1,potato,0.69,0.63
27149,0.03,2.0,tea,1.35,0.67
30693,0.07,3.0,cassava,1.17,0.39
31299,0.32,4.7,tea,3.43,0.73
1670,0.14,13.5,potato,7.36,0.55
233,0.32,5.3,potato,2.92,0.55
42845,0.87,1.8,cassava,0.7,0.39
38955,0.03,12.5,wheat,6.22,0.5
35064,0.12,4.2,maize,2.09,0.5
35374,0.0,9.4,coffee,4.77,0.51
37940,0.01,2.8,potato,1.84,0.66
37105,0.18,1.4,potato,0.84,0.6
23378,0.35,0.5,tea,0.35,0.71
7191,0.12,1.2,cassava,0.67,0.56
4730,0.11,8.2,wheat,3.91,0.48
30064,0.64,1.8,wheat,0.82,0.45
6029,0.13,1.3,potato,0.81,0.62
41055,0.76,2.3,potato,1.23,0.53
30711,0.19,1.5,potato,0.89,0.59
8721,0.03,0.7,banana,0.29,0.41
3115,0.35,6.8,potato,3.09,0.46
9165,0.07,5.0,tea,3.44,0.69
1901,0.15,1.6,wheat,0.92,0.58
5563,0.23,0.8,cassava,0.38,0.47
657,0.76,0.7,wheat,0.28,0.4
38686,0.62,0.7,potato,0.37,0.53
18396,0.83,4.2,cassava,1.79,0.43
3705,0.03,1.4,tea,0.94,0.67
19824,0.09,1.8,banana,1.21,0.67
30773,0.31,3.6,cassava,1.65,0.46
21888,0.05,5.1,cassava,1.95,0.38
13325,0.01,1.9,rice,1.36,0.72
37432,0.03,0.5,banana,0.22,0.44
15083,0.23,2.4,tea,1.2,0.5
27435,0.35,14.0,tea,10.24,0.73
26929,0.0,1.6,banana,0.53,0.33
8615,0.17,1.5,wheat,0.7,0.46
22675,0.07,7.7,maize,5.09,0.66
16495,0.81,2.0,tea,0.91,0.46
20819,0.02,2.1,banana,1.04,0.49
22583,0.67,4.7,cassava,1.71,0.36
28417,0.44,4.6,cassava,1.8,0.39
34022,0.31,1.9,tea,1.03,0.54
20283,0.41,0.6,wheat,0.3,0.51
21609,0.8,3.3,coffee,0.74,0.22
926,0.02,1.6,banana,0.94,0.59
21906,0.21,4.3,coffee,1.63,0.38
21958,0.14,3.1,potato,1.97,0.64
949,0.58,1.7,cassava,0.59,0.35
22364,0.03,10.7,cassava,4.01,0.37
20894,0.2,3.3,maize,1.99,0.6
10289,0.67,2.4,tea,1.12,0.47
27402,0.03,12.3,coffee,6.18,0.5
3000,0.02,1.1,rice,0.65,0.59
9242,0.01,3.6,banana,1.55,0.43
36705,0.06,10.4,banana,3.38,0.32
14829,0.23,1.1,wheat,0.55,0.5
11504,0.28,1.2,tea,0.97,0.81
1053,0.23,0.9,wheat,0.46,0.52
32630,0.0,2.4,banana,1.06,0.44
38251,0.13,14.4,maize,8.64,0.6
34459,0.32,4.2,potato,2.25,0.54
30606,0.36,1.4,potato,0.78,0.56
44366,0.16,8.0,cassava,2.96,0.37
44364,0.33,0.7,wheat,0.31,0.44
43701,0.89,1.1,wheat,0.23,0.21
44794,0.12,8.8,wheat,5.04,0.57
24132,0.45,11.4,maize,5.39,0.47
24859,0.06,1.5,potato,0.92,0.61
30422,0.11,8.8,wheat,5.21,0.59
20909,0.4,12.0,wheat,4.75,0.4
8668,0.05,3.8,wheat,1.95,0.51
37149,0.63,13.4,wheat,7.49,0.56
40897,0.0,9.3,tea,6.68,0.72
2528,0.0,3.7,rice,2.31,0.62
40340,0.01,1.3,cassava,0.59,0.46
42648,0.08,8.9,rice,3.88,0.44
41859,0.04,1.8,wheat,0.95,0.53
20042,0.05,1.8,wheat,0.98,0.54
4144,0.1,3.7,maize,2.32,0.63
43184,0.19,10.5,coffee,6.02,0.57
11799,0.32,7.3,tea,5.71,0.78
24303,0.0,8.3,rice,4.37,0.53
17666,0.01,1.9,wheat,1.03,0.54
43719,0.11,7.8,tea,4.3,0.55
16441,0.13,1.2,tea,0.87,0.72
19590,0.02,3.3,wheat,1.58,0.48
28697,0.01,11.9,cassava,4.46,0.37
20037,0.4,0.8,wheat,0.52,0.65
22855,0.17,1.3,maize,0.7,0.54
17079,0.31,3.5,wheat,1.52,0.43
20985,0.0,6.0,rice,2.86,0.48
9731,0.11,0.7,cassava,0.35,0.5
17770,0.21,1.1,potato,0.71,0.65
16055,0.05,12.3,coffee,6.2,0.5
15527,0.86,3.3,cassava,1.58,0.48
42357,0.22,4.0,tea,1.54,0.39
11594,0.1,1.3,cassava,0.75,0.58
21517,0.07,3.5,tea,2.98,0.85
25047,0.0,7.7,rice,4.05,0.53
10709,0.07,2.7,cassava,1.39,0.51
38770,0.01,0.8,wheat,0.41,0.52
32277,0.09,7.5,potato,4.56,0.61
40670,0.13,1.5,cassava,0.77,0.52
42989,0.42,0.5,wheat,0.2,0.39
35253,0.32,13.7,potato,7.67,0.56
38073,0.03,5.0,wheat,2.61,0.52
8790,0.01,5.8,cassava,2.27,0.39
14240,0.06,4.7,banana,1.39,0.3
30073,0.14,5.9,wheat,3.9,0.66
12263,0.36,6.6,wheat,3.69,0.56
6757,0.06,1.8,potato,1.06,0.59
24988,0.0,3.3,wheat,1.75,0.53
24677,0.18,1.5,maize,0.87,0.58
6267,0.0,3.5,wheat,1.89,0.54
624,0.14,4.9,banana,2.91,0.59
13053,0.11,0.5,tea,0.3,0.6
10628,0.17,4.6,cassava,2.63,0.57
14018,0.22,1.1,tea,0.47,0.43
37949,0.0,1.7,banana,0.66,0.39
10742,0.04,1.2,rice,0.77,0.65
3154,0.0,7.4,banana,2.63,0.36
35056,0.13,10.7,wheat,5.89,0.55
34255,0.13,12.4,rice,7.86,0.63
41084,0.69,3.9,cassava,2.17,0.56
24653,0.2,4.2,cassava,2.08,0.5
14539,0.34,3.3,potato,2.1,0.64
4384,0.29,2.4,banana,0.93,0.39
15112,0.04,3.0,wheat,1.78,0.59
45129,0.16,2.3,tea,2.07,0.9
7266,0.28,0.8,wheat,0.4,0.5
43209,0.04,3.5,cassava,1.72,0.49
41604,0.2,1.0,wheat,0.69,0.69
14722,0.39,14.1,tea,8.29,0.59
44240,0.0,2.3,potato,1.5,0.65
1673,0.29,1.1,tea,0.67,0.61
29112,0.02,1.3,banana,0.63,0.48
6282,0.0,3.6,banana,1.49,0.41
12492,0.04,2.6,banana,0.99,0.38
22461,0.07,1.4,wheat,0.58,0.41
38813,0.41,0.7,cassava,0.27,0.38
9303,0.02,4.4,wheat,1.99,0.45
9172,0.06,3.7,banana,1.59,0.43
6552,0.17,13.2,coffee,8.33,0.63
25891,0.0,6.7,wheat,3.19,0.48
20627,0.04,4.3,banana,1.9,0.44
15726,0.0,9.3,coffee,4.42,0.47
6415,0.16,0.9,rice,0.48,0.53
2514,0.28,14.6,potato,8.25,0.56
36933,0.32,0.8,potato,0.48,0.6
23288,0.08,1.6,banana,0.67,0.42
39939,0.09,1.2,cassava,0.61,0.51
44296,0.27,2.0,coffee,0.85,0.43
18861,0.02,3.0,tea,1.9,0.63
38130,0.37,3.6,cassava,1.81,0.5
34238,0.2,2.8,maize,1.56,0.56
6885,0.05,2.0,potato,1.29,0.64
32564,0.15,0.6,maize,0.38,0.64
32661,0.07,3.5,tea,2.14,0.61
40170,0.01,3.6,banana,1.22,0.34
40187,0.17,2.8,cassava,1.19,0.42
36172,0.2,0.9,potato,0.55,0.62
261,0.2,0.7,wheat,0.44,0.63
195,0.31,9.9,potato,5.95,0.6
17271,0.08,11.1,cassava,5.51,0.5
39231,0.08,2.1,wheat,0.98,0.47
32044,0.3,0.7,wheat,0.38,0.54
8940,0.07,1.8,cassava,0.65,0.36
29156,0.08,4.1,wheat,2.13,0.52
12895,0.07,1.6,tea,0.73,0.46
38866,0.54,4.0,wheat,1.91,0.48
14303,0.24,3.5,cassava,1.87,0.54
3707,0.29,11.1,potato,5.86,0.53
40000,0.01,1.1,potato,0.71,0.64
44756,0.0,1.4,rice,0.8,0.57
36091,0.15,15.0,tea,12.11,0.81
22334,0.09,0.8,wheat,0.44,0.55
12088,0.43,2.8,tea,1.22,0.44
44159,0.12,2.0,rice,1.4,0.7
35302,0.25,1.4,potato,0.83,0.59
32490,0.03,1.4,tea,1.01,0.72
15738,0.07,0.9,maize,0.44,0.49
30905,0.29,5.0,wheat,2.16,0.43
38586,0.31,7.9,tea,4.59,0.58
43399,0.3,1.0,maize,0.51,0.51
28619,0.24,4.7,potato,2.63,0.56
18496,0.2,3.3,maize,1.84,0.56
1675,0.03,13.2,banana,5.1,0.39
36078,0.01,1.4,banana,0.57,0.41
1033,0.64,4.9,cassava,2.93,0.6
593,0.24,1.3,potato,0.85,0.66
27231,0.22,1.9,potato,1.21,0.64
25501,0.72,1.9,tea,0.96,0.51
43580,0.91,1.2,cassava,0.55,0.46
13082,0.3,4.0,tea,1.83,0.46
12955,0.05,4.0,coffee,2.0,0.5
38569,0.08,2.3,wheat,1.11,0.48
36578,0.23,4.2,potato,2.47,0.59
4569,0.21,4.9,wheat,2.63,0.54
34243,0.17,2.5,potato,1.28,0.51
19067,0.25,14.0,wheat,6.42,0.46
28438,0.92,3.9,tea,1.83,0.47
44135,0.29,4.3,potato,2.16,0.5
14206,0.11,1.2,tea,0.77,0.64
1291,0.04,1.9,wheat,0.9,0.47
32399,0.25,5.9,coffee,2.38,0.4
28281,0.01,2.5,tea,1.97,0.79
873,0.14,1.0,tea,0.77,0.77
9606,0.22,1.4,wheat,0.81,0.58
18775,0.0,4.4,banana,1.65,0.37
35226,0.01,3.6,cassava,1.45,0.4
44533,0.13,5.2,tea,4.13,0.79
43528,0.06,0.6,potato,0.39,0.65
30551,0.21,3.8,tea,2.57,0.68
36546,0.23,3.3,potato,2.09,0.63
3025,0.84,4.7,cassava,2.18,0.46
24060,0.28,2.3,potato,1.41,0.61
37891,0.27,5.8,wheat,2.72,0.47
23945,0.92,4.0,potato,1.94,0.48
33093,0.29,0.7,potato,0.36,0.52
42899,0.54,3.7,tea,1.32,0.36
38560,0.05,1.9,tea,1.22,0.64
7003,0.04,4.7,banana,2.67,0.57
25484,0.19,2.0,tea,1.72,0.86
1928,0.17,4.9,potato,2.65,0.54
38085,0.7,6.4,potato,3.35,0.52
41881,0.1,0.9,wheat,0.38,0.42
41482,0.21,0.9,potato,0.56,0.62
729,0.29,3.1,wheat,1.21,0.39
30986,0.76,5.1,tea,2.44,0.48
16951,0.05,1.9,rice,1.29,0.68
34455,0.05,2.0,tea,1.71,0.85
23512,0.14,4.7,banana,2.69,0.57
41253,0.12,1.7,tea,1.35,0.79
37582,0.11,4.0,wheatn,1.92,0.48
1661,0.11,3.4,tea,2.39,0.7
33310,0.16,14.5,cassava,9.1,0.63
24109,0.23,2.2,tea,0.95,0.43
25315,0.0,4.3,wheat,2.51,0.58
22167,0.05,4.5,wheat,2.36,0.52
42702,0.01,5.2,maize,3.04,0.58
11790,0.29,1.2,potato,0.66,0.55
23847,0.08,0.7,tea,0.59,0.84
41419,0.06,7.0,banana,3.11,0.44
36667,0.41,2.5,cassava,0.87,0.35
26752,0.81,4.4,tea,2.07,0.47
14095,0.02,1.1,coffee,0.52,0.47
22121,0.4,10.7,wheat,5.25,0.49
13148,0.3,2.7,potato,1.43,0.53
43137,0.0,2.4,rice,1.25,0.52
2868,0.0,1.7,rice,1.24,0.73
26176,0.29,2.6,wheat,1.8,0.69
9694,0.06,2.1,cassava,1.03,0.49
23802,0.46,1.6,potato,0.84,0.53
8525,0.01,9.8,rice,6.11,0.62
9908,0.02,1.6,wheat,0.96,0.6
22506,0.03,10.9,cassava,4.12,0.38
23780,0.0,4.9,cassava,2.0,0.41
41073,0.15,4.8,cassava,2.32,0.48
37906,0.32,1.4,potato,0.88,0.63
45076,0.14,1.6,wheat,0.9,0.56
10210,0.18,10.5,wheat,4.91,0.47
39586,0.0,2.3,coffee,1.3,0.57
30280,0.37,3.0,potato,1.65,0.55
33959,0.04,9.3,wheat,4.93,0.53
13643,0.09,1.2,wheat,0.75,0.63
7677,0.25,11.3,cassava,5.34,0.47
34336,0.01,1.0,potato,0.65,0.65
37894,0.04,1.9,maize,1.01,0.53
584,0.91,4.1,maize,1.94,0.47
30643,0.06,4.6,wheat,2.09,0.45
12928,0.06,2.7,coffee,1.12,0.42
30012,0.32,1.2,wheat,0.65,0.54
23034,0.0,9.5,banana,3.86,0.41
30515,0.35,3.3,maize,1.61,0.49
24986,0.04,4.5,maize,2.61,0.58
22603,0.17,4.1,tea,2.97,0.72
24221,0.15,9.8,tea,7.63,0.78
20361,0.13,4.4,coffee,2.48,0.56
36548,0.71,0.9,wheat,0.46,0.51
35991,0.14,1.8,wheat,1.2,0.67
3593,0.37,2.7,tea,1.85,0.69
16113,0.01,7.6,cassava,3.45,0.45
12571,0.01,4.0,wheat,1.82,0.46
34250,0.02,5.8,wheat,3.08,0.53
8357,0.25,2.6,potato,1.44,0.56
18923,0.25,4.4,banana,2.39,0.54
2494,0.24,1.5,potato,0.9,0.6
20083,0.18,1.9,tea,1.15,0.6
33203,0.07,0.7,tea,0.46,0.66
21417,0.2,1.5,wheat,0.77,0.51
24764,0.27,0.6,coffee,0.31,0.51
19791,0.51,1.5,wheat,0.73,0.48
4884,0.04,4.7,potato,2.93,0.62
25219,0.07,2.0,tea,1.42,0.71
30487,0.07,2.5,banana,0.82,0.33
4168,0.0,0.8,rice,0.41,0.52
38546,0.14,9.3,tea,5.31,0.57
30053,0.91,4.6,wheat,1.47,0.32
21171,0.81,0.9,tea,0.43,0.48
39128,0.02,2.3,cassava,1.31,0.57
24903,0.0,7.5,rice,4.5,0.6
15706,0.06,2.0,maize,1.2,0.6
14827,0.01,0.7,coffee,0.34,0.48
18080,0.02,7.8,coffee,4.27,0.55
32603,0.62,1.9,wheat,0.76,0.4
9163,0.15,1.0,wheat,0.53,0.53
28125,0.35,0.6,potato,0.31,0.52
41749,0.07,6.6,banana,3.13,0.47
27436,0.17,1.7,tea,1.31,0.77
4817,0.05,7.6,maize,5.05,0.66
27854,0.26,13.2,coffee,7.25,0.55
4035,0.35,1.4,potato,0.84,0.6
21208,0.05,4.0,banana,1.71,0.43
16404,0.35,1.3,banana,0.58,0.45
38844,0.19,1.4,potato,0.95,0.68
32915,0.34,1.4,tea,0.81,0.58
32432,0.02,2.6,potato,1.57,0.61
32054,0.17,9.1,tea,7.13,0.78
17944,0.22,4.9,wheat,3.11,0.64
21145,0.45,1.4,tea,0.59,0.42
5199,0.0,2.0,banana,0.76,0.38
3366,0.09,1.6,banana,0.65,0.41
3799,0.3,5.7,wheat,2.69,0.47
43583,0.02,4.9,wheat,3.35,0.68
11806,0.21,1.0,wheat,0.61,0.61
36595,0.01,3.8,potato,2.01,0.53
6923,0.24,1.5,potato,0.83,0.55
31834,0.07,0.7,rice,0.43,0.62
7337,0.0,4.4,banana,1.62,0.37
41580,0.17,1.1,wheat,0.55,0.5
40866,0.0,3.9,wheat,1.95,0.5
14603,0.3,13.0,tea,8.98,0.69
30088,0.4,6.3,cassava,2.96,0.47
14083,0.08,4.2,tea,3.44,0.82
4070,0.83,4.5,wheat,2.24,0.5
20273,0.11,4.0,wheat,2.37,0.59
16214,0.0,3.9,banana,1.74,0.45
39796,0.07,1.4,potato,0.83,0.59
1430,0.57,3.2,tea,1.67,0.52
14381,0.01,2.9,potato,1.88,0.65
22496,0.0,14.3,tea,11.75,0.82
15757,0.16,1.1,maize,0.69,0.63
22306,0.79,4.9,wheat,2.52,0.51
29719,0.38,6.8,coffee,3.54,0.52
621,0.13,1.6,potato,0.92,0.57
17183,0.26,3.3,maize,1.84,0.56
4630,0.29,1.9,potato,1.09,0.57
36366,0.03,6.0,tea,3.63,0.61
5625,0.23,1.0,potato,0.57,0.57
43512,0.29,8.3,wheat,4.04,0.49
9035,0.21,3.5,wheat,1.6,0.46
16798,0.08,1.9,tea,1.3,0.68
28589,0.28,8.2,wheat,3.7,0.45
2851,0.92,2.0,maize,0.88,0.44
30904,0.1,3.5,tea,2.3,0.66
19658,0.04,3.8,wheat,1.79,0.47
748,0.05,1.9,wheat,1.03,0.54
217,0.02,1.1,rice,0.65,0.59
26767,0.74,1.6,maize,0.75,0.47
16811,0.43,1.2,wheat,0.53,0.44
41175,0.04,13.0,banana,6.47,0.5
38129,0.02,0.7,maize,0.48,0.69
29208,0.01,1.7,banana,0.63,0.37
26633,0.21,3.0,cassava,1.48,0.49
18430,0.45,7.5,coffee,2.76,0.37
43609,0.04,3.1,tea,2.18,0.7
17072,0.3,1.9,potato,1.13,0.6
14350,0.01,1.3,rice,0.88,0.68
19082,0.06,2.0,potato,1.25,0.62
7070,0.21,11.7,tea,4.36,0.37
20279,0.01,4.7,wheat,3.21,0.68
12267,0.82,3.9,wheat,1.09,0.28
28802,0.28,8.6,cassava,5.33,0.62
22618,0.13,5.2,coffee,2.46,0.47
38343,0.07,1.8,rice,1.2,0.67
20859,0.05,1.6,wheat,1.15,0.72
18377,0.32,0.7,wheat,0.43,0.62
10075,0.0,3.1,wheat,1.37,0.44
28061,0.31,0.9,potato,0.5,0.55
34150,0.56,3.9,wheat,1.78,0.46
44818,0.54,4.9,wheat,1.86,0.38
29025,0.2,0.7,wheat,0.41,0.58
1859,0.25,6.3,rice,3.31,0.53
8238,0.26,1.4,maize,0.78,0.56
19592,0.48,1.5,cassava,0.66,0.44
37992,0.43,5.5,potato,3.15,0.57
2360,0.17,2.9,tea,1.32,0.46
22826,0.18,11.8,tea,7.79,0.66
30230,0.07,11.9,tea,8.19,0.69
36328,0.66,1.1,cassava,0.64,0.58
5841,0.28,1.0,potato,0.58,0.58
23157,0.3,2.6,maize,1.3,0.5
25798,0.82,4.7,cassava,2.19,0.47
3640,0.75,9.4,coffee,3.42,0.36
36117,0.35,0.6,maize,0.26,0.43
14150,0.21,0.9,potato,0.52,0.58
36870,0.35,4.9,coffee,3.07,0.63
37070,0.04,1.8,banana,1.04,0.58
20727,0.31,4.7,maize,1.95,0.42
34261,0.06,3.2,wheat,1.42,0.44
39397,0.29,1.9,cassava,1.12,0.59
27748,0.11,1.4,tea,1.16,0.83
29937,0.0,2.4,wheat,1.66,0.69
1668,0.16,0.6,banana,0.26,0.43
28474,0.24,3.5,potato,2.03,0.58
2875,0.13,13.0,banana,7.47,0.57
4419,0.0,2.3,banana,0.66,0.29
2554,0.02,1.0,coffee,0.56,0.56
25422,0.09,1.0,coffee,0.54,0.54
18349,0.03,5.4,cassava,2.94,0.54
9451,0.06,2.1,tea,1.37,0.65
24157,0.1,1.5,tea,1.18,0.79
1850,0.2,0.7,maize,0.41,0.59
13097,0.24,1.6,tea,1.32,0.82
27401,0.11,1.0,tea,0.81,0.81
29662,0.31,5.1,potato,2.83,0.55
12589,0.03,1.1,rice,0.65,0.59
18137,0.07,13.4,wheat,9.85,0.74
6322,0.19,2.3,potato,1.17,0.51
44547,0.08,4.8,banana,2.36,0.49
38830,0.1,1.0,rice,0.6,0.6
36682,0.02,2.8,wheat,1.99,0.71
44251,0.66,1.7,cassava,0.77,0.45
10079,0.01,2.8,cassava,1.24,0.44
31184,0.23,1.9,wheat,0.8,0.42
25423,0.53,2.2,coffee,0.67,0.31
38222,0.26,1.4,banana,0.55,0.39
31168,0.08,1.9,tea,1.52,0.8
36798,0.24,0.5,coffee,0.19,0.38
36178,0.27,5.8,banana,2.88,0.5
2672,0.2,1.2,wheat,0.7,0.58
27697,0.56,3.8,coffee,0.91,0.24
41176,0.21,1.9,tea,1.33,0.7
28604,0.12,5.5,potato,3.71,0.67
13473,0.07,4.7,coffee,2.37,0.5
18553,0.13,10.3,potato,6.52,0.63
19891,0.1,0.9,banana,0.46,0.51
41507,0.09,2.4,rice,1.5,0.62
12945,0.27,11.2,tea,6.63,0.59
38972,0.0,8.6,wheat,3.27,0.38
4883,0.11,9.2,banana,4.52,0.49
23024,0.03,1.2,potato,0.78,0.65
38053,0.03,7.9,coffee,4.21,0.53
6756,0.1,3.6,banana,2.0,0.56
22621,0.04,14.2,cassava,7.73,0.54
38273,0.01,4.7,coffee,2.2,0.47
34661,0.9,1.8,potato,0.93,0.52
27903,0.09,1.1,cassava,0.42,0.39
702,0.06,0.6,wheat,0.28,0.46
36555,0.7,3.5,banana,1.24,0.35
34443,0.11,1.0,wheat,0.48,0.48
34119,0.0,4.8,wheat,2.47,0.52
3402,0.07,3.5,banana,1.33,0.38
11715,0.25,1.2,wheat,0.55,0.46
42782,0.13,4.7,maize,3.23,0.69
44959,0.38,2.9,maize,1.38,0.48
26420,0.23,14.9,coffee,6.01,0.4
15864,0.33,2.8,tea,2.06,0.74
36758,0.11,0.9,coffee,0.5,0.56
42223,0.29,4.6,maize,2.31,0.5
24990,0.0,3.7,wheat,2.01,0.54
31672,0.28,2.8,coffee,1.51,0.54
13804,0.34,6.9,tea,5.41,0.78
44873,0.77,2.0,wheat,0.73,0.37
32763,0.81,0.9,tea,0.31,0.34
39680,0.0,11.5,rice,7.33,0.64
1183,0.11,3.3,coffee,2.13,0.65
11494,0.12,3.9,banana,2.08,0.53
16657,0.03,12.2,rice,7.2,0.59
4009,0.17,5.0,wheat,2.64,0.53
25704,0.0,4.7,wheat,2.32,0.49
35521,0.0,2.9,banana,1.5,0.52
41134,0.07,0.5,banana,0.22,0.45
39921,0.02,4.2,wheat,2.13,0.51
35242,0.22,8.6,wheat,5.42,0.63
41927,0.01,10.4,cassava,4.0,0.38
4199,0.35,3.0,potato,1.87,0.62
7327,0.0,1.7,banana,0.7,0.41
32524,0.0,7.7,coffee,3.87,0.5
35640,0.07,0.7,wheat,0.37,0.53
20355,0.01,0.9,coffee,0.42,0.47
13732,0.28,7.0,banana,3.52,0.5
26825,0.16,8.4,cassava,5.09,0.61
16871,0.33,3.5,wheat,1.87,0.53
40632,0.36,2.6,wheat,1.44,0.55
23517,0.09,5.8,coffee,2.03,0.35
17258,0.22,1.6,cassava,0.8,0.5
44813,0.24,1.6,wheat,0.72,0.45
6515,0.01,1.4,banana,0.76,0.54
10945,0.56,12.8,cassava,6.05,0.47
40884,0.01,1.0,potato,0.65,0.65
8492,0.0,1.7,banana,0.92,0.54
8478,0.16,5.2,banana,1.9,0.37
10657,0.84,2.1,wheat,0.75,0.36
19815,0.61,3.2,maize,1.59,0.5
23935,0.02,3.3,wheat,2.34,0.71
13196,0.07,4.0,banana,1.54,0.38
10172,0.2,10.0,potato,5.62,0.56
33315,0.12,0.6,tea,0.4,0.66
2767,0.03,3.5,wheat,2.04,0.58
32623,0.16,2.9,wheat,1.49,0.51
7815,0.02,2.0,rice,1.1,0.55
11210,0.12,1.2,tea,0.85,0.71
29481,0.29,4.8,wheat,2.59,0.54
31970,0.12,2.8,coffee,1.66,0.59
26709,0.05,2.7,wheat,1.61,0.59
2624,0.21,1.4,maize,0.75,0.53
44139,0.01,0.9,cassava,0.52,0.58
3939,0.0,8.2,coffee,3.92,0.48
7905,0.25,1.6,potato,0.79,0.49
20262,0.07,1.4,wheatn,0.8,0.57
2181,0.34,2.1,tea,1.3,0.62
34463,0.04,0.7,coffee,0.35,0.5
33267,0.89,0.8,cassava,0.46,0.57
28384,0.08,3.5,coffee,2.01,0.58
14238,0.01,14.5,cassava,6.61,0.46
33003,0.11,1.0,banana,0.42,0.42
18603,0.02,5.1,potato,3.52,0.69
465,0.42,2.5,wheat,0.98,0.39
1165,0.14,2.1,banana,1.11,0.53
37589,0.09,4.6,potato,3.05,0.66
15703,0.31,6.7,potato,4.01,0.6
10653,0.3,1.3,tea,0.99,0.76
8288,0.84,1.9,cassava,0.98,0.51
40315,0.02,5.5,banana,2.78,0.51
31448,0.88,0.9,banana,0.27,0.3
6404,0.07,2.1,wheat,1.37,0.65
5042,0.22,2.5,potato,1.17,0.47
10474,0.13,3.7,wheat,1.82,0.49
27292,0.23,1.0,potato,0.56,0.56
20633,0.15,0.6,coffee,0.27,0.46
38027,0.07,3.2,wheat,1.62,0.51
12451,0.57,4.6,cassava,1.81,0.39
16904,0.31,1.7,potato,1.0,0.59
42483,0.01,3.1,wheat,1.52,0.49
37830,0.01,1.3,potato,0.84,0.64
29116,0.01,2.9,coffee,1.28,0.44
22803,0.61,0.5,potato,0.28,0.55
29644,0.2,1.2,potato,0.65,0.54
2189,0.07,1.4,wheat,0.64,0.46
6915,0.42,4.2,wheat,2.37,0.56
20207,0.25,1.1,wheat,0.61,0.55
16492,0.31,0.6,banana,0.31,0.51
43139,0.0,2.1,rice,1.43,0.68
34875,0.31,11.1,potato,6.07,0.55
15518,0.07,3.1,potato,1.79,0.58
21429,0.29,14.6,maize,8.91,0.61
13066,0.26,1.7,potato,1.02,0.6
36717,0.29,3.1,potato,1.95,0.63
21579,0.02,1.7,coffee,0.71,0.42
23629,0.05,2.1,coffee,0.97,0.46
35264,0.06,9.0,maize,4.88,0.54
44306,0.28,2.6,potato,1.54,0.59
16963,0.0,3.8,wheat,1.7,0.45
3698,0.18,9.2,cassava,5.71,0.62
2331,0.22,7.3,tea,3.01,0.41
39257,0.93,2.6,wheat,1.13,0.43
22323,0.35,2.3,maize,0.97,0.42
12223,0.38,2.0,wheat,1.03,0.51
27389,0.19,3.3,wheat,1.65,0.5
19670,0.73,12.3,wheat,3.62,0.29
39729,0.07,12.9,tea,7.86,0.61
37050,0.24,3.8,potato,2.51,0.66
40819,0.14,12.6,cassava,5.56,0.44
15209,0.1,0.5,potato,0.31,0.61
1406,0.16,0.7,tea,0.48,0.69
5245,0.13,2.5,wheat,1.49,0.59
29944,0.04,9.9,coffee,4.93,0.5
17252,0.78,1.6,tea,0.57,0.36
34670,0.17,4.3,banana,1.39,0.32
41845,0.85,2.3,cassava,0.96,0.42
35121,0.29,3.2,coffee,1.96,0.61
26889,0.41,2.0,wheat,0.79,0.39
32489,0.7,0.9,wheat,0.51,0.56
43313,0.37,8.2,coffee,2.83,0.35
34538,0.09,0.7,maize,0.43,0.61
32390,0.16,0.9,potato,0.44,0.49
31505,0.09,4.9,tea,3.91,0.8
23295,0.02,9.7,wheat,7.15,0.74
27841,0.24,10.7,potato,6.81,0.64
41015,0.83,2.7,cassava,1.38,0.51
32428,0.12,2.7,wheat,1.48,0.55
23728,0.24,4.2,potato,2.28,0.54
23685,0.06,2.5,tea,2.01,0.8
20507,0.04,2.9,wheat,1.23,0.42
23573,0.73,7.0,tea,3.22,0.46
35485,0.0,12.0,rice,5.73,0.48
33600,0.09,3.3,rice,2.11,0.64
19638,0.23,0.8,tea,0.5,0.63
1402,0.16,7.0,cassava,3.61,0.52
15381,0.08,13.5,wheat,7.01,0.52
2644,0.91,3.8,wheat,1.87,0.49
15145,0.03,10.5,banana,5.11,0.49
15769,0.13,0.8,wheat,0.45,0.56
37293,0.0,5.2,rice,2.95,0.57
9712,0.32,6.7,cassava,2.97,0.44
31456,0.04,7.8,coffee,4.17,0.53
40656,0.09,4.5,wheat,2.52,0.56
42942,0.0,1.7,rice,1.15,0.68
31687,0.27,2.3,wheat,1.36,0.59
26057,0.15,3.3,rice,2.26,0.68
33788,0.04,3.5,tea,2.44,0.7
25715,0.24,1.8,maize,0.96,0.53
6650,0.01,0.7,wheat,0.35,0.51
26537,0.17,1.4,tea,1.02,0.73
16019,0.08,5.2,wheat,2.17,0.42
14143,0.28,1.4,tea,0.65,0.46
38931,0.42,1.0,maize,0.52,0.52
1271,0.4,0.6,maize,0.31,0.51
27110,0.35,1.7,wheat,0.8,0.47
2817,0.11,3.2,banana,1.47,0.46
20374,0.13,5.6,cassava,3.31,0.59
31291,0.1,1.2,potato,0.76,0.63
34759,0.11,1.2,tea,0.86,0.72
11224,0.08,1.7,cassaval,0.9,0.53
38858,0.03,1.6,banana,0.64,0.4
8739,0.29,1.4,coffee,0.53,0.38
24517,0.12,0.5,potato,0.3,0.6
7950,0.08,3.8,tea,3.21,0.84
34730,0.29,2.7,wheat,1.41,0.52
13256,0.0,3.9,wheat,1.82,0.47
6367,0.33,7.6,tea,5.16,0.68
21533,0.18,2.9,potato,1.73,0.6
16176,0.04,0.8,rice,0.54,0.68
7918,0.18,1.8,coffee,0.87,0.48
38101,0.19,11.5,potato,6.62,0.58
26410,0.59,3.4,cassava,1.89,0.56
14812,0.01,1.4,coffee,0.63,0.45
36354,0.05,1.4,potato,0.89,0.64
15031,0.84,4.1,wheat,1.57,0.38
25677,0.0,3.9,rice,2.12,0.54
8781,0.01,2.3,tea,1.02,0.44
15917,0.13,1.0,tea,0.68,0.68
44289,0.04,5.8,banana,2.58,0.44
6835,0.04,2.0,rice,1.32,0.66
18163,0.06,3.7,potato,2.48,0.67
1503,0.15,1.2,banana,0.41,0.34
26992,0.12,4.1,tea,2.92,0.71
16917,0.06,1.2,wheat,0.68,0.57
20930,0.23,1.8,potato,1.18,0.66
3633,0.29,2.5,potato,1.49,0.6
36173,0.04,0.9,wheat,0.44,0.49
31832,0.17,0.7,maize,0.32,0.45
2549,0.88,4.5,cassava,2.04,0.45
19026,0.18,4.1,tea,3.52,0.86
647,0.27,4.0,tea,3.28,0.82
15171,0.15,0.8,banana,0.42,0.53
4155,0.11,12.0,wheat,6.08,0.51
25005,0.24,4.8,wheat,2.48,0.52
25114,0.35,1.3,potato,0.75,0.58
37360,0.04,1.0,wheat,0.53,0.53
1594,0.32,2.3,wheat,1.32,0.57
38803,0.0,3.7,banana,1.58,0.43
20794,0.19,2.0,wheat,1.21,0.61
1484,0.0,11.7,banana,4.34,0.37
24261,0.0,9.9,banana,4.03,0.41
10044,0.13,1.3,cassava,0.47,0.36
24015,0.1,4.0,banana,2.19,0.55
2544,0.12,3.0,maize,1.61,0.54
20029,0.29,6.1,coffee,2.79,0.46
43162,0.0,10.6,rice,7.09,0.67
36659,0.23,0.7,wheat,0.39,0.56
42885,0.94,3.8,coffee,1.06,0.28
11879,0.04,1.8,potato,1.21,0.67
13290,0.01,1.9,wheat,0.99,0.52
4348,0.05,3.7,tea,3.16,0.85
30872,0.93,0.9,tea,0.4,0.45
40487,0.8,4.8,potato,2.15,0.45
21769,0.03,1.7,cassava,0.7,0.41
8293,0.07,4.2,coffee,1.84,0.44
4128,0.51,2.4,banana,0.77,0.32
28259,0.05,4.9,banana,1.94,0.4
28553,0.22,0.5,wheat,0.36,0.72
12613,0.41,1.9,maize,0.96,0.51
32829,0.13,1.0,tea,0.74,0.74
9856,0.42,2.0,tea,1.29,0.64
3035,0.04,3.8,coffee,2.18,0.57
19533,0.15,1.8,tea,1.43,0.79
27483,0.31,1.2,cassava,0.68,0.56
37840,0.18,3.1,potato,1.85,0.6
17735,0.43,2.1,wheat,1.39,0.66
45101,0.31,0.7,potato,0.38,0.55
19802,0.3,4.2,maize,1.94,0.46
39455,0.07,2.9,banana,1.61,0.55
29015,0.21,0.8,wheat,0.48,0.6
19036,0.01,12.2,wheat,6.2,0.51
6689,0.26,1.2,potato,0.73,0.6
13620,0.0,4.3,coffee,1.91,0.44
10074,0.38,1.0,coffee,0.62,0.62
42059,0.65,3.2,cassava,1.5,0.47
44235,0.56,7.7,wheat,2.8,0.36
3619,0.44,3.6,wheat,1.81,0.5
26241,0.02,0.6,cassava,0.3,0.51
31519,0.48,2.5,potato,1.38,0.55
317,0.0,10.6,wheat,3.94,0.37
11742,0.91,0.9,wheat,0.43,0.48
10343,0.04,5.5,coffee,3.08,0.56
800,0.69,0.6,wheat,0.23,0.39
9084,0.2,1.9,wheat,0.96,0.5
16413,0.28,11.4,potato,7.12,0.62
26978,0.24,1.3,tea,0.78,0.6
37076,0.23,2.4,potato,1.48,0.62
45061,0.02,1.8,tea,0.76,0.42
3953,0.11,3.5,banana,2.14,0.61
41409,0.07,1.7,coffee,0.87,0.51
16112,0.23,3.4,tea,2.4,0.71
11378,0.35,8.9,banana,4.9,0.55
1912,0.16,2.9,wheat,1.55,0.54
8723,0.82,6.5,coffee,1.11,0.17
756,0.01,1.1,tea,0.51,0.46
15435,0.14,1.9,coffee,0.97,0.51
17160,0.25,9.5,potato,5.75,0.6
31410,0.12,5.0,tea,3.98,0.8
27661,0.01,2.4,potato,1.21,0.51
22379,0.03,1.2,banana,0.64,0.53
26486,0.0,6.2,wheat,3.66,0.59
43889,0.63,2.2,tea,1.18,0.54
34912,0.23,6.7,coffee,3.6,0.54
7932,0.06,0.9,tea,0.58,0.64
32459,0.21,6.2,tea,4.79,0.77
33814,0.29,4.4,potato,2.33,0.53
43702,0.04,10.2,coffee,4.76,0.47
39264,0.0,4.2,cassava,1.79,0.43
38731,0.04,4.5,cassava,1.59,0.35
7180,0.03,4.9,cassava,2.63,0.54
3085,0.24,2.2,coffee,1.17,0.53
15267,0.08,6.1,wheat,3.01,0.49
12483,0.0,10.2,banana,3.22,0.32
28617,0.21,1.2,maize,0.66,0.55
30970,0.03,3.0,rice,1.66,0.55
36498,0.2,5.3,potato,3.32,0.63
41462,0.02,8.9,banana,4.55,0.51
13063,0.15,0.5,wheat,0.25,0.51
2279,0.49,4.8,potato,2.94,0.61
44174,0.28,1.1,potato,0.66,0.6
21878,0.04,1.2,cassava,0.46,0.38
5925,0.21,4.2,banana,2.08,0.5
27973,0.01,4.4,wheat,2.29,0.52
7225,0.26,1.8,tea,1.16,0.64
40698,0.1,2.7,potato,1.62,0.6
5205,0.06,3.3,cassava,1.56,0.47
42091,0.91,3.9,wheat,1.4,0.36
22396,0.01,2.0,rice,1.3,0.65
36252,0.04,3.4,cassava,1.16,0.34
521,0.2,0.9,maize,0.6,0.67
2799,0.29,3.4,maize,1.79,0.53
4071,0.22,0.6,tea,0.24,0.41
26484,0.64,4.1,banana,1.53,0.37
15590,0.01,4.7,maize,2.81,0.6
33421,0.2,0.5,wheat,0.24,0.49
26334,0.11,1.0,cassava,0.43,0.43
734,0.21,3.5,cassava,1.91,0.55
6810,0.5,3.6,coffee,0.98,0.27
4448,0.08,1.7,rice,1.01,0.59
37972,0.75,8.3,potato,4.59,0.55
21449,0.07,3.4,tea,2.53,0.74
3785,0.02,7.7,potato,5.05,0.66
2174,0.11,0.5,cassava,0.25,0.5
14880,0.86,1.9,coffee,0.58,0.31
3378,0.07,1.6,tea,1.27,0.8
11484,0.21,5.3,tea,3.57,0.67
32941,0.35,1.6,potato,0.95,0.59
44734,0.2,1.5,potato,0.91,0.61
25793,0.27,2.0,tea,1.2,0.6
44599,0.3,2.0,tea,1.45,0.73
6354,0.8,4.3,cassava,2.45,0.57
708,0.03,2.2,tea,1.5,0.68
8899,0.0,3.1,banana,1.31,0.42
15013,0.21,2.0,potato,1.0,0.5
2729,0.37,9.6,cassava,4.99,0.52
20882,0.17,0.7,tea,0.42,0.59
26781,0.08,0.9,banana,0.47,0.52
28223,0.13,5.7,banana,2.52,0.44
40420,0.54,3.1,tea,1.92,0.62
19388,0.03,0.9,wheat,0.45,0.5
30264,0.26,1.4,potato,0.91,0.65
6129,0.32,3.6,potato,1.91,0.53
20356,0.16,8.5,cassava,3.71,0.44
37776,0.28,4.1,cassava,1.52,0.37
14443,0.3,2.8,potato,1.65,0.59
25262,0.0,13.6,wheat,7.09,0.52
42932,0.3,1.4,potato,0.74,0.53
26192,0.06,3.6,coffee,1.61,0.45
17901,0.04,2.7,tea,2.06,0.76
4775,0.61,4.1,coffee,1.54,0.37
25916,0.17,2.0,tea,1.47,0.74
36560,0.15,12.2,wheat,6.57,0.54
32639,0.0,3.8,wheat,1.73,0.46
283,0.94,2.0,cassava,1.05,0.53
20743,0.34,7.9,coffee,3.97,0.5
3396,0.21,0.9,tea,0.4,0.45
24169,0.85,1.7,tea,0.91,0.54
25730,0.01,4.3,wheat,2.52,0.59
21757,0.02,4.2,tea,3.11,0.74
40359,0.1,4.0,potato,2.56,0.64
20845,0.01,2.5,banana,1.12,0.45
39165,0.0,2.5,wheat,1.3,0.52
22712,0.05,3.3,coffee,1.73,0.53
27291,0.02,1.8,cassava,1.0,0.56
19832,0.0,0.6,banana,0.28,0.47
25164,0.88,2.7,wheat,0.9,0.33
21808,0.25,2.8,potato,1.68,0.6
44798,0.12,1.7,banana,1.0,0.59
11347,0.97,11.9,cassava,4.85,0.41
20218,0.3,4.7,wheat,1.99,0.42
15811,0.36,4.2,wheat,1.9,0.45
38311,0.25,0.9,maize,0.4,0.45
2362,0.21,7.7,wheat,4.13,0.54
41679,0.3,4.8,wheat,3.02,0.63
34389,0.03,4.3,banana,2.17,0.5
9618,0.12,0.7,banana,0.36,0.51
30000,0.08,12.6,cassava,4.95,0.39
26481,0.22,4.8,tea,3.56,0.74
25036,0.95,0.7,tea,0.26,0.37
2298,0.88,4.5,potato,2.32,0.52
10689,0.07,3.4,coffee,1.36,0.4
40646,0.1,2.9,banana,1.87,0.64
30610,0.82,7.0,cassava,3.86,0.55
13909,0.01,1.3,coffee,0.69,0.53
13701,0.22,2.9,potato,1.78,0.61
26006,0.22,1.6,tea,1.02,0.64
10894,0.17,0.7,maize,0.33,0.47
12141,0.02,1.2,wheat,0.72,0.6
16466,0.38,11.0,tea,6.75,0.61
24639,0.21,2.0,wheat,1.15,0.58
40745,0.36,0.7,coffee,0.32,0.46
35164,0.0,1.3,coffee,0.72,0.55
19415,0.15,3.2,wheat,1.46,0.46
32685,0.18,3.6,cassava,1.57,0.44
70,0.46,4.9,coffee,1.88,0.38
31768,0.39,4.6,maize,2.17,0.47
32225,0.58,14.8,wheat,6.3,0.43
32618,0.13,1.4,potato,0.83,0.6
32301,0.84,1.0,cassava,0.27,0.27
19986,0.01,2.3,rice,1.43,0.62
581,0.72,1.5,potato,0.81,0.54
14765,0.26,2.8,wheat,1.39,0.5
37858,0.06,14.0,banana,7.56,0.54
29392,0.55,1.9,banana,0.62,0.33
36511,0.21,0.7,tea,0.32,0.46
8692,0.77,1.2,wheat,0.49,0.4
24847,0.04,0.8,coffee,0.45,0.56
23695,0.49,5.9,tea,2.87,0.49
25524,0.33,1.4,wheat,0.9,0.64
11583,0.21,3.0,potato,1.87,0.62
26313,0.16,3.7,tea,3.0,0.81
26488,0.4,2.7,cassava,1.38,0.51
44905,0.02,1.5,rice,0.93,0.62
1490,0.0,3.1,rice,1.87,0.6
27061,0.18,1.7,maize,1.03,0.61
20722,0.3,0.8,maize,0.43,0.53
38382,0.04,4.3,potato,2.72,0.63
3715,0.07,2.6,cassava,0.95,0.37
45107,0.09,6.9,cassava,2.7,0.39
15292,0.21,0.9,wheat,0.55,0.61
31400,0.07,1.0,wheat,0.56,0.56
16250,0.65,4.9,wheat,2.05,0.42
39839,0.12,4.8,tea,4.12,0.86
31451,0.11,8.8,rice,4.42,0.5
38702,0.0,5.3,rice,3.11,0.59
4280,0.3,1.1,tea,0.51,0.46
14918,0.04,3.3,rice,2.18,0.66
3308,0.15,1.0,wheat,0.46,0.46
41290,0.05,3.6,cassava,1.8,0.5
3541,0.3,1.3,potato,0.73,0.56
19833,0.02,1.7,banana,0.82,0.49
214,0.2,0.5,coffee,0.25,0.5
43076,0.31,5.0,maize,2.22,0.44
21502,0.04,4.6,banana,2.11,0.46
13674,0.17,1.9,potato,1.22,0.64
37406,0.04,2.5,coffee,1.35,0.54
19577,0.02,1.0,rice,0.55,0.55
13648,0.82,13.2,cassava,6.51,0.49
2746,0.46,14.0,wheat,8.99,0.64
32683,0.32,5.4,wheat,2.53,0.47
34168,0.28,0.6,wheat,0.33,0.55
43262,0.07,3.2,coffee,1.6,0.5
27797,0.21,3.9,banana,2.31,0.59
6832,0.2,0.9,potato,0.49,0.55
27438,0.05,0.7,tea,0.46,0.66
5757,0.77,0.6,tea,0.29,0.49
37878,0.34,5.0,wheat,2.24,0.45
16054,0.12,1.6,banana,0.73,0.46
2813,0.09,8.3,maize,4.84,0.58
21968,0.05,1.3,tea,1.0,0.77
1124,0.0,3.9,rice,3.25,0.83
12348,0.11,1.7,cassava,1.0,0.59
12727,0.0,3.6,rice,1.91,0.53
29225,0.14,1.7,wheat,0.98,0.58
31421,0.46,4.1,wheat,2.44,0.6
16256,0.03,5.9,wheat,2.99,0.51
33326,0.06,3.9,cassava,1.97,0.51
9685,0.22,1.6,potato,0.99,0.62
23169,0.3,0.8,rice,0.43,0.54
42173,0.08,3.3,potato,1.9,0.57
34915,0.0,8.2,wheat,3.0,0.37
13250,0.47,1.0,potato,0.6,0.6
30560,0.15,12.3,wheat,6.3,0.51
29452,0.02,1.9,coffee,1.05,0.55
6926,0.0,2.1,rice,1.19,0.57
20210,0.04,10.0,rice,5.83,0.58
40174,0.22,13.0,rice,5.9,0.45
42709,0.27,1.1,wheat,0.55,0.5
13295,0.02,2.1,banana,1.11,0.53
13506,0.28,1.3,maize,0.77,0.59
6821,0.07,2.4,tea,1.86,0.77
13625,0.04,2.0,wheat,1.05,0.53
40089,0.21,5.6,coffee,2.13,0.38
31630,0.2,4.7,wheat,2.24,0.48
43114,0.2,1.5,wheat,0.83,0.56
4152,0.03,0.8,potato,0.49,0.62
1829,0.0,3.5,banana,1.18,0.34
45087,0.12,4.6,potato,2.88,0.63
21531,0.03,4.5,potato,2.87,0.64
33813,0.24,7.0,potato,3.87,0.55
11711,0.06,3.3,tea,2.66,0.81
41185,0.77,6.2,cassava,2.82,0.45
27134,0.22,4.5,tea,1.94,0.43
11886,0.22,1.3,tea,0.84,0.65
8842,0.31,0.6,potato,0.35,0.58
776,0.07,9.5,banana,4.05,0.43
5071,0.26,7.9,potato,4.03,0.51
35465,0.0,1.9,wheat,0.79,0.42
25240,0.05,0.9,maize,0.59,0.66
36104,0.2,1.8,maize,0.84,0.47
44562,0.03,1.8,wheat,0.94,0.52
27776,0.02,1.4,wheat,0.77,0.55
11105,0.0,5.6,wheat,1.88,0.34
26881,0.23,1.5,wheat,0.64,0.43
15236,0.1,2.7,cassava,1.32,0.49
6988,0.3,13.3,banana,6.69,0.5
32022,0.05,3.1,wheat,1.91,0.62
39336,0.38,4.9,banana,2.83,0.58
5975,0.23,2.4,potato,1.51,0.63
11617,0.24,1.4,coffee,0.68,0.48
25867,0.22,1.0,potato,0.44,0.44
15073,0.01,2.0,coffee,0.78,0.39
38979,0.33,1.2,tea,0.78,0.65
41127,0.38,1.7,wheat,0.88,0.51
49,0.24,1.0,maize,0.56,0.56
29800,0.22,3.5,potato,2.01,0.57
28534,0.04,1.1,wheat,0.57,0.52
41048,0.29,1.2,wheat,0.54,0.45
31685,0.03,0.9,wheat,0.54,0.6
16168,0.28,1.2,potato,0.61,0.51
15224,0.21,0.8,wheat,0.42,0.52
25894,0.3,3.0,wheat,1.68,0.56
40323,0.0,0.8,rice,0.39,0.48
31407,0.9,10.3,tea,4.63,0.45
42279,0.46,1.4,tea,0.53,0.38
9134,0.05,0.9,cassava,0.47,0.52
32820,0.06,9.4,tea,6.71,0.71
6916,0.14,2.2,tea,1.78,0.81
19499,0.01,0.6,banana,0.24,0.39
17339,0.22,3.2,wheat,1.81,0.57
14339,0.35,3.5,tea,2.51,0.72
13726,0.11,4.3,cassava,1.93,0.45
13431,0.14,12.6,coffee,5.05,0.4
24148,0.05,4.6,wheat,2.42,0.53
39679,0.12,1.8,tea,1.4,0.78
18424,0.22,0.9,banana,0.39,0.44
745,0.08,2.2,coffee,0.97,0.44
13370,0.11,3.6,potato,2.09,0.58
15821,0.48,3.2,maize,1.56,0.49
42708,0.14,1.7,potato,1.09,0.64
40993,0.17,1.6,wheat,1.06,0.66
22825,0.2,11.9,wheat,8.7,0.73
2007,0.14,6.7,tea,5.52,0.82
31637,0.48,6.6,wheat,4.21,0.64
1707,0.44,7.3,potato,3.62,0.5
43853,0.17,1.7,wheat,0.92,0.54
33527,0.42,4.5,potato,2.46,0.55
41337,0.23,1.8,wheat,0.86,0.48
15178,0.07,14.2,cassava,5.56,0.39
33771,0.36,1.5,tea,0.93,0.62
1012,0.17,2.9,wheat,1.69,0.58
9545,0.13,1.7,wheat,0.71,0.42
34672,0.52,2.3,coffee,0.58,0.25
33254,0.3,13.7,potato,8.46,0.62
43429,0.17,0.6,tea,0.48,0.8
38330,0.25,10.4,potato,6.5,0.62
6231,0.33,2.5,potato,1.29,0.52
42633,0.42,2.5,maize,1.01,0.41
20928,0.39,4.4,coffee,2.6,0.59
5940,0.0,4.2,wheat,1.86,0.44
6687,0.14,4.5,coffee,2.53,0.56
18591,0.86,8.2,cassava,4.55,0.55
14710,0.2,2.1,maize,1.1,0.52
34097,0.22,4.0,banana,1.58,0.39
14835,0.0,0.8,banana,0.33,0.41
879,0.26,4.2,wheat,2.03,0.48
16134,0.01,1.1,rice,0.47,0.42
20174,0.28,4.6,wheat,3.1,0.67
16305,0.08,13.9,tea,11.4,0.82
2457,0.0,7.5,rice,4.11,0.55
4264,0.44,1.9,wheat,1.19,0.62
35736,0.09,2.1,wheat,1.5,0.72
40570,0.25,14.1,wheat,8.95,0.63
35411,0.25,1.8,tea,1.15,0.64
21860,0.01,1.6,wheat,0.84,0.53
1536,0.06,4.2,coffee,2.24,0.53
31646,0.13,0.8,wheat,0.49,0.61
32453,0.06,2.5,banana,0.96,0.38
28361,0.43,1.7,wheat,0.85,0.5
2571,0.2,2.0,coffee,0.89,0.44
38886,0.05,2.0,banana,0.99,0.5
2286,0.18,1.4,cassava,0.49,0.35
11756,0.45,1.3,potato,0.79,0.61
11641,0.15,5.2,coffee,2.84,0.55
28608,0.46,0.6,tea,0.35,0.59
39432,0.05,0.5,tea,0.38,0.76
12290,0.2,6.1,maize,3.57,0.58
41297,0.01,0.7,rice,0.38,0.54
40356,0.44,4.4,wheat,1.85,0.42
43902,0.15,0.6,cassava,0.36,0.6
23391,0.81,0.9,coffee,0.22,0.25
40894,0.17,1.8,coffee,0.71,0.39
27985,0.16,4.4,tea,3.36,0.76
36294,0.52,1.4,coffee,0.3,0.22
32672,0.05,1.7,potato,0.94,0.55
21010,0.09,0.6,wheat,0.26,0.43
38602,0.19,4.8,banana,2.01,0.42
2915,0.31,5.3,maize,2.34,0.44
18063,0.73,3.4,potato,1.74,0.51
44203,0.01,1.2,tea,0.55,0.46
35348,0.05,4.6,cassava,2.02,0.44
37969,0.0,11.6,banana,3.74,0.32
38833,0.17,1.3,potato,0.75,0.58
31082,0.0,3.0,coffee,1.62,0.54
34818,0.35,4.9,cassava,2.81,0.57
19626,0.0,10.9,wheat,4.84,0.44
8178,0.24,9.5,maize,5.78,0.61
19774,0.06,4.1,tea,2.8,0.68
1590,0.2,4.2,wheat,2.29,0.54
21995,0.36,3.9,potato,2.22,0.57
2969,0.16,1.8,coffee,0.68,0.38
3049,0.37,10.0,potato,6.41,0.64
30956,0.23,10.5,banana,6.0,0.57
21370,0.26,1.8,wheat,0.93,0.52
23120,0.23,0.8,wheat,0.48,0.6
8085,0.1,1.2,coffee,0.59,0.49
11910,0.48,2.9,cassava,1.47,0.51
38132,0.42,1.1,potato,0.54,0.49
16158,0.01,4.7,wheat,2.81,0.6
25007,0.08,10.8,maize,6.79,0.63
44754,0.14,2.0,cassava,0.98,0.49
25726,0.27,0.5,wheat,0.21,0.43
9985,0.92,3.2,coffee,0.97,0.3
3184,0.28,1.6,wheat,1.1,0.68
7,0.14,13.9,wheat,8.73,0.63
20903,0.04,1.4,rice,0.86,0.62
23062,0.11,12.2,tea,10.58,0.87
13924,0.02,0.7,tea,0.3,0.43
19407,0.2,0.5,potato,0.27,0.54
15041,0.36,0.6,cassava,0.34,0.57
17114,0.25,2.6,potato,1.32,0.51
21549,0.22,2.3,potato,0.98,0.43
29434,0.02,2.2,coffee,1.23,0.56
43601,0.13,4.3,wheat,2.51,0.58
38791,0.09,4.2,coffee,2.04,0.49
19587,0.0,4.7,banana,2.16,0.46
5266,0.0,4.9,wheat,2.32,0.47
27362,0.61,5.2,cassava,1.75,0.34
28941,0.02,1.9,tea,1.17,0.61
17702,0.99,2.1,cassava,0.77,0.37
10533,0.36,4.2,potato,2.3,0.55
41618,0.29,0.8,potato,0.46,0.58
23098,0.14,2.9,tea,1.83,0.63
22083,0.15,5.0,wheat,3.07,0.61
419,0.0,11.2,rice,6.7,0.6
5787,0.37,2.2,coffee,0.71,0.32
42347,0.17,0.6,coffee,0.33,0.55
40380,0.25,2.4,potato,1.33,0.55
10921,0.21,3.3,maize,1.74,0.53
25376,0.23,1.8,tea,1.4,0.78
18057,0.07,1.4,cassava,0.74,0.53
43126,0.21,4.5,cassava,2.59,0.57
28748,0.21,2.5,wheat,1.26,0.5
13268,0.07,0.7,tea,0.53,0.76
5921,0.35,11.3,coffee,7.06,0.62
12124,0.05,3.2,rice,1.61,0.5
655,0.1,0.6,tea,0.42,0.7
37022,0.36,4.5,tea,1.86,0.41
14597,0.09,1.1,rice,0.65,0.59
32469,0.0,2.8,wheat,1.39,0.49
37428,0.3,1.2,wheat,0.53,0.44
27966,0.01,3.2,tea,2.66,0.83
6211,0.07,2.2,potato,1.32,0.6
45072,0.1,7.5,potato,4.42,0.59
35015,0.35,1.0,potato,0.52,0.52
36424,0.26,8.6,potato,5.43,0.63
39910,0.17,4.8,coffee,2.37,0.49
34236,0.11,4.0,wheat,2.15,0.54
8871,0.39,14.8,coffee,4.74,0.32
41763,0.01,8.7,wheat,3.73,0.43
18358,0.0,4.8,banana,1.89,0.39
44421,0.43,1.5,potato,0.79,0.53
7544,0.42,7.0,potato,3.48,0.5
44698,0.35,0.7,potato,0.35,0.49
42992,0.06,2.4,rice,1.47,0.61
22636,0.18,1.4,wheat,0.65,0.46
11461,0.15,1.5,banana,0.52,0.34
25098,0.08,7.4,maize,5.27,0.71
1819,0.14,2.0,tea,1.02,0.51
23892,0.12,3.5,coffee,1.86,0.53
17707,0.45,2.7,wheat,1.16,0.43
10755,0.12,12.4,tea,9.51,0.77
22078,0.06,0.9,banana,0.39,0.43
17982,0.24,4.0,wheat,2.05,0.51
12597,0.47,0.5,maize,0.26,0.52
27226,0.15,14.7,potato,7.27,0.49
3401,0.32,4.9,wheat,3.35,0.68
19291,0.63,5.5,maize,2.28,0.41
14737,0.01,0.9,banana,0.37,0.41
44105,0.04,2.9,cassava,1.05,0.36
31906,0.88,3.5,tea,1.72,0.49
7707,0.34,8.9,tea,5.45,0.61
128,0.85,1.5,rice,0.71,0.47
3510,0.01,5.0,maize,3.28,0.66
40907,0.07,3.3,banana,1.35,0.41
37735,0.04,3.8,rice,2.19,0.58
44024,0.22,1.5,cassava,0.56,0.38
42285,0.16,1.7,wheat,1.17,0.69
39374,0.37,0.9,wheat,0.38,0.42
37245,0.11,4.9,tea,3.09,0.63
23107,0.22,1.0,maize,0.52,0.52
39712,0.25,4.6,potato,2.69,0.58
27400,0.14,1.3,tea,0.9,0.69
14825,0.0,3.6,wheat,1.93,0.54
17298,0.19,0.9,wheat,0.43,0.47
4518,0.43,1.4,potato,0.77,0.55
12983,0.36,0.8,wheat,0.32,0.4
110,0.46,1.2,tea,0.45,0.38
5843,0.23,8.7,potato,5.33,0.61
10727,0.18,8.1,wheat,4.77,0.59
23326,0.0,2.7,wheat,1.27,0.47
40300,0.0,8.8,rice,5.52,0.63
10444,0.17,3.7,wheat,1.75,0.47
1557,0.2,1.0,maize,0.58,0.58
4193,0.67,1.4,cassava,0.68,0.48
24694,0.47,13.3,wheat,5.38,0.4
34295,0.11,3.8,teaa,2.85,0.75
109,0.22,4.9,coffee,2.68,0.55
42984,0.13,2.9,banana,1.36,0.47
15815,0.02,0.9,banana,0.42,0.47
30673,0.22,9.3,wheat,5.33,0.57
37319,0.0,9.7,banana,4.33,0.45
843,0.32,1.7,tea,1.14,0.67
18487,0.3,7.3,maize,3.56,0.49
10423,0.21,4.4,tea,1.74,0.39
10598,0.25,4.6,potato,2.89,0.63
5503,0.2,0.7,potato,0.37,0.52
33052,0.06,4.0,rice,2.42,0.6
29487,0.29,0.6,wheat,0.33,0.54
5645,0.05,1.2,cassava,0.56,0.47
34556,0.01,0.9,wheat,0.5,0.56
12957,0.12,12.7,wheat,9.39,0.74
17644,0.36,4.2,tea,2.8,0.67
4982,0.26,7.3,potato,4.24,0.58
13658,0.01,10.1,coffee,5.25,0.52
11097,0.0,12.4,rice,7.03,0.57
32718,0.43,8.8,cassava,5.0,0.57
41433,0.13,4.3,potato,2.91,0.68
42895,0.9,9.8,cassava,3.88,0.4
26322,0.9,12.3,cassava,6.72,0.55
37980,0.98,4.0,tea,1.98,0.49
3923,0.03,0.7,tea,0.48,0.69
2495,0.23,3.4,coffee,1.58,0.46
5568,0.32,3.4,tea,1.53,0.45
16504,0.07,3.9,tea,2.82,0.72
43639,0.04,7.0,rice,4.93,0.7
12736,0.15,1.5,maize,0.7,0.47
30340,0.2,1.5,tea,1.1,0.73
7646,0.15,9.4,maize,6.43,0.68
8658,0.31,1.6,wheat,0.71,0.44
11733,0.23,0.9,coffee,0.48,0.53
32905,0.01,4.8,potato,2.98,0.62
1826,0.02,1.8,rice,0.84,0.47
6427,0.23,1.5,potato,0.78,0.52
44839,0.85,4.7,wheat,2.31,0.49
27583,0.01,0.7,banana,0.31,0.45
10992,0.06,11.0,tea,7.56,0.69
11708,0.03,4.7,wheat,1.91,0.41
8321,0.05,1.0,potato,0.61,0.61
37181,0.34,1.0,wheat,0.65,0.65
39124,0.34,14.1,coffee,7.9,0.56
40026,0.43,1.4,potato,0.73,0.52
13902,0.28,2.7,maize,1.31,0.49
33679,0.39,4.3,wheat,1.92,0.45
9027,0.13,5.5,tea,4.53,0.82
1671,0.05,1.7,banana,0.77,0.45
35987,0.13,2.6,cassava,1.35,0.52
2761,0.35,1.4,maize,0.71,0.51
3460,0.92,3.5,coffee,0.96,0.27
26769,0.03,2.2,coffee,1.17,0.53
2531,0.19,1.4,maize,0.83,0.59
24334,0.18,3.6,banana,1.6,0.44
43487,0.2,2.0,tea,1.29,0.64
37205,0.07,2.5,wheat,1.37,0.55
17638,0.16,3.6,potato,1.89,0.52
36601,0.17,2.0,coffee,0.86,0.43
34127,0.67,1.5,tea,0.5,0.33
16153,0.43,0.5,wheat,0.21,0.41
219,0.35,1.7,banana,0.94,0.55
24745,0.37,2.6,maize,1.18,0.45
17609,0.21,1.2,potato,0.63,0.53
20330,0.01,3.0,tea,2.34,0.78
30100,0.02,4.6,wheatn,2.36,0.51
13969,0.23,13.6,tea,5.76,0.42
38395,0.0,3.9,rice,2.18,0.56
2289,0.04,1.9,wheat,0.94,0.49
10460,0.0,2.4,wheat,1.17,0.49
10539,0.11,2.1,potato,1.41,0.67
12418,0.27,2.0,potato,1.04,0.52
24382,0.0,2.5,coffee,1.47,0.59
8304,0.0,1.0,banana,0.42,0.42
36637,0.07,11.4,cassava,5.1,0.45
2342,0.0,3.9,wheat,1.73,0.44
44907,0.54,3.7,maize,1.6,0.43
31773,0.19,1.5,potato,0.86,0.57
44695,0.1,0.9,cassava,0.48,0.53
8256,0.27,7.3,banana,3.0,0.41
1786,0.09,3.1,coffee,1.63,0.53
10600,0.0,1.6,rice,1.06,0.67
29726,0.45,1.1,maize,0.39,0.36
17697,0.0,2.0,rice,1.1,0.55
1422,0.26,0.7,tea,0.57,0.82
23231,0.42,4.1,wheat,1.63,0.4
27511,0.28,3.7,potato,1.92,0.52
33463,0.21,4.9,tea,1.9,0.39
23950,0.03,3.4,rice,2.04,0.6
26094,0.15,12.2,banana,6.94,0.57
16307,0.39,3.1,tea,2.32,0.75
25055,0.31,1.3,wheat,0.48,0.37
7984,0.04,3.1,tea,2.42,0.78
17819,0.0,10.9,coffee,5.93,0.54
41547,0.81,14.5,maize,4.92,0.34
1681,0.15,1.7,banana,1.02,0.6
38321,0.04,3.4,coffee,1.65,0.49
12650,0.01,0.5,coffee,0.28,0.55
15278,0.0,9.2,coffee,5.39,0.59
6978,0.06,1.5,potato,0.92,0.61
4057,0.91,0.6,tea,0.23,0.38
1930,0.09,2.1,banana,0.96,0.46
39393,0.33,0.5,cassava,0.26,0.53
44394,0.04,1.8,potato,1.23,0.68
6739,0.19,6.9,potato,3.8,0.55
30003,0.26,1.7,wheat,1.15,0.68
17267,0.09,1.7,wheat,0.87,0.51
27815,0.1,0.8,tea,0.5,0.62
3933,0.14,10.0,tea,6.69,0.67
16421,0.16,2.7,potato,1.56,0.58
25042,0.22,3.9,wheat,2.11,0.54
816,0.01,2.5,banana,1.1,0.44
37704,0.08,2.5,coffee,1.01,0.4
10085,0.2,0.8,cassava,0.38,0.47
3418,0.66,8.8,teaa,3.76,0.43
23180,0.22,4.4,wheat,2.4,0.55
33588,0.17,0.8,potato,0.43,0.54
42624,0.11,12.0,cassava,4.38,0.36
324,0.26,2.8,potato,1.65,0.59
1680,0.0,11.7,rice,7.1,0.61
8124,0.05,0.6,coffee,0.24,0.4
37508,0.08,4.9,tea,4.32,0.88
29839,0.16,4.1,potato,2.65,0.65
29832,0.02,1.8,potato,1.11,0.62
2541,0.28,1.3,banana,0.68,0.52
34475,0.11,5.3,wheat,2.35,0.44
9568,0.27,1.4,potato,0.87,0.62
16072,0.17,4.7,tea,3.47,0.74
37575,0.77,0.7,cassava,0.32,0.45
11547,0.09,1.8,wheat,1.07,0.59
19263,0.01,9.3,cassava,3.14,0.34
43110,0.25,0.8,wheat,0.44,0.55
36537,0.22,4.9,wheat,2.75,0.56
30681,0.26,4.0,potato,2.22,0.56
29939,0.01,13.1,cassava,4.6,0.35
43067,0.02,3.6,cassava,1.64,0.46
32968,0.14,2.9,coffee,1.13,0.39
7308,0.03,1.5,cassava,0.7,0.47
2916,0.26,1.8,banana,1.12,0.62
32582,0.25,0.8,potato,0.5,0.63
34869,0.12,3.2,potato,2.16,0.68
35947,0.1,13.4,potato,8.68,0.65
16262,0.39,3.3,maize,2.01,0.61
24927,0.28,0.8,maize,0.39,0.49
41607,0.33,1.2,potato,0.72,0.6
21081,0.03,2.9,wheat,1.69,0.58
40289,0.26,4.6,coffee,3.14,0.68
6920,0.02,14.8,banana,5.72,0.39
2992,0.13,0.9,coffee,0.41,0.46
9273,0.22,1.3,maize,0.84,0.65
323,0.07,1.0,potato,0.57,0.57
44232,0.94,1.5,cassava,0.61,0.4
16162,0.32,12.1,potato,7.06,0.58
12425,0.12,3.7,cassava,1.37,0.37
34946,0.24,1.3,coffee,0.49,0.38
7090,0.07,1.6,tea,1.12,0.7
26047,0.4,13.7,wheat,6.69,0.49
38989,0.71,3.1,tea,1.29,0.42
41582,0.2,1.2,potato,0.71,0.59
21547,0.05,4.0,coffee,1.69,0.42
34431,0.01,0.6,wheat,0.34,0.56
30393,0.79,10.6,tea,5.65,0.53
2579,0.07,1.6,potato,1.03,0.64
38272,0.02,10.3,banana,5.94,0.58
30752,0.53,3.6,tea,1.46,0.41
20419,0.04,1.3,wheat,0.55,0.42
45075,0.08,2.9,wheat,1.38,0.48
18334,0.07,3.3,cassava,1.69,0.51
8278,0.07,4.2,coffee,2.38,0.57
27971,0.07,6.9,banana,2.65,0.38
30176,0.44,8.5,wheat,4.45,0.52
20735,0.33,1.4,tea,1.11,0.79
30800,0.01,1.7,banana,0.69,0.41
39195,0.15,3.9,cassava,1.6,0.41
43438,0.15,3.1,banana,1.75,0.56
29524,0.33,4.9,wheat,2.7,0.55
21656,0.28,9.5,maize,5.36,0.56
18536,0.01,1.1,potato,0.76,0.69
11321,0.02,1.1,wheat,0.53,0.48
42115,0.02,1.7,potato,0.97,0.57
40282,0.3,3.3,wheat,1.6,0.49
27359,0.01,0.7,coffee,0.26,0.37
33437,0.12,1.0,coffee,0.52,0.52
17208,0.02,2.0,tea,1.56,0.78
16425,0.37,1.8,tea,1.14,0.64
11343,0.12,5.8,cassava,2.44,0.42
24184,0.49,0.8,tea,0.47,0.59
2325,0.25,3.3,coffee,1.83,0.56
23700,0.18,8.2,banana,4.43,0.54
44227,0.09,7.3,rice,4.49,0.61
39880,0.02,13.9,tea,6.43,0.46
18295,0.3,1.7,potato,0.94,0.55
30174,0.25,3.2,wheat,1.61,0.5
10850,0.95,3.5,potato,1.73,0.49
1068,0.29,1.8,potato,1.05,0.58
34533,0.12,4.8,rice,2.67,0.56
32179,0.02,3.1,wheat,1.32,0.43
27417,0.0,1.9,wheat,0.96,0.51
5876,0.01,8.7,wheat,3.89,0.45
44622,0.0,4.9,banana,2.12,0.43
20850,0.0,1.8,wheat,0.79,0.44
5426,0.0,4.3,rice,2.41,0.56
7040,0.31,2.4,wheat,0.98,0.41
13452,0.35,3.5,maize,1.7,0.48
27466,0.22,2.2,tea,1.5,0.68
39783,0.12,1.3,potato,0.73,0.56
12496,0.29,3.2,tea,2.07,0.65
36436,0.05,2.0,tea,1.38,0.69
22198,0.23,3.7,cassava,2.1,0.57
7062,0.31,1.2,cassava,0.59,0.49
21522,0.0,1.2,rice,0.68,0.57
19834,0.19,1.0,maize,0.6,0.6
20112,0.07,4.1,cassava,2.15,0.52
30367,0.05,2.6,coffee,1.33,0.51
33830,0.27,9.2,wheat,5.28,0.57
6428,0.01,1.5,rice,0.78,0.52
39943,0.05,1.2,tea,0.86,0.72
29736,0.11,6.6,potato,4.2,0.64
33141,0.04,1.8,coffee,0.77,0.43
7028,0.0,9.8,wheat,4.86,0.5
11015,0.17,1.8,maize,0.8,0.44
37366,0.03,6.2,potato,4.05,0.65
19055,0.03,5.1,tea,3.57,0.7
28598,0.06,1.3,cassava,0.53,0.41
12701,0.3,1.9,wheat,0.82,0.43
23839,0.01,1.9,potato,1.23,0.65
4277,0.22,3.0,potato,1.63,0.54
13762,0.0,8.1,wheat,3.76,0.46
13958,0.21,1.6,potato,0.96,0.6
33050,0.7,4.7,wheat,1.86,0.4
38122,0.31,1.3,wheat,0.58,0.44
8140,0.25,3.7,banana,1.79,0.48
25893,0.05,4.2,banana,1.36,0.32
43493,0.41,3.4,wheat,1.65,0.48
16247,0.01,0.6,rice,0.41,0.69
21749,0.44,2.3,maize,0.89,0.39
13602,0.78,3.1,tea,1.45,0.47
5697,0.0,1.5,banana,0.61,0.41
31849,0.22,7.4,tea,5.43,0.73
13561,0.0,3.8,wheat,2.07,0.55
35884,0.07,10.4,banana,5.18,0.5
23305,0.09,3.2,tea,2.13,0.67
23319,0.14,3.0,maize,1.89,0.63
15431,0.14,1.6,tea,1.2,0.75
14784,0.36,2.1,wheat,1.03,0.49
13631,0.06,1.3,maize,0.81,0.62
23883,0.27,1.3,banana,0.51,0.39
42465,0.25,1.2,potato,0.61,0.51
40775,0.02,1.6,wheat,1.11,0.69
3776,0.21,10.5,maize,5.75,0.55
4503,0.6,1.6,banana,0.5,0.31
23868,0.13,9.1,cassava,4.78,0.53
772,0.01,2.6,cassava,1.3,0.5
5665,0.18,2.4,coffee,1.22,0.51
3885,0.54,11.1,coffee,2.87,0.26
33898,0.0,4.1,wheat,2.07,0.51
17728,0.34,9.1,coffee,5.71,0.63
9561,0.02,2.8,wheat,1.5,0.54
35269,0.41,3.0,maize,1.25,0.42
42466,0.32,0.6,coffee,0.27,0.45
17808,0.75,13.0,potato,6.69,0.51
35865,0.27,1.2,potato,0.76,0.63
33185,0.27,2.1,wheat,1.03,0.49
4162,0.25,3.0,potato,1.62,0.54
6133,0.06,0.6,coffee,0.28,0.47
34405,0.11,4.2,wheat,2.15,0.51
19232,0.2,4.1,cassava,1.89,0.46
16377,0.33,1.5,wheat,0.61,0.41
32736,0.06,0.8,wheat,0.43,0.54
34646,0.11,1.3,cassava,0.62,0.47
42822,0.19,14.5,maize,7.71,0.53
1863,0.01,1.2,coffee,0.63,0.52
24897,0.03,1.6,potato,1.02,0.64
40418,0.0,12.7,wheat,6.61,0.52
16723,0.44,0.6,potato,0.32,0.54
4962,0.75,1.1,tea,0.55,0.5
5195,0.77,0.9,wheat,0.29,0.32
30896,0.0,4.5,rice,2.84,0.63
32122,0.03,8.4,coffee,3.78,0.45
29364,0.18,7.7,coffee,3.14,0.41
33803,0.01,1.3,rice,0.87,0.67
28356,0.13,10.9,wheat,5.19,0.48
34747,0.09,1.0,cassava,0.56,0.56
24049,0.04,0.5,tea,0.33,0.66
43599,0.43,0.5,potato,0.29,0.59
25263,0.08,4.1,tea,3.3,0.8
35719,0.86,4.4,coffee,0.82,0.19
30538,0.08,4.9,cassava,1.95,0.4
21356,0.04,14.4,tea,10.06,0.7
30069,0.42,1.8,wheat,0.91,0.5
7094,0.08,1.6,tea,1.41,0.88
23511,0.38,3.4,tea,2.29,0.67
18597,0.24,14.8,potato,8.07,0.55
24141,0.04,13.6,cassava,6.82,0.5
14511,0.29,3.4,wheat,2.38,0.7
27193,0.24,0.7,potato,0.35,0.5
15656,0.09,1.8,cassava,0.87,0.48
16880,0.21,9.5,wheat,4.68,0.49
22129,0.2,1.4,maize,0.67,0.48
3986,0.1,2.1,cassava,0.99,0.47
35601,0.27,1.3,potato,0.66,0.51
16792,0.46,3.0,wheat,1.59,0.53
27428,0.06,5.7,tea,3.38,0.59
3231,0.23,1.1,tea,0.82,0.74
31198,0.04,1.0,tea,0.62,0.62
33992,0.46,3.7,potato,2.1,0.57
8454,0.0,0.6,banana,0.26,0.43
30245,0.79,0.9,wheat,0.34,0.38
31147,0.22,4.0,potato,2.18,0.54
28076,0.1,11.0,banana,4.91,0.45
13299,0.27,1.9,potato,1.08,0.57
23181,0.68,1.4,banana,0.46,0.33
33839,0.38,3.2,banana,1.75,0.55
8341,0.22,4.5,coffee,1.9,0.42
3425,0.0,6.3,rice,4.38,0.69
28203,0.19,2.8,potato,1.69,0.6
11034,0.45,8.9,banana,4.62,0.52
17928,0.19,3.7,wheat,2.07,0.56
36848,0.08,1.4,wheat,0.76,0.54
34505,0.24,2.7,potato,1.44,0.53
35990,0.09,4.8,coffee,2.33,0.49
16703,0.19,4.1,tea,2.97,0.72
21089,0.08,2.8,wheat,1.57,0.56
17011,0.35,4.3,banana,1.89,0.44
2744,0.09,0.8,potato,0.46,0.58
33619,0.05,8.3,tea,5.46,0.66
44194,0.88,9.7,potato,4.99,0.51
32503,0.3,1.1,maize,0.55,0.5
31650,0.08,13.0,banana,5.23,0.4
7132,0.24,1.4,potato,0.89,0.64
22747,0.06,2.5,maize,1.52,0.61
4513,0.05,1.5,wheat,0.62,0.42
4741,0.03,7.8,banana,3.94,0.51
22011,0.32,0.6,potato,0.3,0.49
16690,0.33,0.7,tea,0.36,0.51
39034,0.02,0.9,potato,0.61,0.68
24117,0.8,1.8,potato,0.87,0.48
19160,0.04,1.6,wheat,0.79,0.49
16610,0.01,1.8,rice,0.95,0.53
3798,0.31,1.2,maize,0.51,0.42
33950,0.05,1.7,cassava,0.77,0.45
39848,0.0,1.8,cassava,0.9,0.5
28989,0.25,0.7,cassava,0.32,0.45
38945,0.61,0.9,cassava,0.5,0.55
35341,0.33,3.7,potato,2.1,0.57
200,0.38,8.1,tea,4.98,0.61
20552,0.44,14.0,potato,7.66,0.55
22470,0.0,2.6,wheat,1.38,0.53
4229,0.23,8.3,coffee,4.08,0.49
9401,0.31,4.2,wheat,1.87,0.45
11146,0.22,4.1,potato,2.41,0.59
42921,0.21,12.4,coffee,6.04,0.49
1808,0.18,3.7,wheat,2.06,0.56
39994,0.08,3.6,wheat,1.39,0.39
24167,0.15,1.7,banana,0.97,0.57
37931,0.11,3.2,tea,1.63,0.51
5864,0.05,0.6,coffee,0.28,0.46
40180,0.04,3.4,tea,2.37,0.7
1608,0.05,1.5,tea,1.06,0.71
19767,0.31,1.0,maize,0.53,0.53
11911,0.25,4.4,maize,1.9,0.43
13118,0.0,1.4,banana,0.55,0.39
44283,0.24,1.2,wheat,0.64,0.53
30536,0.15,2.3,coffee,0.98,0.43
10081,0.45,6.1,wheat,2.4,0.39
30753,0.0,2.0,tea,1.58,0.79
43189,0.08,4.2,rice,2.07,0.49
7976,0.22,11.7,potato,6.8,0.58
44978,0.36,3.3,potato,2.16,0.66
34096,0.22,3.4,potato,2.14,0.63
3929,0.0,2.3,coffee,1.11,0.48
29704,0.31,4.7,potato,2.85,0.61
24114,0.52,2.2,cassava,1.06,0.48
24689,0.43,0.9,maize,0.35,0.39
33494,0.09,1.3,cassava,0.74,0.57
36342,0.34,7.9,tea,5.11,0.65
2305,0.06,1.4,banana,0.68,0.49
857,0.03,1.2,cassava,0.49,0.41
11081,0.35,1.5,banana,0.74,0.5
23315,0.03,3.5,banana,2.24,0.64
34288,0.0,1.6,wheat,0.69,0.43
42768,0.23,13.7,maize,6.44,0.47
38194,0.0,3.8,wheat,1.75,0.46
29490,0.02,1.2,rice,0.66,0.55
35573,0.0,7.8,banana,2.9,0.37
6046,0.02,1.2,wheat,0.71,0.59
585,0.05,2.7,coffee,1.17,0.43
27575,0.0,2.2,banana,0.9,0.41
44239,0.7,1.0,coffee,0.23,0.23
36873,0.05,0.7,coffee,0.27,0.38
2865,0.14,4.1,wheat,1.98,0.48
7870,0.22,1.1,cassava,0.5,0.45
7182,0.36,2.8,tea,2.0,0.71
5610,0.77,4.8,wheat,2.45,0.51
11168,0.51,3.4,wheat,1.53,0.45
14898,0.05,13.1,cassava,6.18,0.47
37547,0.14,0.9,coffee,0.38,0.42
41926,0.27,0.8,tea,0.44,0.55
16476,0.01,1.9,wheat,1.31,0.69
39033,0.09,4.8,tea,4.26,0.89
7524,0.06,3.6,wheat,1.75,0.49
43380,0.11,4.4,wheat,3.15,0.72
41339,0.28,2.9,coffee,1.87,0.65
16144,0.01,1.0,banana,0.43,0.43
33181,0.0,12.1,coffee,6.09,0.5
29142,0.24,14.8,potato,7.67,0.52
11868,0.26,3.3,potato,2.08,0.63
22155,0.01,2.5,banana,1.27,0.51
37771,0.44,2.2,potato,1.21,0.55
27695,0.18,4.0,potato,2.25,0.56
43911,0.29,2.4,potato,1.42,0.59
38631,0.1,5.8,tea,4.17,0.72
14828,0.86,8.4,wheat,4.24,0.5
967,0.88,1.6,tea,0.85,0.53
2908,0.0,3.4,wheat,1.88,0.55
30006,0.21,2.0,wheat,1.23,0.62
747,0.0,1.6,banana,0.69,0.43
43198,0.05,1.8,rice,1.19,0.66
22822,0.11,2.1,maize,1.11,0.53
14475,0.43,4.5,cassava,1.59,0.35
44823,0.25,4.1,maize,2.25,0.55
28420,0.78,0.6,cassava,0.28,0.47
14165,0.21,8.9,tea,3.59,0.4
15020,0.0,7.9,banana,2.66,0.34
2417,0.0,2.6,banana,1.26,0.49
40,0.14,1.0,potato,0.63,0.63
32909,0.08,4.6,coffee,2.14,0.47
12257,0.04,4.0,cassava,1.53,0.38
11364,0.37,4.6,potato,2.63,0.57
8413,0.0,7.8,rice,3.97,0.51
37084,0.74,2.8,wheat,1.18,0.42
37724,0.02,0.5,potato,0.29,0.58
19699,0.01,0.6,wheat,0.31,0.52
21593,0.22,7.9,wheat,3.11,0.39
32131,0.04,2.8,banana,1.55,0.55
18109,0.31,3.2,potato,1.61,0.5
45027,0.04,3.3,wheat,1.75,0.53
40815,0.44,4.9,potato,2.79,0.57
10656,0.04,4.6,wheat,2.96,0.64
38159,0.48,14.6,banana,6.45,0.44
31573,0.29,11.5,banana,5.32,0.46
25149,0.24,2.7,potato,1.65,0.61
29157,0.24,1.8,tea,1.34,0.74
22639,0.24,9.3,maize,5.36,0.58
37128,0.4,2.7,potato,1.75,0.65
13681,0.12,1.3,coffee,0.64,0.49
1126,0.22,14.9,wheat,6.44,0.43
23213,0.0,2.2,cassava,1.0,0.45
36741,0.26,1.3,coffee,0.47,0.36
44280,0.24,3.0,wheat,1.76,0.59
44072,0.2,1.2,wheat,0.68,0.57
10648,0.4,2.5,cassava,1.22,0.49
26226,0.44,11.9,potato,5.9,0.5
10636,0.01,9.6,banana,5.17,0.54
9118,0.02,10.0,wheat,4.58,0.46
19136,0.14,1.6,wheat,0.84,0.53
71,0.07,1.2,tea,0.96,0.8
24186,0.23,0.5,wheat,0.25,0.5
39942,0.06,4.7,coffee,2.57,0.55
5395,0.27,4.0,maize,1.88,0.47
11398,0.03,2.7,wheat,1.49,0.55
42746,0.11,12.6,wheat,7.7,0.61
13462,0.21,3.7,wheat,1.73,0.47
38515,0.2,6.8,banana,4.11,0.6
35101,0.33,1.8,potato,1.0,0.56
14278,0.28,2.2,wheat,1.12,0.51
41167,0.08,3.7,tea,3.21,0.87
37639,0.04,5.2,tea,4.17,0.8
41057,0.0,7.6,maize,4.71,0.62
23920,0.0,14.8,banana,5.77,0.39
12711,0.32,14.0,cassava,7.23,0.52
36478,0.12,5.7,tea,4.27,0.75
3702,0.71,3.0,wheat,1.14,0.38
6316,0.03,2.7,wheat,1.44,0.53
7229,0.31,9.0,tea,5.89,0.65
29840,0.02,2.7,coffee,1.53,0.57
44403,0.6,3.1,tea,1.05,0.34
12532,0.15,9.4,wheat,4.66,0.5
3858,0.34,1.1,cassava,0.63,0.57
11941,0.18,3.9,wheat,2.7,0.69
25639,0.29,1.4,cassava,0.64,0.46
34750,0.04,3.9,tea,2.28,0.58
7678,0.34,0.6,tea,0.3,0.51
4421,0.21,0.7,potato,0.34,0.48
33111,0.01,14.3,rice,8.31,0.58
18583,0.27,1.9,potato,1.0,0.52
3563,0.02,4.3,tea,3.38,0.79
21728,0.47,10.4,cassava,4.05,0.39
1480,0.0,0.6,tea,0.5,0.83
8807,0.72,2.1,cassava,0.65,0.31
27055,0.35,0.9,maize,0.42,0.46
33681,0.01,7.3,wheat,3.27,0.45
34497,0.03,1.5,wheat,0.92,0.61
2029,0.17,8.8,cassava,3.93,0.45
8993,0.41,4.8,coffee,1.56,0.33
28964,0.07,10.3,wheat,5.75,0.56
10591,0.04,2.8,cassava,1.22,0.43
6942,0.34,1.8,potato,1.01,0.56
43324,0.07,1.6,wheat,0.85,0.53
15010,0.08,2.2,wheat,1.32,0.6
33081,0.32,3.1,potato,1.57,0.51
39521,0.07,1.2,cassava,0.63,0.53
28215,0.01,2.0,banana,0.89,0.44
35299,0.1,4.9,coffee,2.34,0.48
4215,0.05,4.7,wheat,2.29,0.49
44423,0.06,4.4,tea,2.96,0.67
38128,0.07,4.7,cassava,2.25,0.48
39086,0.24,1.2,wheat,0.65,0.54
198,0.43,0.6,maize,0.34,0.56
38942,0.29,2.0,coffee,0.94,0.47
19411,0.29,0.8,rice,0.36,0.45
44883,0.09,4.3,tea,3.34,0.78
20563,0.14,11.5,cassava,6.07,0.53
19429,0.22,1.5,wheat,0.83,0.55
2247,0.0,4.9,banana,1.7,0.35
20679,0.74,0.7,wheat,0.33,0.47
19487,0.05,2.4,coffee,1.19,0.5
28712,0.03,1.7,banana,0.66,0.39
250,0.12,3.1,coffee,1.69,0.55
21882,0.23,1.0,potato,0.55,0.55
45098,0.29,3.3,tea,1.57,0.48
13008,0.41,2.2,maize,1.29,0.59
37269,0.45,3.6,wheat,1.43,0.4
31049,0.09,2.7,tea,1.88,0.7
19850,0.34,2.0,tea,1.29,0.65
7149,0.03,9.7,banana,5.13,0.53
41232,0.21,2.8,cassava,1.25,0.45
33215,0.0,9.0,banana,3.49,0.39
8489,0.83,2.9,wheat,1.12,0.39
25260,0.05,1.7,cassava,0.85,0.5
30437,0.3,0.8,wheat,0.44,0.55
44161,0.36,3.0,wheat,1.77,0.59
34321,0.18,0.9,tea,0.45,0.5
44335,0.18,1.5,banana,0.75,0.5
43014,0.07,12.8,potato,8.87,0.69
26264,0.23,2.0,tea,1.55,0.78
25807,0.33,3.3,cassava,1.35,0.41
11028,0.1,0.6,potato,0.39,0.65
2561,0.26,1.8,wheat,0.79,0.44
27312,0.21,1.6,potato,0.91,0.57
6202,0.42,5.2,potato,3.08,0.59
7474,0.04,3.2,wheat,2.29,0.72
14667,0.01,1.4,banana,0.59,0.42
34284,0.01,2.6,banana,0.96,0.37
29474,0.01,0.8,wheat,0.44,0.55
32446,0.11,0.8,wheat,0.33,0.42
16030,0.16,3.5,potato,2.06,0.59
12539,0.37,3.7,tea,1.7,0.46
25327,0.15,14.9,tea,12.7,0.85
14558,0.06,2.3,tea,1.53,0.66
38262,0.08,2.4,cassava,1.16,0.48
5455,0.08,0.9,maize,0.56,0.62
13005,0.21,0.9,tea,0.57,0.63
13360,0.09,4.1,cassava,1.62,0.39
21275,0.33,2.0,coffee,0.53,0.26
30489,0.0,2.2,wheat,0.87,0.4
9058,0.24,2.5,coffee,0.93,0.37
29936,0.43,1.7,wheat,0.84,0.49
4086,0.28,1.4,maize,0.74,0.53
44278,0.02,1.9,potato,1.3,0.69
40786,0.4,1.7,potato,0.92,0.54
29106,0.18,3.2,maize,1.58,0.49
37064,0.02,0.9,potato,0.59,0.65
14321,0.15,5.4,tea,3.2,0.59
16996,0.25,1.3,tea,0.98,0.75
40459,0.01,2.7,banana,1.22,0.45
38951,0.01,2.2,wheat,1.59,0.72
16398,0.16,10.2,coffee,5.65,0.55
33353,0.03,4.5,cassava,1.86,0.41
33454,0.2,5.0,cassava,1.96,0.39
28352,0.04,2.4,cassava,0.95,0.4
23838,0.03,3.3,banana,1.32,0.4
10192,0.06,1.1,potato,0.61,0.56
3931,0.21,1.3,tea,0.96,0.74
38816,0.41,1.0,wheat,0.49,0.49
15617,0.22,1.1,wheat,0.48,0.44
32816,0.26,3.3,wheat,1.87,0.57
28033,0.02,1.3,maize,0.74,0.57
3356,0.0,4.2,rice,1.86,0.44
34637,0.19,14.4,wheat,7.79,0.54
7462,0.41,2.6,cassava,1.5,0.58
31623,0.27,0.8,cassava,0.42,0.53
12728,0.12,13.3,wheat,6.26,0.47
36642,0.29,1.3,wheat,0.85,0.65
5457,0.38,0.6,wheat,0.32,0.53
41429,0.07,3.5,tea,2.85,0.82
12389,0.44,2.1,maize,0.91,0.43
30893,0.26,0.9,potato,0.49,0.54
14100,0.12,3.5,cassava,1.39,0.4
22365,0.25,0.9,wheat,0.43,0.48
23766,0.5,2.5,cassava,1.14,0.46
28863,0.25,3.5,coffee,2.1,0.6
9294,0.22,1.8,maize,0.83,0.46
19545,0.2,1.7,cassava,0.7,0.41
18003,0.01,2.9,wheat,1.23,0.42
31164,0.77,3.0,wheat,1.09,0.36
2789,0.11,2.3,banana,1.01,0.44
34118,0.19,4.2,maize,2.2,0.52
35172,0.02,2.7,banana,1.05,0.39
30513,0.0,1.1,rice,0.56,0.51
6705,0.48,11.0,tea,4.67,0.42
6262,0.21,2.8,tea,1.24,0.44
10849,0.15,1.2,coffee,0.48,0.4
22896,0.41,3.6,coffee,1.05,0.29
5382,0.05,3.2,tea,2.43,0.76
3548,0.66,1.0,potato,0.5,0.5
8247,0.02,2.1,cassava,0.91,0.43
29543,0.27,0.7,maize,0.37,0.53
29695,0.11,2.5,wheat,1.23,0.49
2338,0.01,3.1,potato,2.01,0.65
11843,0.01,3.5,potato,2.28,0.65
35343,0.89,2.5,wheat,0.9,0.36
18960,0.07,2.0,tea,1.54,0.77
29260,0.0,3.5,potato,2.41,0.69
29201,0.17,10.8,cassava,6.39,0.59
38403,0.08,2.5,banana,1.01,0.4
7460,0.24,4.9,tea,3.21,0.66
18400,0.89,1.7,tea,0.63,0.37
32108,0.8,4.3,wheat,1.1,0.25
20636,0.05,2.0,potato,1.25,0.62
41960,0.02,1.7,rice,1.01,0.59
35930,0.88,2.9,tea,1.29,0.45
26082,0.0,6.8,banana,2.23,0.33
21735,0.0,1.9,banana,0.86,0.45
32483,0.12,9.5,coffee,4.58,0.48
12604,0.02,1.9,banana,0.94,0.5
12639,0.0,3.7,wheat,1.97,0.53
34383,0.93,1.4,cassava,0.59,0.42
14085,0.06,3.2,coffee,1.72,0.54
32365,0.16,0.8,wheat,0.37,0.46
5936,0.24,4.6,potato,2.67,0.58
14769,0.9,1.4,wheat,0.51,0.37
2000,0.22,1.7,wheat,0.89,0.53
5501,0.5,4.1,cassava,1.89,0.46
7306,0.0,4.9,wheat,2.14,0.44
4337,0.02,4.7,rice,2.72,0.58
23454,0.17,1.2,banana,0.54,0.45
41702,0.13,6.3,wheat,2.96,0.47
3452,0.19,3.8,potato,2.5,0.66
6245,0.17,1.2,wheat,0.64,0.53
2757,0.01,5.9,banana,2.79,0.47
20712,0.63,5.5,coffee,2.09,0.38
20821,0.22,0.5,coffee,0.19,0.38
27393,0.21,1.0,potato,0.57,0.57
38099,0.32,4.2,wheat,2.31,0.55
17518,0.19,0.5,wheat,0.27,0.54
32008,0.45,1.4,wheat,0.55,0.39
5762,0.87,9.0,banana,2.63,0.29
28175,0.24,2.7,wheat,1.21,0.45
19917,0.17,14.8,maize,8.65,0.58
33293,0.61,1.3,cassava,0.48,0.37
31330,0.29,3.0,potato,1.89,0.63
5286,0.58,1.6,potato,0.83,0.52
29652,0.22,4.3,wheat,2.09,0.49
3758,0.02,15.0,banana,6.27,0.42
23680,0.1,1.4,maize,0.73,0.52
8877,0.1,0.9,cassava,0.43,0.48
31984,0.06,14.6,tea,10.29,0.7
38551,0.5,1.8,wheat,1.09,0.6
22941,0.75,1.3,teaa,0.68,0.52
37594,0.08,3.7,banana,2.41,0.65
27958,0.16,0.6,wheat,0.29,0.48
43746,0.1,3.7,tea,2.51,0.68
17086,0.22,12.0,coffee,6.73,0.56
44055,0.24,1.9,maize,0.85,0.45
22862,0.23,2.0,potato,1.08,0.54
10439,0.01,0.7,rice,0.46,0.66
32209,0.08,1.2,wheat,0.77,0.64
14874,0.16,2.0,tea,1.54,0.77
37091,0.25,11.8,potato,7.19,0.61
9240,0.6,7.7,tea,2.85,0.37
39156,0.99,2.8,cassava,1.12,0.4
33521,0.31,7.9,maize,4.08,0.52
4413,0.12,0.7,banana,0.38,0.54
32098,0.0,3.4,wheat,1.83,0.54
1032,0.72,1.9,wheat,0.59,0.31
28360,0.08,4.2,coffee,1.72,0.41
30010,0.25,3.1,maize,1.73,0.56
2245,0.77,3.1,wheat,1.17,0.38
14471,0.33,5.2,coffee,3.64,0.7
12325,0.94,5.3,cassava,2.89,0.55
19649,0.18,2.5,potato,1.5,0.6
1077,0.05,2.0,potato,1.27,0.64
24121,0.24,8.6,potato,5.06,0.59
19662,0.19,4.4,tea,3.82,0.87
34991,0.44,0.9,maize,0.47,0.52
1253,0.11,1.9,tea,1.16,0.61
20578,0.0,1.1,cassava,0.44,0.4
2830,0.78,3.1,wheat,1.59,0.51
43658,0.1,1.8,wheat,1.13,0.63
13558,0.03,4.3,coffee,2.44,0.57
17531,0.36,2.6,banana,1.15,0.44
30814,0.06,2.2,tea,1.36,0.62
33401,0.59,2.6,wheat,1.12,0.43
8402,0.02,1.1,tea,0.78,0.71
2304,0.01,6.2,cassava,2.26,0.36
43447,0.24,1.6,wheat,0.94,0.59
6750,0.37,12.1,wheat,6.2,0.51
28872,0.0,3.7,wheat,1.82,0.49
33877,0.0,8.9,wheat,3.03,0.34
7945,0.22,3.8,cassava,2.07,0.54
29272,0.08,0.7,coffee,0.29,0.41
38316,0.02,0.7,maize,0.4,0.57
532,0.42,1.4,wheat,0.6,0.43
30913,0.16,1.9,coffee,1.21,0.64
24166,0.01,1.4,rice,0.76,0.54
26852,0.77,3.9,wheat,2.12,0.54
962,0.0,0.7,coffee,0.34,0.49
14326,0.1,1.9,tea,0.93,0.49
27636,0.01,2.1,banana,0.96,0.46
10115,0.53,0.7,potato,0.37,0.53
2322,0.62,5.0,wheat,2.09,0.42
13685,0.26,1.5,wheat,0.84,0.56
1414,0.03,2.8,wheat,1.39,0.5
44515,0.22,1.5,potato,0.91,0.61
29051,0.13,3.9,coffee,1.56,0.4
20807,0.01,3.7,banana,1.22,0.33
39932,0.07,2.7,wheat,1.4,0.52
23242,0.0,6.9,cassava,2.49,0.36
14169,0.27,1.8,tea,0.72,0.4
39846,0.01,0.7,banana,0.3,0.43
21504,0.37,0.9,potato,0.51,0.57
43593,0.27,1.6,tea,0.73,0.46
35375,0.01,2.9,wheat,1.45,0.5
3105,0.3,3.4,tea,2.38,0.7
35696,0.73,0.9,wheat,0.24,0.26
41260,0.24,12.1,cassava,5.35,0.44
41192,0.38,4.1,banana,2.28,0.56
29279,0.22,1.2,potato,0.69,0.57
10829,0.17,1.7,tea,1.17,0.69
27214,0.28,1.0,potato,0.59,0.59
34934,0.02,12.5,banana,4.31,0.34
27133,0.11,3.9,banana,2.2,0.56
6948,0.05,2.6,potato,1.31,0.51
41591,0.19,4.4,banana,2.56,0.58
19104,0.1,4.7,cassava,2.18,0.46
18527,0.3,3.2,tea,2.41,0.75
14913,0.56,0.9,cassava,0.3,0.33
14958,0.28,1.2,cassava,0.66,0.55
9798,0.1,4.2,tea,3.04,0.72
10132,0.95,3.2,coffee,0.93,0.29
34384,0.32,1.4,potato,0.79,0.57
10153,0.0,4.5,rice,2.38,0.53
19217,0.31,3.9,wheat,1.99,0.51
28928,0.42,1.8,potato,0.99,0.55
651,0.02,1.4,banana,0.64,0.46
42689,0.33,1.1,potato,0.68,0.62
24475,0.06,1.0,cassava,0.48,0.48
24800,0.14,3.2,wheat,2.32,0.73
22535,0.07,4.0,wheat,2.19,0.55
7451,0.21,2.0,coffee,0.78,0.39
24645,0.06,0.6,wheat,0.28,0.47
21681,0.18,4.2,tea,3.02,0.72
9761,0.21,3.8,potato,2.16,0.57
16591,0.05,1.9,tea,1.42,0.75
17455,0.24,2.4,tea,1.82,0.76
4543,0.4,1.2,potato,0.71,0.59
44506,0.16,10.6,maize,5.64,0.53
11126,0.45,1.8,tea,0.93,0.51
3581,0.0,0.7,coffee,0.35,0.51
4702,0.18,4.8,tea,3.41,0.71
41794,0.13,10.6,wheat,7.84,0.74
1684,0.08,0.9,tea,0.57,0.64
29970,0.0,6.9,rice,3.11,0.45
29088,0.06,2.2,wheat,1.2,0.54
5116,0.4,1.2,potato,0.7,0.59
44590,0.0,11.7,rice,6.42,0.55
44901,0.79,2.1,wheat,0.73,0.35
15731,0.0,2.0,rice,1.43,0.72
1911,0.01,1.3,wheat,0.58,0.44
42580,0.08,1.5,wheat,0.97,0.65
45048,0.27,6.8,potato,4.28,0.63
44505,0.26,2.4,tea,1.81,0.76
9100,0.01,2.0,rice,1.15,0.58
26668,0.37,1.9,tea,1.12,0.59
26682,0.41,4.7,tea,2.14,0.46
26794,0.18,1.7,maize,0.76,0.45
12800,0.45,3.8,wheat,1.67,0.44
7538,0.04,11.3,wheat,4.48,0.4
8042,0.14,1.9,tea,1.41,0.74
30875,0.0,8.2,wheat,3.85,0.47
44384,0.24,11.4,maize,5.15,0.45
41062,0.47,3.8,cassava,1.67,0.44
3150,0.36,1.3,tea,0.91,0.7
5707,0.33,0.5,cassava,0.19,0.38
32575,0.16,1.8,wheat,0.96,0.53
17851,0.01,1.9,tea,1.03,0.54
36391,0.05,1.4,coffee,0.69,0.49
35410,0.16,1.6,wheat,0.89,0.55
37267,0.32,0.7,maize,0.32,0.46
10765,0.71,1.4,potato,0.75,0.54
4995,0.03,7.2,coffee,4.04,0.56
26507,0.28,0.8,wheat,0.54,0.67
20267,0.05,9.2,wheat,4.9,0.53
36326,0.12,1.5,banana,0.72,0.48
16814,0.12,13.3,banana,6.78,0.51
22413,0.1,1.1,potato,0.67,0.61
35137,0.04,4.6,banana,2.19,0.48
12890,0.0,0.9,wheat,0.49,0.54
20634,0.23,2.4,tea,1.84,0.77
26207,0.01,1.7,potato,1.09,0.64
19633,0.12,9.0,wheat,5.11,0.57
14361,0.87,14.0,cassava,7.65,0.55
12472,0.22,5.7,potato,2.95,0.52
27443,0.29,1.4,tea,0.93,0.66
13035,0.08,14.7,cassaval,5.39,0.37
30768,0.06,4.4,tea,2.52,0.57
19527,0.34,1.9,coffee,1.06,0.56
41734,0.36,3.2,tea,2.03,0.63
19621,0.21,11.0,potato,6.34,0.58
2372,0.25,3.1,potato,1.82,0.59
25495,0.08,7.7,wheat,4.17,0.54
2150,0.39,1.6,maize,0.83,0.52
35258,0.88,1.1,cassava,0.58,0.53
36708,0.24,1.1,coffee,0.57,0.52
24612,0.01,11.3,maize,6.81,0.6
39003,0.29,2.6,cassava,1.5,0.58
17311,0.0,2.3,rice,1.23,0.53
31690,0.37,4.9,maize,2.4,0.49
24641,0.8,3.9,coffee,1.35,0.35
25194,0.3,2.9,wheat,1.47,0.51
11541,0.03,4.6,banana,2.19,0.48
27582,0.06,12.6,tea,9.46,0.75
1395,0.27,1.4,maize,0.61,0.44
43517,0.35,1.9,wheat,0.8,0.42
40945,0.43,3.4,maize,1.69,0.5
8786,0.37,6.9,potato,4.0,0.58
3737,0.4,12.9,potato,7.11,0.55
5260,0.27,13.0,banana,7.34,0.56
3064,0.04,12.8,coffee,6.34,0.5
13912,0.26,0.8,wheat,0.37,0.46
30943,0.91,2.2,wheat,0.9,0.41
1319,0.21,5.0,wheat,2.61,0.52
6431,0.79,3.6,cassava,1.03,0.29
36672,0.0,8.6,rice,4.7,0.55
42120,0.64,4.1,tea,2.01,0.49
24330,0.41,2.4,potato,1.5,0.62
8943,0.09,7.7,tea,5.91,0.77
29367,0.11,14.2,banana,5.73,0.4
26669,0.2,8.2,potato,4.83,0.59
7212,0.19,2.7,maize,1.22,0.45
17599,0.41,3.3,wheat,1.63,0.49
22087,0.07,1.0,potato,0.54,0.54
6342,0.0,3.1,banana,1.61,0.52
38261,0.05,1.6,rice,1.02,0.64
22225,0.22,4.7,wheat,2.53,0.54
42801,0.95,6.1,tea,3.0,0.49
15157,0.2,1.0,wheat,0.57,0.57
19855,0.01,14.3,coffee,8.07,0.56
29512,0.21,2.7,banana,1.31,0.49
42735,0.0,4.3,rice,1.73,0.4
30506,0.12,5.7,cassava,2.44,0.43
6902,0.03,1.6,tea,1.14,0.71
41948,0.09,1.0,potato,0.64,0.64
19165,0.1,2.8,wheat,1.39,0.5
24939,0.24,11.6,cassava,5.72,0.49
40920,0.15,10.2,cassava,4.36,0.43
16062,0.87,2.9,wheat,1.07,0.37
40136,0.01,9.8,banana,3.93,0.4
26890,0.61,3.7,coffee,1.37,0.37
18184,0.21,13.3,coffee,6.06,0.46
24201,0.06,1.0,cassava,0.38,0.38
29161,0.71,3.5,cassava,1.39,0.4
28407,0.07,1.9,rice,1.2,0.63
5661,0.21,1.8,cassava,0.71,0.4
3507,0.28,2.6,maize,1.45,0.56
20825,0.42,2.3,maize,1.15,0.5
10734,0.39,2.6,maize,1.38,0.53
6230,0.6,1.1,cassava,0.63,0.58
14883,0.93,1.1,coffee,0.33,0.3
1993,0.29,11.6,tea,8.38,0.72
29634,0.38,12.7,wheat,6.24,0.49
17816,0.55,2.1,wheat,1.16,0.55
40409,0.04,2.0,banana,0.92,0.46
6100,0.04,4.9,wheat,2.83,0.58
31438,0.12,5.0,maize,3.25,0.65
15390,0.27,0.7,wheat,0.39,0.55
10202,0.72,3.1,maize,1.07,0.35
24459,0.02,2.7,wheat,1.47,0.55
39793,0.43,2.8,cassava,1.53,0.55
9750,0.05,1.9,banana,0.78,0.41
4740,0.66,2.2,wheat,1.14,0.52
36718,0.05,1.8,potato,1.14,0.63
2211,0.26,0.6,cassava,0.24,0.4
45031,0.0,2.2,wheat,0.98,0.44
35116,0.06,0.8,tea,0.63,0.78
13238,0.07,3.5,wheat,1.64,0.47
39389,0.35,1.3,maize,0.6,0.46
19825,0.39,4.2,tea,2.66,0.63
34996,0.62,6.1,cassava,2.96,0.48
936,0.04,2.9,wheat,1.56,0.54
31138,0.17,8.8,coffee,3.22,0.37
16179,0.13,4.0,rice,2.9,0.73
20168,0.21,1.9,wheat,0.91,0.48
27730,0.0,8.5,rice,4.65,0.55
18190,0.26,6.7,potato,3.98,0.59
12421,0.48,2.2,wheat,0.82,0.37
25018,0.42,3.4,tea,2.1,0.62
13632,0.13,1.0,coffee,0.49,0.49
9722,0.71,1.4,wheat,0.55,0.4
19048,0.12,0.7,tea,0.59,0.85
11872,0.31,2.2,coffee,0.99,0.45
33523,0.15,1.7,wheat,0.92,0.54
44915,0.2,11.4,tea,7.87,0.69
14858,0.41,1.2,coffee,0.39,0.32
8960,0.26,0.8,tea,0.64,0.8
15805,0.0,0.6,coffee,0.3,0.49
23156,0.0,0.5,banana,0.23,0.46
41491,0.99,0.9,tea,0.47,0.52
39006,0.05,2.6,coffee,1.23,0.47
29497,0.33,2.7,maize,1.4,0.52
5262,0.01,3.3,rice,1.56,0.47
12671,0.27,3.5,maize,1.68,0.48
32627,0.64,1.3,wheat,0.53,0.41
5170,0.27,1.7,tea,1.28,0.76
41326,0.31,2.7,maize,1.47,0.54
39484,0.65,0.8,banana,0.23,0.29
16846,0.86,0.6,potato,0.3,0.51
18490,0.85,3.5,wheat,1.59,0.45
42692,0.13,4.7,tea,3.97,0.84
16064,0.01,7.0,banana,3.09,0.44
41437,0.02,3.5,banana,1.83,0.52
34987,0.03,2.1,potato,1.27,0.6
37186,0.25,2.6,maize,1.55,0.6
12169,0.44,0.7,potato,0.37,0.53
6365,0.37,4.0,maize,2.0,0.5
9057,0.57,13.9,potato,7.53,0.54
7650,0.74,3.1,wheat,1.19,0.38
8241,0.0,3.3,maize,2.02,0.61
14840,0.21,1.1,potato,0.61,0.56
44075,0.12,4.2,maize,2.09,0.5
8708,0.08,0.7,coffee,0.31,0.45
15931,0.0,1.1,rice,0.69,0.62
6319,0.01,4.0,rice,2.36,0.59
21813,0.01,1.1,potato,0.72,0.66
44923,0.5,4.7,cassava,2.57,0.55
277,0.04,4.4,rice,2.47,0.56
22864,0.44,1.9,wheat,0.77,0.4
6184,0.14,1.9,coffee,0.93,0.49
802,0.3,3.2,maize,1.43,0.45
34103,0.3,0.8,maize,0.39,0.49
25482,0.0,0.7,rice,0.38,0.55
8617,0.05,3.2,cassava,1.15,0.36
39722,0.0,0.8,banana,0.49,0.61
41156,0.3,1.7,wheat,0.89,0.52
22249,0.02,3.3,banana,1.72,0.52
34555,0.33,3.1,tea,1.99,0.64
11890,0.05,1.4,maize,0.61,0.44
18117,0.1,10.9,potato,7.08,0.65
40746,0.83,1.7,wheat,0.59,0.35
6381,0.06,12.5,tea,5.72,0.46
5100,0.02,12.7,coffee,6.64,0.52
8975,0.23,1.9,coffee,1.16,0.61
21480,0.26,0.7,coffee,0.39,0.55
23484,0.0,2.6,banana,1.18,0.45
41878,0.2,3.8,maize,2.19,0.58
18246,0.13,3.6,coffee,2.08,0.58
7861,0.11,5.1,tea,3.76,0.74
16270,0.26,4.4,maize,2.34,0.53
12887,0.69,0.9,tea,0.34,0.38
40032,0.0,5.0,rice,2.89,0.58
21124,0.07,4.2,tea,2.63,0.63
5003,0.24,3.1,wheat,1.77,0.57
8976,0.48,15.0,cassava,7.38,0.49
26271,0.51,1.5,wheat,0.58,0.39
17227,0.21,13.5,potato,7.13,0.53
9068,0.8,6.3,coffee,1.9,0.3
19001,0.2,4.2,wheat,2.33,0.56
11487,0.33,5.2,tea,3.69,0.71
3077,0.02,3.1,potato,1.98,0.64
21085,0.13,4.8,coffee,2.99,0.62
41473,0.26,13.9,maize,7.93,0.57
35184,0.29,7.8,coffee,4.26,0.55
32771,0.35,9.7,cassava,5.55,0.57
41549,0.35,3.5,coffee,2.35,0.67
7682,0.82,1.1,wheat,0.43,0.39
37453,0.57,0.5,cassava,0.22,0.44
15610,0.31,7.4,potato,4.47,0.6
4689,0.06,11.1,wheat,6.06,0.55
35254,0.59,0.6,tea,0.23,0.38
861,0.14,4.8,wheat,3.36,0.7
43325,0.08,11.7,tea,9.42,0.81
17293,0.23,2.4,potato,1.37,0.57
16918,0.29,11.0,potato,6.07,0.55
30092,0.04,1.2,coffee,0.66,0.55
21461,0.0,3.3,rice,1.63,0.49
30785,0.09,4.6,rice,2.13,0.46
10173,0.23,2.0,potato,1.23,0.62
26511,0.39,2.0,tea,1.14,0.57
29666,0.03,1.0,cassava,0.51,0.51
38793,0.19,1.0,coffee,0.39,0.39
35350,0.84,1.7,tea,0.56,0.33
42391,0.01,3.1,banana,1.49,0.48
36249,0.0,0.6,banana,0.38,0.64
13058,0.21,9.8,cassava,4.43,0.45
20931,0.26,2.3,coffee,1.58,0.69
43064,0.15,1.7,potato,1.01,0.6
27678,0.03,11.2,wheat,7.7,0.69
33620,0.1,6.3,wheat,3.6,0.57
15283,0.19,1.8,tea,0.83,0.46
1576,0.14,0.9,wheat,0.48,0.53
15045,0.61,0.8,wheat,0.35,0.44
1985,0.35,1.0,potato,0.6,0.6
15296,0.27,1.1,cassava,0.53,0.48
36862,0.13,2.2,wheat,0.97,0.44
12628,0.25,1.5,potato,0.89,0.59
3697,0.39,4.1,potato,2.31,0.56
16612,0.25,3.1,cassava,1.56,0.5
24223,0.75,1.3,coffee,0.43,0.33
31070,0.38,1.8,tea,1.2,0.67
11854,0.1,3.1,coffee,1.59,0.51
33031,0.1,3.6,coffee,1.88,0.52
13985,0.11,3.3,wheat,1.52,0.46
7811,0.01,3.9,wheat,1.63,0.42
37789,0.06,2.4,maize,1.39,0.58
12774,0.31,1.0,potato,0.49,0.49
11832,0.01,4.8,tea,3.05,0.64
2146,0.0,1.4,banana,0.75,0.54
18340,0.06,0.7,banana,0.37,0.53
33485,0.17,1.9,tea,1.49,0.78
1647,0.07,2.2,wheat,0.85,0.39
16379,0.31,14.3,potato,8.74,0.61
42129,0.4,4.3,cassava,2.28,0.53
44982,0.0,3.3,wheat,1.55,0.47
23677,0.0,4.0,rice,2.24,0.56
43630,0.13,3.3,tea,2.78,0.84
26216,0.44,11.7,maize,5.92,0.51
38093,0.02,1.2,banana,0.72,0.6
13377,0.0,2.1,rice,1.54,0.73
14782,0.24,2.5,potato,1.46,0.58
7609,0.22,1.3,coffee,0.47,0.36
22744,0.07,3.2,tea,2.18,0.68
33874,0.11,8.2,wheat,5.67,0.69
40707,0.85,4.8,wheat,2.01,0.42
27161,0.1,1.0,tea,0.77,0.77
3444,0.26,8.0,banana,3.34,0.42
16293,0.09,1.2,tea,0.94,0.78
35818,0.31,2.3,potato,1.35,0.59
30648,0.2,5.1,banana,1.69,0.33
3214,0.05,9.2,coffee,4.68,0.51
13999,0.42,6.0,cassava,2.35,0.39
10901,0.12,1.2,wheat,0.67,0.56
21229,0.0,3.0,wheat,1.8,0.6
16889,0.0,4.4,rice,2.19,0.5
27487,0.08,4.7,rice,2.17,0.46
39239,0.16,3.8,cassava,1.63,0.43
43961,0.82,4.6,cassava,1.78,0.39
45119,0.62,1.2,cassava,0.67,0.56
36272,0.02,2.6,potato,1.64,0.63
37874,0.7,0.6,wheat,0.22,0.37
10713,0.11,1.0,banana,0.52,0.52
17720,0.7,1.2,maize,0.57,0.48
19051,0.28,0.9,potato,0.53,0.59
5114,0.01,13.2,cassava,4.75,0.36
26810,0.1,4.0,rice,2.4,0.6
42587,0.11,8.2,maize,3.55,0.43
40454,0.11,6.4,wheat,2.87,0.45
13705,0.5,3.4,cassava,1.35,0.4
2848,0.22,1.5,coffee,0.52,0.35
39975,0.79,4.5,wheat,2.37,0.53
43565,0.29,11.2,cassava,4.43,0.4
5836,0.04,3.1,rice,2.08,0.67
18142,0.12,1.7,banana,0.97,0.57
17121,0.04,4.8,banana,2.36,0.49
34577,0.02,1.2,coffee,0.47,0.4
42494,0.01,1.1,banana,0.55,0.5
42774,0.12,12.9,banana,6.19,0.48
18495,0.78,1.4,potato,0.66,0.47
35680,0.1,0.8,potato,0.47,0.59
11897,0.83,3.9,potato,1.99,0.51
41787,0.18,4.8,wheat,1.96,0.41
34083,0.42,5.2,cassava,2.47,0.48
27317,0.0,2.3,wheat,1.22,0.53
45108,0.01,4.1,wheat,2.8,0.68
24888,0.7,3.2,wheat,1.36,0.43
9205,0.22,4.3,potato,2.18,0.51
22737,0.39,1.4,tea,0.96,0.69
18332,0.22,2.4,cassava,0.81,0.34
17237,0.0,3.0,banana,1.01,0.34
36317,0.61,3.1,cassava,1.64,0.53
5159,0.02,0.9,coffee,0.49,0.55
5598,0.4,2.8,potato,1.46,0.52
21095,0.06,1.6,coffee,0.8,0.5
26632,0.7,3.4,tea,1.69,0.5
38778,0.2,3.9,wheat,1.9,0.49
18532,0.02,2.4,coffee,1.21,0.5
9398,0.15,0.7,potato,0.42,0.6
8557,0.13,4.9,potato,3.31,0.68
40499,0.12,0.5,tea,0.34,0.69
24356,0.21,14.2,potato,9.09,0.64
8659,0.21,3.8,potato,1.97,0.52
31669,0.31,14.3,cassava,8.06,0.56
25691,0.3,3.2,coffee,2.0,0.62
10240,0.73,2.9,wheat,1.33,0.46
27995,0.37,2.7,coffee,1.79,0.66
13656,0.11,1.1,coffee,0.5,0.45
17324,0.75,3.5,cassava,1.8,0.51
25087,0.07,1.9,coffee,0.93,0.49
5377,0.07,1.4,banana,0.65,0.47
19785,0.15,2.7,coffee,1.17,0.43
31507,0.06,0.5,wheat,0.26,0.53
24705,0.05,1.1,cassava,0.57,0.52
42400,0.78,0.9,wheat,0.43,0.48
33258,0.23,1.4,potato,0.86,0.62
17134,0.03,0.8,coffee,0.44,0.55
43155,0.74,4.6,wheat,2.39,0.52
26835,0.35,2.0,coffee,1.15,0.58
29101,0.08,14.7,wheat,7.61,0.52
35641,0.08,2.0,wheat,1.09,0.54
27977,0.13,4.2,tea,3.73,0.89
4845,0.32,3.6,tea,1.73,0.48
23737,0.03,1.9,maize,1.04,0.55
31013,0.83,1.2,wheat,0.58,0.49
42699,0.04,0.5,rice,0.31,0.63
19025,0.32,0.5,potato,0.28,0.56
3095,0.0,2.8,banana,1.25,0.44
17476,0.21,0.8,maize,0.43,0.54
15039,0.01,0.7,rice,0.39,0.56
18370,0.16,4.5,wheat,2.74,0.61
32405,0.33,1.7,potato,0.96,0.57
26982,0.18,7.4,potato,4.67,0.63
34472,0.08,4.4,cassava,1.66,0.38
6839,0.14,3.3,tea,2.35,0.71
30424,0.29,1.1,rice,0.59,0.54
26921,0.31,1.8,tea,0.85,0.47
36043,0.23,3.2,coffee,1.65,0.52
27416,0.0,2.3,rice,1.36,0.59
42678,0.01,4.9,coffee,2.31,0.47
38577,0.4,14.3,maize,7.24,0.51
37649,0.12,2.0,cassava,1.21,0.61
35520,0.02,5.3,coffee,2.96,0.56
20314,0.07,3.8,rice,2.79,0.74
22759,0.52,2.0,wheat,0.96,0.48
20494,0.11,5.0,banana,2.19,0.44
21679,0.08,1.9,rice,1.24,0.65
9266,0.17,4.0,coffee,2.28,0.57
28238,0.26,0.8,wheat,0.34,0.42
9103,0.0,4.3,banana,1.49,0.35
1822,0.0,6.5,rice,3.29,0.51
20761,0.44,2.8,tea,1.2,0.43
34167,0.0,3.7,wheat,1.88,0.51
30395,0.44,2.2,maize,0.93,0.42
25975,0.06,1.4,wheatn,0.95,0.68
35384,0.88,5.2,wheat,1.98,0.38
27432,0.27,1.3,potato,0.71,0.54
32401,0.13,2.9,potato,1.98,0.68
41756,0.0,2.2,wheat,1.13,0.52
45153,0.1,1.0,banana,0.51,0.51
9645,0.25,1.3,banana,0.65,0.5
20302,0.14,5.0,cassava,2.18,0.44
31002,0.0,0.7,banana,0.29,0.42
3021,0.27,1.1,cassava,0.67,0.61
24424,0.28,3.9,coffee,2.61,0.67
29473,0.01,1.6,banana,0.7,0.44
43426,0.43,5.6,potato,3.3,0.59
11660,0.25,1.1,tea,0.78,0.71
10072,0.21,2.2,wheat,1.03,0.47
9647,0.23,10.6,coffee,5.48,0.52
21399,0.91,3.9,wheat,1.95,0.5
29542,0.66,2.3,wheat,1.24,0.54
27089,0.21,2.5,wheat,1.43,0.57
42742,0.14,12.8,banana,7.12,0.56
24308,0.01,1.3,banana,0.57,0.44
26387,0.06,10.0,tea,6.62,0.66
11163,0.16,4.4,wheat,2.53,0.57
36559,0.22,1.5,maize,0.6,0.4
17664,0.06,4.2,cassava,1.99,0.47
43129,0.07,11.4,coffee,6.1,0.54
37829,0.07,4.2,wheat,2.23,0.53
31762,0.77,13.9,coffee,4.5,0.32
22498,0.15,2.2,cassava,1.28,0.58
22922,0.12,3.5,cassava,1.9,0.54
4047,0.24,1.9,rice,1.36,0.71
1554,0.2,2.4,maize,1.35,0.56
8442,0.2,1.5,coffee,0.49,0.33
10981,0.0,14.7,rice,7.45,0.51
39818,0.2,4.8,wheat,2.85,0.59
36201,0.15,1.0,cassava,0.55,0.55
15719,0.12,0.7,rice,0.4,0.57
17742,0.64,4.4,cassava,1.58,0.36
2399,0.36,3.6,tea,2.55,0.71
12104,0.76,4.6,banana,1.34,0.29
35541,0.07,3.5,banana,1.7,0.48
10520,0.88,1.9,potato,0.98,0.52
25672,0.29,4.7,cassava,1.97,0.42
11619,0.02,0.8,banana,0.31,0.39
9403,0.87,3.5,cassava,1.91,0.55
43893,0.16,2.4,tea,2.03,0.84
30322,0.31,0.8,wheat,0.38,0.47
7844,0.0,9.0,cassava,3.31,0.37
42371,0.14,5.0,coffee,2.17,0.43
3416,0.16,3.4,potato,1.96,0.58
6912,0.0,1.5,cassava,0.73,0.49
30223,0.07,3.7,cassava,2.16,0.59
22600,0.32,2.8,wheat,1.9,0.68
16399,0.01,3.6,maize,2.1,0.58
33820,0.23,3.7,tea,1.59,0.43
35902,0.31,2.3,potato,1.31,0.57
416,0.0,6.3,banana,2.3,0.36
21671,0.35,3.3,potato,2.1,0.64
16224,0.44,1.6,maize,0.84,0.52
6759,0.85,0.9,cassava,0.43,0.47
11035,0.33,0.8,tea,0.54,0.67
13143,0.15,1.0,wheat,0.46,0.46
3031,0.15,11.9,banana,7.54,0.63
17990,0.07,2.1,coffee,1.02,0.48
43049,0.24,1.1,wheat,0.58,0.53
4028,0.31,1.0,potato,0.6,0.6
22236,0.19,2.0,cassava,1.07,0.53
7822,0.29,5.8,tea,4.11,0.71
40504,0.07,2.7,banana,1.52,0.56
19594,0.14,0.8,maize,0.53,0.67
20740,0.09,14.1,maize,8.62,0.61
44540,0.01,1.2,potato,0.81,0.67
37458,0.35,10.4,tea,6.65,0.64
42547,0.06,7.9,tea,5.54,0.7
13670,0.03,10.2,coffee,4.51,0.44
11313,0.12,2.0,banana,1.02,0.51
37390,0.18,1.8,cassava,0.77,0.43
19347,0.0,7.3,coffee,3.83,0.53
37210,0.25,5.1,potato,3.31,0.65
6868,0.24,2.9,wheat,1.45,0.5
5564,0.0,3.6,wheatn,1.83,0.51
16773,0.44,12.4,wheat,6.38,0.51
41350,0.21,2.7,wheat,1.6,0.59
29875,0.0,10.2,wheat,5.11,0.5
98,0.04,1.7,cassava,0.83,0.49
5854,0.3,6.1,maize,2.72,0.45
7406,0.35,12.4,wheat,4.8,0.39
41810,0.23,4.6,wheat,2.66,0.58
7298,0.12,5.2,cassava,2.59,0.5
13713,0.27,2.0,potato,1.2,0.6
4265,0.3,14.0,cassava,5.66,0.4
45015,0.28,3.8,potato,2.21,0.58
36476,0.36,1.1,tea,0.6,0.55
26078,0.12,4.0,tea,3.44,0.86
30847,0.21,3.0,wheat,1.61,0.54
2388,0.17,0.9,wheat,0.59,0.65
30318,0.01,0.6,banana,0.34,0.57
7557,0.02,0.8,tea,0.55,0.68
31605,0.25,1.9,cassava,0.87,0.46
26764,0.04,2.5,wheat,1.24,0.49
31067,0.21,1.0,wheat,0.59,0.59
28663,0.4,1.5,potato,0.85,0.57
32538,0.38,0.6,banana,0.35,0.58
37888,0.0,1.1,wheat,0.57,0.52
11212,0.13,3.9,tea,1.92,0.49
17192,0.68,4.2,cassava,1.83,0.43
34424,0.06,4.0,cassava,1.41,0.35
21388,0.02,13.2,wheat,6.76,0.51
3753,0.06,1.9,wheat,0.84,0.44
39863,0.09,1.5,tea,1.18,0.79
37136,0.0,4.5,banana,2.13,0.47
35000,0.0,4.4,rice,2.49,0.57
28450,0.15,2.4,wheat,1.36,0.57
2020,0.2,0.6,maize,0.31,0.51
5370,0.27,11.6,rice,5.69,0.49
27003,0.12,4.2,tea,3.2,0.76
6735,0.28,3.3,maize,1.5,0.45
35667,0.04,4.0,wheat,2.08,0.52
21308,0.25,11.6,tea,7.31,0.63
34338,0.22,5.1,wheat,2.81,0.55
14279,0.2,5.6,tea,2.55,0.46
32773,0.04,1.0,wheat,0.54,0.54
1508,0.03,4.9,cassava,2.53,0.52
40926,0.32,3.6,coffee,1.36,0.38
18701,0.26,1.9,tea,1.42,0.75
37955,0.19,4.5,potato,2.69,0.6
42187,0.28,1.8,wheat,0.99,0.55
26379,0.36,1.0,tea,0.69,0.69
18633,0.85,1.5,wheat,0.61,0.41
28917,0.1,1.0,wheat,0.59,0.59
36903,0.23,4.8,tea,3.71,0.77
2507,0.32,1.0,cassava,0.51,0.51
41284,0.02,2.7,banana,1.47,0.54
8939,0.48,12.8,tea,5.9,0.46
17967,0.0,0.6,maize,0.38,0.63
9935,0.06,2.4,banana,0.82,0.34
13759,0.02,1.6,banana,0.65,0.41
4253,0.05,3.9,banana,1.45,0.37
40787,0.01,1.1,coffee,0.52,0.47
12114,0.3,8.2,maize,4.16,0.51
42981,0.01,3.5,wheat,1.82,0.52
25355,0.15,0.9,tea,0.5,0.55
953,0.04,2.9,wheat,1.5,0.52
39120,0.01,4.3,cassava,1.59,0.37
6592,0.39,1.0,cassava,0.54,0.54
3161,0.15,0.7,wheat,0.35,0.5
28445,0.12,4.9,teaa,3.81,0.78
29451,0.06,1.0,coffee,0.52,0.52
30571,0.07,1.1,coffee,0.64,0.58
19068,0.14,11.8,wheat,6.85,0.58
23670,0.22,10.4,tea,7.61,0.73
2658,0.12,14.3,tea,10.01,0.7
17432,0.42,1.4,wheat,0.76,0.55
11099,0.07,2.1,wheat,1.1,0.53
32650,0.16,10.1,tea,7.16,0.71
33881,0.01,1.1,cassava,0.68,0.61
22817,0.21,0.7,maize,0.38,0.55
36699,0.0,4.7,banana,1.88,0.4
37630,0.23,3.2,wheat,2.3,0.72
20935,0.18,1.1,rice,0.68,0.62
2666,0.0,4.0,banana,1.67,0.42
29740,0.0,2.5,banana,1.28,0.51
35827,0.17,3.9,potato,2.49,0.64
21333,0.08,1.2,potato,0.68,0.56
37170,0.05,2.5,wheatn,1.33,0.53
23106,0.02,9.5,cassava,4.89,0.51
32787,0.0,4.6,wheat,2.4,0.52
10963,0.27,3.4,wheat,2.02,0.59
44827,0.3,5.6,potato,3.36,0.6
32782,0.45,0.6,maize,0.28,0.47
31096,0.23,6.5,coffee,2.38,0.37
3893,0.11,1.4,wheat,0.74,0.53
25014,0.01,2.3,wheat,1.35,0.59
35279,0.88,1.1,wheat,0.43,0.39
847,0.23,9.1,wheat,5.51,0.61
32612,0.8,0.7,potato,0.33,0.47
30660,0.23,1.0,potato,0.55,0.55
42309,0.01,2.0,banana,0.82,0.41
18188,0.16,3.5,cassava,1.99,0.57
28435,0.51,1.6,cassava,0.91,0.57
5323,0.25,1.3,wheat,0.58,0.44
13077,0.29,14.5,tea,11.03,0.76
42651,0.15,2.5,tea,1.77,0.71
34957,0.31,1.8,tea,0.92,0.51
7560,0.13,2.2,coffee,0.99,0.45
16941,0.29,2.1,wheat,1.22,0.58
24391,0.02,2.3,wheat,1.19,0.52
16221,0.26,4.3,tea,2.88,0.67
10175,0.0,3.4,wheat,1.59,0.47
26002,0.22,5.7,potato,3.55,0.62
7525,0.0,5.4,rice,2.77,0.51
11368,0.33,4.3,tea,2.66,0.62
21824,0.07,12.7,tea,10.05,0.79
17016,0.69,2.7,banana,1.09,0.41
32798,0.16,13.1,cassava,4.88,0.37
16595,0.08,1.3,coffee,0.65,0.5
35420,0.01,1.8,banana,0.79,0.44
39985,0.24,4.1,coffee,2.65,0.65
40081,0.14,1.3,coffee,0.41,0.32
30584,0.0,3.7,banana,1.59,0.43
25837,0.15,4.9,maize,2.52,0.51
38123,0.18,1.5,wheat,0.95,0.63
2290,0.2,1.3,wheat,0.74,0.57
43894,0.23,0.6,potato,0.36,0.6
4519,0.33,2.2,cassava,1.27,0.58
8279,0.03,0.7,rice,0.49,0.71
28065,0.0,0.7,tea,0.59,0.84
41683,0.16,4.4,potato,2.8,0.64
20579,0.52,14.0,potato,7.71,0.55
10477,0.22,0.8,rice,0.48,0.6
36056,0.29,1.2,wheat,0.61,0.51
34819,0.02,4.2,coffee,1.86,0.44
34776,0.03,1.7,banana,0.86,0.51
14180,0.6,3.3,wheat,1.79,0.54
36585,0.11,10.3,wheat,5.41,0.53
26071,0.03,0.8,banana,0.36,0.45
27522,0.04,13.5,tea,6.62,0.49
23520,0.94,1.5,cassava,0.41,0.27
19603,0.87,14.2,tea,5.19,0.37
33745,0.31,8.8,potato,4.9,0.56
17235,0.81,2.4,cassava,1.14,0.47
9126,0.12,4.0,wheat,2.72,0.68
20911,0.03,2.2,banana,0.94,0.43
42030,0.11,4.7,potato,2.77,0.59
12784,0.05,2.6,coffee,1.39,0.54
29172,0.14,1.6,tea,1.22,0.76
39533,0.0,4.4,banana,1.72,0.39
1453,0.03,4.7,coffee,1.83,0.39
14458,0.02,7.3,banana,4.44,0.61
26229,0.36,2.5,coffee,1.09,0.44
13033,0.41,2.0,wheat,1.23,0.61
5687,0.0,3.1,banana,1.67,0.54
4726,0.43,1.1,wheat,0.42,0.39
18397,0.96,8.9,cassava,4.76,0.53
5893,0.0,5.6,rice,3.3,0.59
16898,0.19,2.3,potato,1.28,0.56
25778,0.08,3.4,tea,2.6,0.77
41876,0.2,1.2,potato,0.77,0.64
42121,0.02,2.3,potato,1.42,0.62
23722,0.24,1.4,tea,1.06,0.76
9132,0.27,2.7,banana,1.5,0.56
8718,0.07,1.9,coffee,0.83,0.44
9020,0.23,4.6,maize,2.66,0.58
18997,0.07,3.0,wheat,1.5,0.5
24525,0.07,5.3,banana,2.76,0.52
42988,0.53,1.1,cassava,0.61,0.55
26153,0.2,0.5,wheat,0.26,0.52
7679,0.22,3.4,wheat,1.45,0.43
5766,0.23,2.3,potato,1.18,0.51
23323,0.98,2.3,banana,0.74,0.32
25719,0.22,4.6,coffee,1.94,0.42
2194,0.28,4.0,cassava,1.71,0.43
15075,0.89,4.7,wheat,2.44,0.52
8919,0.08,11.4,coffee,5.43,0.48
7029,0.17,1.8,tea,1.06,0.59
29436,0.07,14.9,cassava,6.93,0.47
30207,0.21,0.8,potato,0.5,0.63
44137,0.0,2.9,rice,1.55,0.53
14341,0.47,2.5,wheat,1.27,0.51
23612,0.1,2.8,wheat,1.17,0.42
28078,0.0,1.7,wheat,0.84,0.5
39794,0.06,2.5,maize,1.62,0.65
8875,0.48,3.9,banana,1.91,0.49
34453,0.27,1.1,potato,0.73,0.67
29953,0.14,1.9,banana,1.12,0.59
8763,0.91,4.4,cassava,2.17,0.49
36666,0.05,1.2,wheat,0.58,0.48
12103,0.05,1.7,cassava,0.9,0.53
3277,0.02,1.5,coffee,0.62,0.41
6400,0.07,7.1,wheat,4.21,0.59
32611,0.0,1.0,coffee,0.52,0.52
19962,0.14,1.6,cassava,0.62,0.39
42909,0.29,4.9,potato,2.86,0.58
22589,0.25,1.1,maize,0.52,0.48
5579,0.26,4.0,coffee,1.58,0.39
7427,0.01,2.1,banana,0.8,0.38
36338,0.28,4.3,tea,2.09,0.49
44177,0.04,2.2,wheat,1.53,0.7
35832,0.7,1.0,cassava,0.53,0.53
36786,0.26,4.1,tea,2.42,0.59
45083,0.03,3.3,tea,1.81,0.55
28689,0.29,12.1,maize,5.1,0.42
14473,0.05,10.9,wheat,5.9,0.54
16635,0.0,12.7,wheat,5.92,0.47
33594,0.01,5.3,wheat,3.71,0.7
32497,0.28,1.9,potato,1.13,0.6
7449,0.06,1.2,coffee,0.47,0.4
24379,0.27,3.1,tea,1.43,0.46
9194,0.13,3.0,potato,1.69,0.56
304,0.05,3.2,maize,2.03,0.63
482,0.0,0.7,wheat,0.34,0.48
41996,0.04,5.9,cassava,2.35,0.4
40235,0.34,3.2,potato,1.69,0.53
17149,0.15,5.1,wheat,2.76,0.54
6703,0.0,2.2,banana,0.82,0.37
3445,0.04,4.7,coffee,2.28,0.49
44309,0.3,4.7,maize,2.1,0.45
13488,0.31,2.4,potato,1.45,0.6
42674,0.33,2.0,wheat,1.11,0.56
1418,0.06,0.8,wheat,0.37,0.47
4012,0.11,1.9,tea,1.47,0.77
10099,0.21,4.6,wheat,2.23,0.49
42923,0.12,9.7,banana,5.23,0.54
25973,0.58,0.6,wheat,0.25,0.41
13626,0.03,4.4,coffee,2.37,0.54
28787,0.2,4.2,wheat,2.43,0.58
7503,0.17,11.7,wheat,6.69,0.57
18524,0.14,4.7,coffee,3.01,0.64
32153,0.04,1.4,coffee,0.71,0.51
26281,0.01,4.5,coffee,2.44,0.54
31176,0.19,2.3,potato,1.32,0.57
30074,0.31,4.6,maize,2.34,0.51
37289,0.12,1.6,wheat,0.77,0.48
20458,0.0,3.3,wheat,1.95,0.59
22404,0.26,4.9,wheat,2.23,0.46
22996,0.0,1.6,wheat,0.67,0.42
41088,0.08,6.6,potato,4.31,0.65
6308,0.04,4.7,potato,2.62,0.56
35683,0.26,0.9,potato,0.56,0.63
40105,0.22,2.3,tea,1.32,0.58
32362,0.11,3.5,coffee,1.85,0.53
40594,0.04,1.1,maize,0.77,0.7
22786,0.22,1.6,tea,1.0,0.63
30384,0.05,9.2,coffee,3.66,0.4
38363,0.29,14.4,potato,8.29,0.58
32436,0.24,3.8,potato,2.06,0.54
43992,0.05,4.0,tea,2.5,0.62
34189,0.03,4.2,tea,2.76,0.66
14277,0.86,7.0,wheat,3.42,0.49
38301,0.21,1.4,tea,0.92,0.66
31938,0.11,6.0,coffee,2.94,0.49
1687,0.12,4.4,tea,2.82,0.64
3482,0.07,1.8,tea,1.49,0.83
44051,0.01,1.6,maize,0.99,0.62
20395,0.02,1.9,banana,0.97,0.51
1699,0.48,12.3,wheat,5.9,0.48
31745,0.39,0.8,potato,0.5,0.62
29035,0.04,1.5,coffee,0.67,0.45
38875,0.06,2.7,tea,1.68,0.62
41177,0.33,1.7,potato,0.99,0.58
30371,0.66,2.5,wheat,1.0,0.4
4500,0.73,3.2,wheat,1.47,0.46
43093,0.07,4.7,potato,2.68,0.57
33550,0.19,4.5,tea,2.32,0.52
35878,0.51,9.3,coffee,4.18,0.45
6075,0.17,3.3,wheat,1.91,0.58
38463,0.28,14.5,wheat,8.71,0.6
24168,0.13,1.6,tea,1.35,0.85
28616,0.79,1.7,potato,0.78,0.46
5751,0.28,11.3,wheat,7.31,0.65
3855,0.12,2.2,wheat,1.47,0.67
39982,0.03,1.0,cassava,0.61,0.61
41870,0.0,12.1,banana,5.25,0.43
5411,0.07,4.0,potato,2.51,0.63
31683,0.41,1.5,wheat,0.76,0.51
6585,0.42,3.5,maize,1.73,0.49
11933,0.01,0.8,cassava,0.29,0.36
22543,0.81,1.4,coffee,0.27,0.2
45106,0.03,2.0,wheat,1.21,0.6
38247,0.24,13.6,maize,7.91,0.58
13263,0.25,1.1,tea,0.49,0.44
6892,0.18,13.4,potato,7.71,0.58
29438,0.19,5.1,coffee,2.33,0.46
1731,0.03,1.0,maize,0.69,0.69
10463,0.21,1.1,tea,0.86,0.78
41677,0.17,1.9,wheat,1.27,0.67
5211,0.11,0.8,wheat,0.46,0.57
2901,0.06,1.1,rice,0.73,0.66
18357,0.3,4.0,wheat,1.81,0.45
25211,0.09,1.7,wheat,0.8,0.47
3628,0.58,4.2,coffee,0.97,0.23
31942,0.05,12.1,coffee,5.13,0.42
31271,0.15,2.0,tea,1.55,0.77
37030,0.59,3.7,wheat,1.37,0.37
6065,0.63,1.4,cassava,0.71,0.51
11671,0.0,7.8,banana,2.89,0.37
4201,0.2,1.0,tea,0.51,0.51
36246,0.12,1.6,maize,0.93,0.58
7827,0.05,3.6,wheat,1.84,0.51
9006,0.36,6.6,potato,3.53,0.53
16752,0.17,4.2,wheat,2.49,0.59
39672,0.25,1.1,wheat,0.7,0.64
28871,0.2,7.4,potato,4.3,0.58
21588,0.05,2.7,tea,1.84,0.68
24878,0.34,7.4,tea,4.77,0.64
41544,0.01,4.7,banana,1.72,0.37
29258,0.14,2.3,maize,1.46,0.64
34522,0.93,10.5,potato,5.23,0.5
11070,0.3,2.3,potato,1.35,0.59
28168,0.0,1.2,wheat,0.6,0.5
35255,0.21,3.9,tea,1.59,0.41
11625,0.17,1.1,maize,0.71,0.65
11086,0.06,1.7,banana,0.89,0.52
6904,0.36,1.8,tea,1.19,0.66
2237,0.35,2.8,cassava,1.72,0.61
20397,0.67,4.1,wheat,1.24,0.3
4564,0.22,4.7,maize,3.0,0.64
29766,0.26,4.1,cassava,2.33,0.57
20136,0.51,1.2,potato,0.59,0.49
41272,0.31,0.7,tea,0.51,0.73
41864,0.36,1.6,tea,0.8,0.5
18314,0.01,13.8,wheat,10.23,0.74
36525,0.04,4.1,tea,2.7,0.66
16599,0.07,1.4,coffee,0.64,0.46
28634,0.14,0.7,cassava,0.38,0.54
4203,0.9,4.2,coffee,1.24,0.29
28717,0.21,4.0,wheat,2.17,0.54
23974,0.24,1.2,banana,0.7,0.59
37536,0.32,0.9,tea,0.35,0.38
14766,0.05,3.2,banana,1.99,0.62
8858,0.0,2.8,banana,1.01,0.36
23842,0.88,4.0,wheat,0.94,0.24
19976,0.41,3.5,wheat,1.31,0.37
36796,0.34,1.5,potato,0.98,0.66
18004,0.91,3.4,cassava,1.81,0.53
16188,0.04,0.5,wheat,0.28,0.57
7780,0.18,1.0,potato,0.58,0.58
40974,0.0,2.0,rice,1.13,0.57
25237,0.1,1.0,wheat,0.4,0.4
19358,0.46,7.4,maize,3.25,0.44
38025,0.05,4.0,coffee,1.78,0.44
29608,0.02,1.5,potato,0.95,0.63
25320,0.28,3.0,banana,1.29,0.43
9701,0.2,2.8,potato,1.68,0.6
12929,0.04,12.9,wheat,6.62,0.51
26778,0.21,4.2,coffee,1.56,0.37
491,0.64,3.8,wheat,1.09,0.29
26985,0.3,1.0,tea,0.47,0.47
20477,0.33,3.1,coffee,1.6,0.52
20699,0.16,11.7,wheat,7.23,0.62
18661,0.31,4.1,maize,1.93,0.47
32697,0.33,0.9,maize,0.49,0.54
25887,0.0,1.1,coffee,0.42,0.38
16196,0.08,0.9,banana,0.34,0.38
37152,0.45,1.5,wheat,0.72,0.48
12354,0.07,1.0,potato,0.58,0.58
7497,0.14,6.4,tea,5.07,0.79
31332,0.09,1.9,tea,1.12,0.59
27581,0.01,5.6,coffee,3.15,0.56
16936,0.04,1.6,potato,1.06,0.66
10445,0.07,14.8,potato,9.88,0.67
29039,0.1,2.0,coffee,0.96,0.48
4506,0.11,9.4,cassava,4.84,0.52
31202,0.1,1.5,maize,1.01,0.68
18985,0.45,3.8,tea,2.32,0.61
902,0.15,0.8,wheat,0.41,0.52
29716,0.01,4.3,coffee,2.23,0.52
40953,0.96,0.5,tea,0.22,0.44
25245,0.11,1.7,tea,1.24,0.73
6936,0.01,0.6,tea,0.49,0.82
9254,0.04,0.8,wheat,0.47,0.59
41223,0.44,4.2,tea,2.73,0.65
21539,0.28,0.9,wheat,0.42,0.47
44426,0.38,3.8,wheat,1.86,0.49
14363,0.54,2.7,tea,1.14,0.42
30211,0.03,2.4,cassava,1.34,0.56
14000,0.92,8.2,cassava,4.01,0.49
39992,0.0,4.7,coffee,2.32,0.49
34088,0.01,1.9,coffee,1.0,0.53
40259,0.01,5.4,banana,2.9,0.54
12527,0.72,2.0,potato,1.08,0.54
28158,0.29,0.9,wheat,0.44,0.48
40536,0.01,4.9,wheat,2.57,0.52
11930,0.34,3.2,tea,2.09,0.65
38171,0.07,2.9,wheat,1.48,0.51
1157,0.14,1.7,banana,0.96,0.57
7142,0.49,4.0,maize,1.76,0.44
36125,0.3,2.5,wheat,1.3,0.52
33587,0.03,4.3,banana,2.2,0.51
1045,0.22,9.3,tea,7.21,0.78
20797,0.06,1.3,banana,0.66,0.51
35575,0.08,3.4,cassava,2.01,0.59
14148,0.21,12.4,tea,7.88,0.64
1285,0.46,4.9,coffee,1.93,0.39
18716,0.47,1.7,wheat,1.07,0.63
18181,0.03,12.8,banana,6.36,0.5
27911,0.18,4.0,maize,2.28,0.57
35296,0.04,0.7,wheat,0.35,0.5
11762,0.04,4.1,cassava,2.13,0.52
24470,0.41,4.9,coffee,1.52,0.31
40851,0.06,4.9,coffee,2.6,0.53
34169,0.17,0.8,wheat,0.42,0.53
31686,0.46,3.7,potato,1.84,0.5
42058,0.2,0.9,tea,0.76,0.85
6072,0.06,1.8,cassava,0.96,0.53
3169,0.04,3.7,wheat,2.14,0.58
24421,0.29,2.5,coffee,0.87,0.35
28814,0.26,1.7,potato,1.02,0.6
42546,0.21,4.5,wheat,2.45,0.54
39737,0.21,13.1,coffee,7.13,0.54
19756,0.91,2.3,wheat,0.67,0.29
29350,0.02,1.8,coffee,0.84,0.47
20021,0.31,1.2,cassava,0.65,0.54
13946,0.33,1.9,potato,1.14,0.6
22234,0.27,0.8,potato,0.46,0.57
21495,0.89,8.1,potato,4.18,0.52
29347,0.04,4.6,banana,2.26,0.49
5055,0.37,4.1,potato,1.99,0.49
9786,0.17,6.6,banana,3.78,0.57
15694,0.07,0.9,tea,0.64,0.71
5343,0.37,0.9,tea,0.6,0.67
8672,0.05,0.8,wheat,0.47,0.59
17265,0.27,1.4,tea,0.9,0.65
15871,0.08,0.6,banana,0.3,0.5
34596,0.77,1.2,tea,0.41,0.34
2276,0.01,3.4,wheat,1.71,0.5
7745,0.35,2.0,tea,1.23,0.62
9931,0.93,3.6,potato,1.79,0.5
3502,0.02,2.0,wheat,0.81,0.4
37827,0.27,3.9,cassava,1.61,0.41
26977,0.0,2.1,coffee,1.16,0.55
40985,0.3,3.3,maize,1.56,0.47
17080,0.78,4.4,cassava,2.13,0.48
11778,0.04,1.2,coffee,0.63,0.53
13852,0.1,2.2,coffee,1.17,0.53
40660,0.24,1.0,wheat,0.58,0.58
35446,0.21,2.6,potato,1.58,0.61
26859,0.3,1.7,wheat,0.9,0.53
33940,0.49,2.9,cassava,1.47,0.51
21358,0.7,0.9,tea,0.46,0.52
35005,0.19,1.6,maize,0.86,0.54
17859,0.11,12.1,banana,5.85,0.48
18086,0.01,2.6,banana,1.34,0.51
31319,0.0,3.5,banana,1.42,0.41
16851,0.02,0.7,potato,0.35,0.5
32632,0.0,4.6,rice,2.28,0.5
33499,0.41,0.7,maize,0.28,0.39
23081,0.17,1.7,wheat,0.9,0.53
41676,0.92,4.9,cassava,2.72,0.56
5102,0.91,1.4,wheat,0.64,0.46
21565,0.04,4.3,coffee,2.24,0.52
36851,0.1,4.3,cassava,1.75,0.41
23701,0.88,13.8,wheat,7.02,0.51
23823,0.15,3.9,tea,2.82,0.72
43621,0.16,0.7,tea,0.5,0.72
17126,0.28,4.7,wheat,2.06,0.44
36842,0.0,4.9,wheat,2.55,0.52
409,0.07,2.1,tea,1.41,0.67
9192,0.37,8.7,cassava,5.05,0.58
25586,0.0,3.7,rice,1.97,0.53
24234,0.12,7.1,banana,4.07,0.57
957,0.06,3.6,cassava,1.58,0.44
25153,0.11,1.6,tea,1.35,0.85
3290,0.23,3.3,coffee,1.56,0.47
34576,0.08,4.9,rice,2.96,0.6
29580,0.12,4.0,cassava,1.4,0.35
35327,0.25,6.9,tea,4.06,0.59
34951,0.04,4.7,tea,3.51,0.75
44432,0.36,9.7,potato,5.41,0.56
369,0.23,4.1,potato,2.53,0.62
34010,0.09,8.7,cassava,3.26,0.37
14091,0.7,4.3,potato,2.21,0.51
29554,0.05,2.1,cassava,1.13,0.54
20798,0.21,1.7,wheat,0.75,0.44
29213,0.18,1.0,coffee,0.5,0.5
11638,0.18,4.5,wheat,2.57,0.57
30804,0.36,0.6,potato,0.34,0.57
14084,0.26,1.4,tea,0.98,0.7
17457,0.02,5.0,rice,3.5,0.7
17104,0.31,1.3,wheat,0.73,0.56
39153,0.16,4.8,maize,2.89,0.6
39988,0.02,1.6,maize,0.88,0.55
12653,0.03,0.6,rice,0.35,0.58
9048,0.19,4.9,cassava,2.55,0.52
11032,0.0,11.8,cassava,5.57,0.47
1227,0.03,12.6,tea,9.25,0.73
30002,0.04,6.8,tea,4.43,0.65
23114,0.46,1.9,maize,1.11,0.58
28066,0.42,5.5,tea,3.28,0.6
33543,0.3,0.9,wheat,0.46,0.51
32995,0.14,1.0,wheat,0.5,0.5
35366,0.16,1.1,wheat,0.55,0.5
22417,0.24,11.0,wheat,5.8,0.53
35092,0.13,2.6,tea,1.87,0.72
41704,0.22,4.6,potato,2.15,0.47
36337,0.2,10.7,tea,8.52,0.8
3309,0.31,1.3,potato,0.79,0.61
27837,0.66,10.3,tea,5.0,0.49
26812,0.01,2.2,banana,0.98,0.45
4750,0.2,1.6,potato,0.93,0.58
13308,0.56,2.9,tea,1.19,0.41
24735,0.01,2.0,potato,1.04,0.52
1905,0.11,4.1,rice,1.83,0.45
7901,0.31,2.2,potato,1.07,0.48
11247,0.31,9.2,wheat,5.43,0.59
4156,0.2,1.4,potato,0.88,0.63
943,0.0,12.1,wheat,5.6,0.46
14749,0.85,4.0,tea,1.49,0.37
30931,0.04,0.6,wheat,0.36,0.61
2762,0.21,3.6,coffee,1.42,0.4
14131,0.26,1.2,wheat,0.72,0.6
8161,0.04,1.2,tea,0.99,0.83
26628,0.01,4.1,cassava,2.08,0.51
2294,0.0,3.5,banana,1.54,0.44
9189,0.0,4.4,wheat,1.96,0.45
17095,0.02,2.8,wheat,1.72,0.62
41454,0.05,0.7,tea,0.31,0.45
40584,0.2,0.7,wheat,0.32,0.46
8755,0.05,3.7,wheat,2.03,0.55
33928,0.28,1.5,potato,0.95,0.64
12949,0.07,4.4,cassava,2.53,0.58
31263,0.25,1.3,wheat,0.66,0.5
16132,0.27,1.9,maize,0.98,0.51
33368,0.2,0.9,wheatn,0.5,0.55
43310,0.26,1.8,wheat,0.92,0.51
8206,0.68,2.0,cassava,1.05,0.52
40216,0.17,1.6,tea,1.04,0.65
289,0.3,3.9,coffee,2.08,0.53
37163,0.21,5.7,potato,2.7,0.47
18143,0.45,11.1,coffee,3.12,0.28
16658,0.06,1.2,maize,0.75,0.63
20129,0.05,4.1,coffee,1.95,0.48
15614,0.04,1.7,cassava,0.86,0.51
28037,0.01,1.1,potato,0.65,0.6
11986,0.08,6.2,banana,2.92,0.47
12793,0.01,1.6,potato,1.06,0.66
22186,0.23,0.6,potato,0.35,0.58
14989,0.0,2.7,banana,1.0,0.37
41769,0.07,2.6,coffee,1.12,0.43
31338,0.37,1.5,maize,0.75,0.5
15125,0.07,1.1,wheat,0.64,0.59
35319,0.84,10.0,tea,4.85,0.49
16730,0.05,0.8,tea,0.57,0.71
38157,0.4,12.3,potato,7.25,0.59
38263,0.08,2.8,tea,1.81,0.65
15938,0.12,4.6,potato,2.96,0.64
22952,0.31,3.2,wheat,1.47,0.46
21176,0.06,1.6,potato,0.9,0.56
21393,0.43,2.3,maize,1.45,0.63
27303,0.24,2.6,wheat,1.42,0.55
25800,0.23,3.6,wheat,2.26,0.63
40593,0.3,4.8,tea,2.2,0.46
43567,0.0,0.5,banana,0.22,0.44
4146,0.2,1.3,potato,0.76,0.59
13459,0.03,2.7,cassava,1.26,0.47
32957,0.32,3.0,wheat,1.45,0.48
14680,0.29,1.6,wheat,0.85,0.53
32656,0.35,4.8,wheat,1.87,0.39
39895,0.38,9.3,tea,6.11,0.66
19866,0.07,3.1,cassava,1.45,0.47
18115,0.5,2.6,tea,1.24,0.48
30459,0.14,3.4,tea,2.91,0.86
36653,0.0,4.0,banana,2.1,0.52
21268,0.12,1.7,coffee,0.8,0.47
26551,0.02,14.3,banana,5.67,0.4
42892,0.14,1.7,tea,1.38,0.81
33667,0.22,2.2,wheat,1.33,0.6
19205,0.11,2.2,potato,1.41,0.64
15631,0.38,13.3,tea,6.16,0.46
16750,0.19,3.8,cassava,2.37,0.62
14421,0.06,3.3,wheat,1.85,0.56
18858,0.08,1.4,coffee,0.65,0.47
7708,0.01,5.3,banana,2.06,0.39
29682,0.29,6.4,banana,3.4,0.53
43786,0.76,1.5,cassava,0.78,0.52
27755,0.35,1.5,wheat,0.83,0.55
44882,0.01,1.3,wheat,0.87,0.67
17581,0.11,1.7,coffee,0.79,0.46
36865,0.04,1.2,rice,0.68,0.56
32451,0.8,1.7,cassava,0.73,0.43
1043,0.03,4.2,wheat,2.14,0.51
25930,0.3,3.4,maize,1.84,0.54
10324,0.08,11.5,tea,9.59,0.83
7616,0.09,3.4,cassava,1.61,0.47
686,0.21,1.6,potato,0.98,0.61
4851,0.09,1.1,banana,0.54,0.49
4093,0.75,3.8,cassava,2.1,0.55
1956,0.03,12.6,rice,7.79,0.62
19652,0.36,1.1,tea,0.69,0.63
10593,0.13,4.3,cassava,2.03,0.47
40371,0.14,2.0,cassava,1.18,0.59
40250,0.2,1.5,potato,0.91,0.6
1464,0.51,1.7,banana,0.76,0.45
40365,0.29,3.2,cassava,1.56,0.49
35644,0.31,1.5,potato,0.85,0.56
25200,0.14,3.4,cassava,1.83,0.54
10480,0.02,1.2,wheat,0.68,0.57
4580,0.0,13.2,rice,8.29,0.63
43937,0.29,3.3,tea,2.08,0.63
3928,0.18,0.7,wheat,0.5,0.72
1697,0.37,3.7,cassava,1.52,0.41
28696,0.1,4.7,coffee,2.61,0.56
33296,0.17,1.7,wheat,1.04,0.61
18519,0.08,6.4,wheat,2.6,0.41
34817,0.16,1.0,wheat,0.37,0.37
13172,0.06,2.3,wheat,0.94,0.41
29449,0.89,6.8,maize,3.03,0.45
38238,0.0,0.9,rice,0.52,0.58
20371,0.71,1.2,potato,0.65,0.54
25066,0.71,3.3,tea,1.15,0.35
8994,0.09,1.1,potato,0.74,0.67
29311,0.33,8.0,potato,4.82,0.6
16123,0.4,3.8,maize,1.82,0.48
28262,0.0,1.8,wheat,0.74,0.41
42766,0.07,3.6,coffee,1.46,0.41
28260,0.29,3.9,maize,2.62,0.67
34297,0.0,0.9,banana,0.43,0.48
43119,0.29,11.4,wheat,6.04,0.53
20535,0.03,0.5,wheat,0.24,0.48
11947,0.22,10.8,wheat,6.07,0.56
27698,0.12,1.5,tea,0.83,0.55
10454,0.42,14.9,tea,10.23,0.69
35401,0.66,8.9,wheat,4.63,0.52
13041,0.21,1.1,tea,0.84,0.76
41320,0.0,0.9,coffee,0.46,0.51
609,0.3,1.1,tea,0.68,0.62
9877,0.01,3.6,banana,1.2,0.33
44071,0.16,4.1,potato,2.7,0.66
32290,0.8,1.6,wheat,0.75,0.47
26007,0.07,1.9,banana,1.26,0.66
39824,0.56,9.3,cassava,4.94,0.53
33152,0.11,1.1,wheat,0.49,0.44
26388,0.23,3.3,potato,2.22,0.67
15359,0.09,2.2,wheat,1.05,0.48
35191,0.34,0.8,potato,0.51,0.63
34281,0.55,13.5,coffee,4.32,0.32
37562,0.0,3.1,banana,1.39,0.45
6366,0.45,1.1,potato,0.59,0.54
7441,0.09,3.2,cassava,1.48,0.46
2299,0.05,10.5,wheat,4.99,0.48
7576,0.59,3.8,coffee,1.43,0.38
33265,0.0,4.7,rice,2.6,0.55
39766,0.13,1.6,wheat,0.86,0.54
8034,0.28,3.6,banana,1.14,0.32
18906,0.34,1.9,maize,0.95,0.5
24679,0.0,3.1,banana,1.48,0.48
9235,0.28,11.3,maize,5.64,0.5
43637,0.29,1.9,wheat,1.0,0.53
30906,0.12,6.4,potato,3.43,0.54
16528,0.12,3.7,coffee,1.95,0.53
40464,0.11,3.0,rice,2.01,0.67
4660,0.43,2.4,wheat,1.1,0.46
40205,0.06,3.3,coffee,1.86,0.56
12000,0.74,3.7,wheat,1.3,0.35
648,0.0,13.6,wheat,6.99,0.51
32053,0.26,4.1,maize,1.82,0.44
22156,0.0,6.2,banana,3.04,0.49
1392,0.0,8.2,rice,6.22,0.76
25610,0.29,3.3,tea,2.63,0.8
12143,0.2,3.8,banana,1.89,0.5
31536,0.36,12.5,potato,6.58,0.53
43848,0.15,8.3,tea,6.9,0.83
34147,0.21,2.6,potato,1.46,0.56
4548,0.0,14.0,banana,4.8,0.34
44244,0.53,1.5,coffee,0.56,0.37
16765,0.12,3.6,tea,3.04,0.84
3136,0.11,4.0,tea,2.38,0.59
7891,0.38,4.6,potato,2.49,0.54
17406,0.38,3.0,wheat,1.57,0.52
37237,0.07,3.8,wheat,1.79,0.47
12422,0.03,1.6,wheat,1.12,0.7
21914,0.27,3.8,potato,2.16,0.57
5215,0.03,1.1,wheat,0.67,0.61
11220,0.25,0.9,wheat,0.43,0.47
6350,0.64,3.5,coffee,1.0,0.29
27067,0.56,12.2,maize,6.56,0.54
14956,0.1,6.5,coffee,3.4,0.52
43714,0.05,10.2,banana,5.0,0.49
29131,0.27,3.7,potato,1.9,0.51
4402,0.03,1.3,rice,0.64,0.49
11511,0.08,14.5,tea,8.87,0.61
30691,0.0,4.9,wheat,2.48,0.51
21476,0.01,8.9,potato,6.0,0.67
37118,0.16,1.6,wheat,0.86,0.54
37448,0.1,0.8,tea,0.65,0.81
43678,0.08,13.5,wheat,8.79,0.65
34298,0.44,1.7,banana,0.72,0.42
2990,0.08,5.8,cassava,2.38,0.41
27653,0.05,8.9,tea,5.39,0.61
18988,0.4,3.6,cassava,1.96,0.54
9267,0.77,3.4,wheat,1.73,0.51
25952,0.3,2.4,wheat,1.04,0.43
10743,0.14,3.5,maize,2.31,0.66
23819,0.09,0.8,banana,0.45,0.57
9351,0.05,4.8,wheat,3.15,0.66
20817,0.5,13.5,cassava,5.94,0.44
8344,0.03,13.6,coffee,6.92,0.51
22086,0.31,3.6,coffee,2.03,0.56
12993,0.44,4.5,cassava,2.22,0.49
43130,0.17,4.8,tea,3.21,0.67
29940,0.0,2.3,potato,1.45,0.63
2300,0.24,11.8,potato,6.62,0.56
37277,0.14,2.1,wheat,1.2,0.57
33689,0.23,7.0,potato,3.87,0.55
19651,0.08,8.3,cassava,3.55,0.43
24571,0.21,0.6,tea,0.27,0.44
8952,0.25,1.2,wheat,0.7,0.58
43859,0.71,4.4,tea,2.29,0.52
9523,0.37,1.1,potato,0.63,0.57
19295,0.0,2.9,banana,1.02,0.35
4455,0.1,4.9,tea,3.47,0.71
18692,0.0,12.3,banana,5.63,0.46
385,0.1,4.7,coffee,2.62,0.56
6312,0.02,11.4,cassava,3.95,0.35
38226,0.09,4.9,potato,3.12,0.64
15520,0.08,4.7,banana,2.57,0.55
10369,0.07,0.7,wheat,0.49,0.7
25620,0.09,1.7,potato,1.07,0.63
1442,0.03,3.2,wheat,1.49,0.46
16334,0.19,6.6,coffee,4.19,0.64
32085,0.3,0.8,potato,0.47,0.59
42911,0.33,2.1,tea,1.72,0.82
26637,0.5,4.7,wheat,2.38,0.51
35963,0.06,1.0,tea,0.81,0.81
23726,0.27,4.4,wheat,2.18,0.5
39787,0.4,4.7,coffee,1.64,0.35
39652,0.01,1.1,coffee,0.53,0.48
33842,0.29,1.6,wheat,0.9,0.56
22512,0.34,1.4,potato,0.84,0.6
36359,0.2,3.7,wheat,1.81,0.49
32931,0.44,0.7,wheat,0.35,0.5
38617,0.04,4.3,banana,1.73,0.4
36944,0.16,2.3,tea,1.45,0.63
5522,0.03,0.6,cassava,0.32,0.54
28472,0.33,3.5,potato,1.99,0.57
30123,0.07,0.9,cassava,0.46,0.52
22983,0.0,4.5,wheat,2.24,0.5
1962,0.89,1.7,potato,0.77,0.45
22613,0.68,6.0,potato,2.98,0.5
18838,0.43,7.1,cassava,2.68,0.38
911,0.05,2.2,tea,1.59,0.72
2772,0.57,0.9,cassava,0.53,0.59
39379,0.02,1.3,wheat,0.67,0.51
24320,0.65,4.3,cassava,2.25,0.52
29822,0.02,2.7,cassava,1.29,0.48
31303,0.84,4.6,potato,2.13,0.46
31516,0.48,4.2,wheat,2.04,0.49
14768,0.06,7.9,coffee,3.84,0.49
42363,0.06,4.9,cassava,1.93,0.39
13817,0.2,1.5,potato,0.91,0.61
39052,0.44,4.7,maize,2.95,0.63
36190,0.29,2.6,wheat,1.39,0.53
20663,0.07,2.3,coffee,1.1,0.48
10339,0.02,2.3,maize,1.42,0.62
23690,0.21,3.5,tea,1.42,0.4
37340,0.16,10.9,cassava,5.18,0.47
2442,0.13,1.5,tea,1.07,0.72
15744,0.16,12.9,maize,8.3,0.64
1295,0.03,1.7,tea,0.88,0.52
34368,0.18,3.4,wheat,1.59,0.47
2649,0.46,0.9,maize,0.38,0.42
14791,0.96,2.2,tea,1.01,0.46
1807,0.1,0.5,tea,0.39,0.78
29891,0.42,4.3,wheat,2.26,0.53
32410,0.32,6.3,potato,3.65,0.58
42401,0.86,1.8,wheat,0.75,0.41
41739,0.74,1.7,tea,0.63,0.37
11730,0.14,4.2,wheat,2.85,0.68
17452,0.02,4.4,rice,2.72,0.62
14492,0.02,5.8,potato,3.75,0.65
13451,0.35,2.1,potato,1.2,0.57
26273,0.25,3.8,tea,2.7,0.71
1748,0.74,0.8,potato,0.4,0.5
2726,0.93,10.3,wheat,3.65,0.35
14725,0.03,4.7,banana,2.38,0.51
22285,0.05,8.5,wheat,6.09,0.72
21796,0.32,3.5,wheat,1.73,0.49
9658,0.05,2.5,coffee,1.43,0.57
36549,0.14,3.9,tea,2.13,0.55
23460,0.05,4.0,banana,1.92,0.48
13312,0.05,9.4,rice,5.85,0.62
4563,0.32,1.3,banana,0.79,0.61
17306,0.01,1.4,banana,0.62,0.44
32251,0.12,12.8,banana,7.02,0.55
4619,0.01,13.8,banana,5.46,0.4
18435,0.45,1.7,wheat,1.01,0.6
43340,0.18,4.9,potato,2.74,0.56
23605,0.28,9.7,wheat,6.3,0.65
29688,0.26,3.6,coffee,1.4,0.39
25644,0.05,1.2,banana,0.54,0.45
25720,0.21,1.3,tea,0.99,0.76
2158,0.1,2.7,coffee,1.44,0.53
34190,0.0,11.4,banana,5.23,0.46
18955,0.05,3.6,rice,2.39,0.66
34107,0.02,4.0,potato,2.6,0.65
26362,0.19,1.2,banana,0.56,0.47
31904,0.01,3.6,banana,1.88,0.52
38785,0.06,1.4,tea,1.08,0.77
19537,0.58,1.7,cassava,1.02,0.6
34047,0.06,2.4,wheat,1.63,0.68
3279,0.81,1.6,wheat,0.76,0.47
39115,0.04,4.2,coffee,2.09,0.5
19038,0.03,3.9,banana,1.8,0.46
3269,0.11,4.9,banana,2.5,0.51
22980,0.12,2.5,tea,1.97,0.79
31994,0.27,5.0,wheat,2.48,0.5
36521,0.29,4.2,potato,2.53,0.6
210,0.47,5.0,wheat,3.19,0.64
7262,0.37,3.3,wheat,1.5,0.45
61,0.5,6.1,cassava,2.6,0.43
536,0.11,3.7,wheat,1.62,0.44
42635,0.27,1.6,tea,1.23,0.77
32068,0.1,10.4,potato,6.31,0.61
21920,0.83,1.6,potato,0.86,0.54
19366,0.24,14.1,wheat,7.82,0.55
9928,0.03,14.4,potato,8.46,0.59
41785,0.81,0.6,maize,0.29,0.49
7267,0.11,8.8,potato,5.16,0.59
27891,0.06,4.6,banana,2.49,0.54
18129,0.05,1.4,potato,0.74,0.53
13825,0.65,3.7,wheat,1.53,0.41
20347,0.1,1.0,tea,0.63,0.63
18389,0.22,6.2,maize,3.02,0.49
15192,0.06,2.4,wheat,1.2,0.5
27858,0.29,2.2,cassava,1.21,0.55
40609,0.18,1.1,cassava,0.41,0.37
6132,0.0,6.5,wheat,4.52,0.7
38749,0.07,4.0,cassava,2.01,0.5
29000,0.12,1.1,rice,0.67,0.61
11107,0.0,0.9,rice,0.54,0.6
42796,0.83,2.3,coffee,0.71,0.31
5216,0.06,3.3,wheat,1.75,0.53
19066,0.04,1.5,tea,1.07,0.71
17090,0.09,3.8,wheat,2.17,0.57
39175,0.28,4.4,wheat,3.13,0.71
16886,0.64,0.6,maize,0.31,0.52
33360,0.27,11.4,coffee,6.11,0.54
41782,0.29,1.1,potato,0.69,0.63
740,0.12,0.6,rice,0.36,0.6
10926,0.11,2.6,cassava,1.16,0.45
14009,0.95,1.8,coffee,0.57,0.32
40863,0.19,11.6,potato,6.89,0.59
39956,0.0,10.7,rice,7.0,0.65
13326,0.05,4.4,rice,2.85,0.65
28654,0.09,1.5,tea,0.97,0.65
39661,0.03,2.9,wheat,1.51,0.52
5533,0.14,3.8,cassava,1.99,0.52
41006,0.45,4.9,coffee,1.7,0.35
6478,0.21,1.7,potato,1.02,0.6
12710,0.03,4.4,tea,2.77,0.63
43032,0.28,12.2,tea,7.82,0.64
6708,0.03,2.1,banana,0.92,0.44
41561,0.02,9.5,banana,3.07,0.32
40391,0.2,11.3,tea,8.54,0.76
23037,0.18,3.5,maize,2.16,0.62
19442,0.26,1.1,wheat,0.54,0.49
26282,0.44,3.7,potato,2.31,0.62
11732,0.04,3.5,maize,2.15,0.62
16185,0.18,4.2,potato,2.5,0.6
8908,0.0,1.2,coffee,0.55,0.46
16647,0.09,5.0,banana,2.16,0.43
29918,0.7,1.7,potato,0.89,0.52
25794,0.46,8.7,tea,4.62,0.53
22779,0.35,1.1,wheat,0.4,0.37
15469,0.14,4.9,potato,2.96,0.6
9464,0.85,2.4,wheat,0.62,0.26
27537,0.91,0.7,wheat,0.33,0.47
34465,0.18,10.7,wheat,4.87,0.46
14495,0.14,0.5,banana,0.29,0.57
12423,0.0,3.4,banana,1.46,0.43
6253,0.32,1.4,tea,0.74,0.53
6020,0.0,3.7,banana,1.6,0.43
8528,0.04,7.6,cassava,4.09,0.54
17807,0.08,0.9,tea,0.66,0.73
23448,0.02,3.0,banana,1.63,0.54
6658,0.23,1.4,tea,0.99,0.71
41868,0.76,1.4,banana,0.6,0.43
34802,0.02,0.7,tea,0.52,0.74
23261,0.0,4.5,wheat,2.14,0.47
41560,0.13,6.7,wheat,3.11,0.46
44811,0.26,1.3,coffee,0.61,0.47
14283,0.1,1.8,tea,1.55,0.86
42306,0.35,1.6,potato,0.92,0.58
17436,0.0,4.3,banana,1.82,0.42
1289,0.23,3.0,maize,1.53,0.51
39552,0.01,1.4,wheat,0.72,0.51
10253,0.64,2.3,coffee,0.62,0.27
3935,0.01,3.1,banana,1.82,0.59
11575,0.28,0.9,potato,0.4,0.44
27108,0.06,1.1,potato,0.7,0.64
8494,0.25,0.8,tea,0.33,0.41
7416,0.24,3.3,teaa,1.52,0.46
19265,0.16,1.4,potato,0.69,0.49
44255,0.1,1.3,potato,0.81,0.62
23095,0.0,3.7,wheat,1.86,0.5
1451,0.26,1.2,potato,0.71,0.6
13863,0.0,4.3,coffee,2.53,0.59
21723,0.02,9.9,wheat,4.58,0.46
21355,0.19,4.6,tea,3.71,0.81
39046,0.21,11.2,potato,5.83,0.52
2635,0.07,1.6,wheat,0.75,0.47
14857,0.27,9.7,tea,6.52,0.67
5653,0.44,1.1,potato,0.57,0.52
9571,0.23,1.1,potato,0.6,0.54
21257,0.35,5.4,banana,2.98,0.55
43511,0.05,3.8,banana,2.38,0.63
26052,0.0,1.8,tea,1.49,0.83
41243,0.3,3.4,potato,1.79,0.53
5715,0.21,3.3,potato,1.68,0.51
6600,0.06,1.5,wheat,0.74,0.49
38613,0.15,4.8,maize,2.94,0.61
33559,0.0,10.8,rice,5.72,0.53
37635,0.21,2.3,wheat,1.38,0.6
36813,0.18,5.0,potato,3.0,0.6
32094,0.4,1.8,cassava,0.86,0.48
34985,0.13,1.9,maize,1.1,0.58
9625,0.3,0.7,potato,0.43,0.61
37000,0.05,4.1,tea,3.34,0.81
20730,0.82,2.9,wheat,0.86,0.29
42396,0.23,12.8,cassava,5.84,0.46
12296,0.66,1.0,potato,0.42,0.42
22582,0.07,0.9,tea,0.53,0.59
6529,0.0,0.9,banana,0.46,0.52
34976,0.25,4.6,wheat,2.32,0.5
5175,0.16,2.3,tea,1.83,0.8
7800,0.57,3.9,coffee,1.63,0.42
39869,0.0,4.9,tea,3.88,0.79
21096,0.29,2.9,cassava,1.51,0.52
12739,0.06,1.0,coffee,0.58,0.58
31353,0.04,1.2,potato,0.68,0.56
20562,0.27,4.5,tea,3.1,0.69
12555,0.23,3.8,tea,3.2,0.84
41494,0.27,0.8,maize,0.42,0.52
27091,0.0,1.0,rice,0.58,0.58
24333,0.38,6.9,potato,3.23,0.47
31715,0.01,2.2,wheat,1.28,0.58
32159,0.24,3.3,potato,2.0,0.61
42620,0.06,1.8,wheat,0.89,0.49
40435,0.25,1.2,potato,0.8,0.67
13270,0.23,0.5,tea,0.3,0.6
40432,0.06,14.5,wheat,5.45,0.38
13517,0.03,3.5,cassava,1.3,0.37
6224,0.25,1.6,tea,1.07,0.67
43446,0.06,1.6,maize,0.98,0.61
22628,0.25,2.8,coffee,1.38,0.49
44216,0.0,2.5,banana,1.2,0.48
30973,1.0,1.4,cassava,0.42,0.3
457,0.24,0.6,tea,0.35,0.59
36214,0.31,1.7,tea,1.25,0.74
41592,0.18,12.1,banana,6.3,0.52
28775,0.14,4.4,wheat,2.69,0.61
588,0.0,2.2,banana,1.0,0.45
21149,0.01,3.8,cassava,1.6,0.42
32541,0.02,1.4,wheat,0.87,0.62
38799,0.02,3.9,maize,2.41,0.62
18729,0.34,13.5,tea,9.92,0.73
12179,0.01,2.3,rice,1.57,0.68
31502,0.09,0.8,potato,0.51,0.64
7563,0.0,3.1,banana,1.34,0.43
9062,0.22,6.7,coffee,4.53,0.68
20268,0.01,1.3,potato,0.89,0.69
10989,0.34,0.5,maize,0.24,0.48
21336,0.31,7.5,potato,4.73,0.63
10048,0.11,0.7,potato,0.41,0.58
27670,0.37,4.0,banana,2.01,0.5
20341,0.43,1.1,maize,0.57,0.52
28116,0.0,3.3,banana,1.45,0.44
43943,0.13,7.1,coffee,3.32,0.47
39457,0.12,11.9,wheat,6.04,0.51
16145,0.33,3.9,coffee,2.21,0.57
42140,0.07,1.6,tea,1.11,0.69
31908,0.43,1.3,wheat,0.54,0.41
13597,0.83,10.4,coffee,3.21,0.31
9282,0.06,4.7,potato,3.22,0.69
24081,0.29,1.6,potato,0.98,0.61
14293,0.12,0.9,banana,0.58,0.64
37719,0.26,1.7,wheat,0.66,0.39
19511,0.68,1.6,tea,0.8,0.5
22517,0.28,7.6,tea,5.26,0.69
30414,0.05,2.4,cassava,1.02,0.42
44420,0.14,9.2,wheat,6.52,0.71
16264,0.36,4.1,wheat,2.19,0.53
4401,0.61,0.6,banana,0.2,0.33
28904,0.09,3.6,wheat,1.81,0.5
2445,0.52,4.3,cassava,2.22,0.52
43304,0.15,4.6,tea,3.21,0.7
41478,0.13,2.8,tea,2.04,0.73
42043,0.03,3.1,wheat,1.4,0.45
2826,0.16,4.1,wheat,1.94,0.47
38299,0.08,0.8,coffee,0.35,0.43
42738,0.32,2.6,cassava,1.19,0.46
15022,0.31,1.0,tea,0.62,0.62
6407,0.35,1.6,tea,0.91,0.57
4256,0.01,1.8,banana,0.89,0.49
18851,0.33,1.5,potato,0.84,0.56
23579,0.23,1.0,maize,0.49,0.49
44465,0.06,2.1,potato,1.4,0.67
39220,0.0,2.4,coffee,1.2,0.5
42518,0.02,0.5,cassava,0.2,0.4
26866,0.29,1.6,banana,0.67,0.42
9810,0.13,0.6,coffee,0.29,0.48
22982,0.23,3.9,wheat,2.63,0.67
18628,0.54,5.7,tea,2.85,0.5
2088,0.14,1.6,wheat,1.04,0.65
18560,0.19,0.6,cassava,0.27,0.45
34760,0.3,2.1,tea,1.31,0.62
27642,0.3,9.6,potato,5.33,0.56
7411,0.14,10.6,tea,7.86,0.74
6394,0.0,4.9,maize,3.36,0.69
36645,0.84,1.0,tea,0.5,0.5
22664,0.08,4.3,tea,2.85,0.66
30829,0.13,1.8,coffee,0.87,0.48
16966,0.16,2.3,coffee,1.18,0.51
12968,0.0,3.6,coffee,1.95,0.54
21893,0.17,4.8,maize,2.46,0.51
27752,0.18,3.8,coffee,2.02,0.53
22395,0.13,3.3,banana,2.05,0.62
30308,0.0,2.1,banana,0.87,0.42
37700,0.43,0.6,maize,0.31,0.52
32616,0.19,1.5,wheat,0.64,0.42
10009,0.08,4.4,cassava,2.15,0.49
6434,0.01,1.7,banana,0.98,0.58
42937,0.1,2.3,cassava,0.84,0.37
27682,0.21,1.5,wheat,0.82,0.54
20987,0.0,3.1,cassava,1.27,0.41
7238,0.0,10.9,banana,5.45,0.5
25742,0.44,1.5,potato,0.78,0.52
18918,0.04,4.0,wheat,2.1,0.53
9207,0.0,6.3,wheat,3.16,0.5
42780,0.13,9.9,banana,5.72,0.58
37215,0.15,1.4,wheat,0.64,0.46
29922,0.17,4.1,cassava,1.72,0.42
22652,0.0,3.7,banana,1.31,0.35
7801,0.12,3.5,teaa,1.77,0.51
21985,0.07,1.4,potato,0.88,0.63
8239,0.91,4.0,potato,2.0,0.5
6808,0.0,4.9,coffee,2.89,0.59
15908,0.03,1.8,tea,1.16,0.64
37010,0.11,2.6,wheat,1.29,0.49
16281,0.04,2.4,wheat,1.27,0.53
13375,0.12,4.3,tea,2.75,0.64
29206,0.31,2.7,maize,1.5,0.56
44291,0.49,3.9,wheat,1.73,0.44
5225,0.07,4.7,coffee,2.45,0.52
20237,0.45,14.6,cassava,7.04,0.48
5354,0.25,1.2,wheat,0.55,0.46
10669,0.45,5.2,wheat,2.7,0.52
11642,0.75,5.3,cassava,2.56,0.48
5977,0.48,4.8,cassava,1.78,0.37
5548,0.09,7.9,wheat,4.35,0.55
19372,0.04,0.7,wheat,0.42,0.6
23619,0.21,1.7,wheat,1.03,0.61
1992,0.19,5.3,potato,3.25,0.61
23646,0.28,10.8,banana,5.63,0.52
44709,0.02,2.7,cassava,1.38,0.51
29558,0.15,1.2,wheat,0.85,0.7
29093,0.34,4.9,wheat,3.23,0.66
31392,0.53,8.6,tea,4.59,0.53
40109,0.13,0.8,tea,0.68,0.85
30110,0.24,2.5,potato,1.5,0.6
37918,0.39,2.5,wheat,1.33,0.53
17612,0.18,7.3,potato,4.54,0.62
44831,0.7,4.3,maize,1.59,0.37
5369,0.3,3.0,coffee,1.93,0.64
36393,0.05,2.0,wheat,1.0,0.5
23298,0.89,0.7,coffee,0.21,0.29
15999,0.01,8.3,banana,3.4,0.41
21202,0.59,1.1,cassava,0.59,0.54
1423,0.11,2.9,wheat,1.54,0.53
41744,0.57,4.2,banana,1.34,0.32
9384,0.1,1.8,tea,1.46,0.81
7916,0.27,1.9,potato,1.01,0.53
6969,0.02,3.2,wheat,1.43,0.45
31180,0.21,1.1,coffee,0.39,0.35
42057,0.16,4.1,tea,3.05,0.74
9830,0.62,14.5,potato,7.85,0.54
41906,0.3,8.0,potato,4.23,0.53
35707,0.26,14.1,potato,8.41,0.6
41363,0.01,2.7,rice,1.51,0.56
37718,0.01,1.9,potato,1.17,0.61
18036,0.4,0.5,potato,0.28,0.56
42507,0.07,1.2,banana,0.64,0.53
38981,0.11,4.2,wheat,2.67,0.63
38677,0.55,3.5,cassava,2.09,0.6
32308,0.18,0.7,tea,0.46,0.66
10378,0.25,12.0,tea,8.92,0.74
31453,0.0,2.3,banana,0.96,0.42
2743,0.25,1.5,tea,1.03,0.69
29747,0.0,2.6,rice,1.6,0.61
12082,0.67,1.0,cassava,0.41,0.41
1975,0.08,3.7,coffee,2.03,0.55
3547,0.2,1.1,wheat,0.61,0.55
23433,0.0,2.4,wheat,1.23,0.51
16649,0.03,1.4,potato,0.91,0.65
11483,0.25,2.5,maize,1.06,0.42
16109,0.21,4.4,tea,3.09,0.7
33288,0.0,1.5,coffee,0.83,0.55
8153,0.86,0.6,wheat,0.17,0.29
37324,0.0,0.7,wheat,0.35,0.5
31058,0.02,1.9,tea,1.28,0.67
10410,0.05,2.6,cassava,1.15,0.44
6882,0.55,4.4,tea,2.78,0.63
12033,0.02,1.7,wheat,1.13,0.66
13826,0.28,0.7,potato,0.33,0.48
27651,0.2,2.3,cassava,1.04,0.45
44450,0.23,3.4,maize,1.39,0.41
43880,0.24,3.2,cassava,1.84,0.57
17781,0.27,1.7,wheat,0.88,0.52
27341,0.02,1.2,wheat,0.56,0.47
15046,0.3,1.0,maize,0.5,0.5
19334,0.01,13.3,coffee,6.67,0.5
21841,0.37,7.7,tea,4.88,0.63
28019,0.0,4.7,wheat,2.48,0.53
33571,0.05,0.6,cassava,0.26,0.43
31760,0.01,0.8,potato,0.46,0.57
6056,0.0,1.3,banana,0.55,0.42
12058,0.38,5.4,tea,3.33,0.62
35259,0.07,4.8,wheat,2.86,0.6
12660,0.09,8.0,coffee,4.24,0.53
38549,0.01,0.5,potato,0.3,0.61
3230,0.01,2.7,cassava,1.39,0.52
16830,0.05,13.0,wheat,6.72,0.52
29974,0.13,1.7,tea,1.33,0.78
4892,0.03,13.8,rice,11.18,0.81
12285,0.0,2.9,rice,1.31,0.45
41793,0.37,3.5,potato,1.92,0.55
24823,0.18,1.4,wheat,0.98,0.7
9392,0.0,2.1,rice,1.37,0.65
26079,0.29,5.0,potato,2.96,0.59
41282,0.51,6.6,cassava,3.15,0.48
13226,0.01,4.5,banana,1.57,0.35
34652,0.04,2.9,banana,0.95,0.33
42863,0.94,0.5,tea,0.23,0.46
24838,0.09,6.5,wheat,4.27,0.66
43787,0.21,1.8,wheat,0.92,0.51
17168,0.22,3.3,wheat,1.62,0.49
41694,0.04,3.5,coffee,1.93,0.55
3242,0.1,2.0,coffee,0.9,0.45
12629,0.15,13.2,tea,10.84,0.82
37134,0.01,4.2,cassava,2.14,0.51
39636,0.3,1.8,potato,1.01,0.56
5144,0.27,1.9,potato,1.05,0.55
30250,0.05,1.1,wheat,0.65,0.59
14115,0.14,13.6,tea,7.86,0.58
9790,0.37,2.9,wheat,1.53,0.53
979,0.16,3.8,cassava,1.38,0.36
26907,0.55,0.7,tea,0.43,0.62
9803,0.07,0.8,potato,0.51,0.64
26381,0.21,1.7,potato,0.81,0.48
44441,0.0,4.8,maize,3.21,0.67
39814,0.05,3.3,coffee,2.02,0.61
13519,0.0,11.4,wheat,5.56,0.49
30034,0.07,1.8,coffee,0.82,0.45
34476,0.16,1.7,tea,1.35,0.79
31748,0.23,2.5,potato,1.48,0.59
25352,0.88,2.3,tea,1.22,0.53
12001,0.23,4.5,maize,2.3,0.51
24195,0.41,4.7,potato,2.64,0.56
3253,0.21,3.3,tea,2.37,0.72
23496,0.53,1.5,maize,0.89,0.59
42506,0.11,1.6,coffee,0.84,0.53
13501,0.83,4.2,potato,2.09,0.5
37963,0.0,14.2,banana,5.64,0.4
43900,0.16,4.6,wheat,2.5,0.54
6383,0.08,14.3,wheat,7.32,0.51
25661,0.22,2.7,wheat,1.47,0.54
30686,0.0,1.3,rice,0.66,0.5
10969,0.12,0.7,cassava,0.33,0.47
42740,0.46,2.7,coffee,0.96,0.36
44759,0.94,1.1,cassava,0.61,0.55
10822,0.03,1.4,wheat,0.81,0.58
10936,0.2,1.9,wheat,0.93,0.49
42096,0.15,1.9,cassava,0.87,0.46
12969,0.06,3.1,tea,2.43,0.78
38766,0.17,4.6,maize,2.51,0.55
21870,0.01,11.2,banana,6.53,0.58
37662,0.18,2.2,banana,1.04,0.47
41477,0.28,1.5,tea,0.98,0.65
1078,0.21,3.9,potato,2.13,0.55
34653,0.1,12.3,coffee,5.43,0.44
13581,0.11,3.4,coffee,1.96,0.58
34165,0.39,2.9,maize,1.57,0.54
22147,0.09,7.2,tea,4.14,0.58
38958,0.16,2.3,maize,1.31,0.57
2989,0.88,3.7,cassava,1.92,0.52
43835,0.09,1.2,banana,0.6,0.5
11568,0.02,3.6,banana,1.76,0.49
22221,0.61,11.3,coffee,2.75,0.24
41137,0.26,4.5,wheat,3.05,0.68
37087,0.05,3.9,banana,1.64,0.42
2814,0.23,1.6,potato,0.97,0.61
14285,0.23,3.1,wheat,1.33,0.43
31437,0.03,2.4,maize,1.68,0.7
961,0.14,3.9,potato,2.41,0.62
29190,0.15,3.5,potato,1.92,0.55
1791,0.84,11.6,cassava,5.97,0.51
19718,0.11,1.1,wheat,0.63,0.58
33567,0.1,1.8,wheat,1.27,0.71
4393,0.01,1.3,banana,0.76,0.58
44550,0.0,11.6,cassava,4.41,0.38
40645,0.33,5.8,maize,3.3,0.57
19080,0.18,4.1,tea,3.27,0.8
40427,0.01,1.5,potato,0.95,0.63
21127,0.24,5.0,tea,2.3,0.46
43712,0.38,0.8,wheat,0.38,0.48
39929,0.4,3.9,maize,1.85,0.48
43664,0.01,2.5,banana,1.32,0.53
30883,0.06,1.5,tea,1.13,0.75
41144,0.42,1.8,tea,1.21,0.67
10791,0.15,2.9,wheat,1.72,0.59
26533,0.42,1.6,potato,1.02,0.64
22267,0.83,1.5,wheat,0.69,0.46
44685,0.26,12.4,potato,6.9,0.56
27171,0.37,1.2,banana,0.57,0.47
21719,0.23,2.6,coffee,1.39,0.54
32162,0.28,1.0,maize,0.43,0.43
26501,0.27,4.0,wheat,2.37,0.59
42216,0.01,10.3,rice,8.02,0.78
35816,0.1,0.9,tea,0.63,0.7
3270,0.02,2.4,wheat,1.27,0.53
1800,0.39,3.6,tea,1.89,0.52
18398,0.08,1.9,wheat,1.13,0.59
13983,0.05,1.5,cassava,0.76,0.51
31700,0.06,2.7,wheat,1.29,0.48
33125,0.03,1.3,banana,0.66,0.51
41283,0.65,11.5,wheat,4.81,0.42
34155,0.02,1.0,tea,0.41,0.41
28968,0.03,1.4,tea,1.13,0.81
43170,0.22,4.3,tea,3.11,0.72
4034,0.27,5.8,wheat,3.23,0.56
39433,0.06,3.4,tea,2.67,0.78
42706,0.0,7.7,wheat,3.64,0.47
11550,0.01,1.0,banana,0.49,0.49
43779,0.02,6.9,tea,5.03,0.73
34062,0.39,13.8,wheat,7.04,0.51
43616,0.0,8.3,banana,3.41,0.41
23904,0.13,1.4,wheat,0.65,0.46
19034,0.35,2.7,coffee,1.49,0.55
35324,0.2,10.1,banana,4.91,0.49
36780,0.15,3.5,maize,1.9,0.54
2760,0.25,0.7,potato,0.44,0.63
2965,0.03,0.7,wheat,0.37,0.53
5325,0.08,3.2,potato,2.01,0.63
18282,0.0,2.6,banana,1.13,0.43
34003,0.25,2.9,tea,2.07,0.71
6204,0.31,3.4,wheat,1.45,0.43
31752,0.08,9.8,potato,6.02,0.61
13242,0.03,1.2,cassava,0.44,0.37
37577,0.98,4.2,cassava,1.79,0.43
21963,0.0,13.9,banana,6.52,0.47
25748,0.78,2.0,tea,0.72,0.36
22529,0.0,1.4,banana,0.54,0.38
30809,0.24,4.8,wheat,2.86,0.6
31945,0.2,4.0,tea,3.4,0.85
35050,0.32,4.8,cassava,3.1,0.65
3265,0.1,4.9,wheat,3.33,0.68
40690,0.07,1.4,coffee,0.57,0.41
9312,0.36,1.6,cassava,0.88,0.55
27612,0.15,2.9,banana,1.66,0.57
8517,0.31,2.8,potato,1.71,0.61
35309,0.28,10.4,tea,6.95,0.67
36787,0.12,5.4,coffee,2.73,0.51
11096,0.17,1.2,tea,0.52,0.44
12781,0.29,4.9,wheat,2.67,0.54
13870,0.23,3.0,wheat,1.34,0.45
20788,0.01,2.8,wheat,1.35,0.48
41641,0.32,1.9,potato,1.13,0.6
37063,0.17,3.9,tea,3.13,0.8
9976,0.27,2.7,potato,1.68,0.62
6193,0.3,4.6,potato,2.26,0.49
29151,0.08,1.5,rice,0.82,0.55
13150,0.07,12.4,banana,6.44,0.52
20940,0.0,1.8,wheatn,0.97,0.54
43378,0.31,1.7,potato,0.93,0.55
11948,0.24,3.7,maize,1.92,0.52
30637,0.03,1.7,wheat,1.1,0.65
3579,0.78,1.1,potato,0.58,0.52
42002,0.46,5.4,wheat,3.28,0.61
31888,0.02,3.1,wheat,2.0,0.64
30862,0.13,1.2,rice,0.72,0.6
7705,0.3,1.2,wheat,0.52,0.43
6483,0.2,0.9,wheat,0.4,0.45
279,0.13,4.6,rice,3.05,0.66
15603,0.05,4.9,coffee,2.47,0.51
10098,0.26,0.7,wheat,0.38,0.54
6433,0.62,3.8,wheat,1.24,0.33
6663,0.02,1.6,wheat,0.9,0.56
5360,0.02,1.2,coffee,0.55,0.46
971,0.01,2.5,rice,1.63,0.65
28587,0.01,3.8,coffee,1.98,0.52
11658,0.39,0.7,tea,0.27,0.39
5746,0.12,4.3,maize,2.26,0.53
4556,0.44,1.7,potato,0.85,0.5
15849,0.0,2.9,coffee,1.65,0.57
33699,0.0,1.2,tea,1.03,0.85
27237,0.52,4.2,coffee,1.65,0.39
1,0.21,4.1,coffee,1.49,0.36
2558,0.19,1.2,tea,0.9,0.75
22136,0.22,8.8,potato,5.61,0.64
25258,0.91,3.5,wheat,1.24,0.35
25261,0.05,9.7,banana,4.51,0.46
4217,0.27,10.0,wheat,4.95,0.49
28322,0.3,1.7,banana,0.92,0.54
7956,0.96,1.5,coffee,0.42,0.28
8801,0.08,6.6,tea,5.15,0.78
11180,0.24,2.1,wheat,0.98,0.46
14865,0.09,4.4,tea,3.04,0.69
8188,0.0,1.9,wheat,0.97,0.51
35815,0.02,2.0,wheat,0.86,0.43
12025,0.27,4.5,wheat,1.98,0.44
37902,0.0,5.5,wheat,2.0,0.36
12098,0.0,3.8,potato,2.51,0.66
38476,0.3,0.8,coffee,0.38,0.47
38651,0.51,2.6,wheat,1.06,0.41
36460,0.13,1.3,maize,0.59,0.46
3979,0.19,0.8,cassava,0.44,0.55
38133,0.11,2.6,tea,1.59,0.61
44985,0.0,14.5,wheat,7.5,0.52
26773,0.5,5.2,coffee,1.59,0.31
18798,0.8,1.7,cassava,0.94,0.55
21900,0.23,2.0,banana,0.9,0.45
27038,0.02,1.8,wheat,0.86,0.48
34667,0.85,1.8,cassava,0.59,0.33
17708,0.29,5.3,potato,3.05,0.58
26168,0.0,2.5,wheat,1.15,0.46
11902,0.08,1.9,tea,1.58,0.83
26021,0.1,4.9,banana,1.92,0.39
9880,0.0,5.7,banana,2.47,0.43
20453,0.15,4.5,tea,3.11,0.69
17008,0.71,2.8,coffee,0.68,0.24
4969,0.5,0.7,wheat,0.35,0.5
5857,0.24,1.6,potato,1.01,0.63
13610,0.0,1.2,banana,0.47,0.39
10783,0.21,4.3,potato,2.68,0.62
4056,0.0,4.5,wheat,2.38,0.53
42255,0.03,0.8,wheat,0.41,0.51
14584,0.06,10.0,tea,7.77,0.78
27656,0.03,0.9,tea,0.58,0.64
29621,0.0,4.6,banana,1.96,0.43
17348,0.34,3.6,coffee,1.32,0.37
26496,0.64,2.0,wheat,0.83,0.41
16068,0.12,13.0,banana,4.95,0.38
1072,0.0,0.9,rice,0.49,0.55
34404,0.26,1.7,wheat,0.85,0.5
34176,0.33,1.0,maize,0.59,0.59
37090,0.23,1.3,banana,0.76,0.59
26922,0.23,10.0,potato,5.94,0.59
11472,0.33,1.1,potato,0.61,0.55
19660,0.16,8.7,maize,3.81,0.44
41296,0.0,2.1,tea,1.68,0.8
33090,0.0,1.3,cassava,0.66,0.51
8375,0.26,0.5,wheat,0.23,0.45
